# Blender 5.0.1
# www.blender.org
mtllib penguin_center.mtl
o penguin_Fi
v -19.376598 65.194344 -0.311531
v -18.856796 64.158142 -1.310530
v -18.392994 66.420143 2.187469
v -18.300198 67.377548 0.193470
v -17.977795 65.377342 -2.556129
v -17.799797 62.986946 -2.089729
v -17.010395 63.830750 -3.366930
v -16.836197 70.062943 -1.289530
v -16.749393 69.134743 1.638870
v -16.621998 61.762543 -2.549528
v -16.511997 69.924149 -4.151932
v -16.427597 71.705544 -0.760130
v -16.276196 67.692146 -4.981530
v -16.268795 64.575951 -4.593930
v -16.032993 70.507149 1.359668
v -15.882398 62.248344 -3.912729
v -15.676999 68.234947 4.031469
v -15.590798 30.299948 -4.820123
v -15.554997 27.998743 -4.480524
v -15.503198 65.309944 -5.883931
v -15.488797 32.771942 -5.114522
v -15.429395 69.441544 3.485470
v -15.347798 25.899347 -4.228923
v -15.338597 31.342146 -7.558525
v -15.293797 33.578541 -7.892326
v -15.234197 62.553345 -5.269529
v -15.141797 35.955742 -8.071129
v -15.137597 61.876144 0.581072
v -15.092198 58.441940 -1.673929
v -15.047795 57.859543 -1.002328
v -15.039395 27.099146 -6.880725
v -15.031995 38.446747 -5.263327
v -14.997998 60.707542 -4.078129
v -14.992997 57.738541 -0.313327
v -14.920396 58.282745 0.078473
v -14.876595 38.905540 -8.021324
v -14.770196 26.792345 -1.972924
v -14.750798 24.662546 -6.715724
v -14.727998 29.330946 -2.262525
v -14.707795 59.298744 -3.040529
v -14.621999 24.797747 -1.744723
v -14.599195 62.756340 -6.719530
v -14.441998 60.491341 -5.635929
v -14.438596 20.267748 -3.884324
v -14.405396 59.088142 -3.869728
v -14.405396 70.802948 3.815269
v -14.369199 44.815941 -5.234326
v -14.347398 58.319344 -1.969528
v -14.316197 70.413147 -7.517130
v -14.283998 58.870941 -4.515329
v -14.206197 65.429947 2.926069
v -14.178998 68.457748 4.487469
v -14.177598 45.244141 -7.694329
v -14.164395 20.024347 -6.617522
v -14.084996 68.365944 -8.236930
v -14.077596 38.390343 -2.620327
v -14.049996 56.194542 -5.110128
v -14.039998 50.758137 -5.297727
v -14.036199 69.431351 4.882069
v -13.991796 53.517738 -5.252527
v -13.971597 60.011139 -7.348127
v -13.969796 72.314743 -6.836730
v -13.954000 63.688950 2.240071
v -13.941396 48.452141 -7.615129
v -13.834195 57.788940 -0.878728
v -13.825196 58.012146 -2.139728
v -13.822198 17.942747 -3.365723
v -13.793996 21.112547 -1.347123
v -13.718797 54.395340 -7.661329
v -13.650395 17.970945 -6.659522
v -13.457597 47.692940 -3.039727
v -13.450597 19.881147 -1.352124
v -13.416997 57.553543 -2.236728
v -13.378598 16.311142 -4.024924
v -13.375997 66.181549 -8.967127
v -13.333596 32.746147 -10.509728
v -13.300397 58.509949 0.600272
v -13.282399 55.185547 -2.625528
v -13.279397 52.745338 -2.903127
v -13.265996 35.002743 -10.893727
v -13.226995 24.374544 0.668678
v -13.149198 37.358143 -11.130128
v -13.131799 28.396147 -9.750525
v -13.085996 57.727142 0.221873
v -12.919194 40.244141 -11.137128
v -12.903398 25.604544 -9.539924
v -12.834596 31.847342 0.047476
v -12.806600 15.351341 -5.101523
v -12.795796 57.299141 -0.428928
v -12.575398 16.113342 -6.967921
v -12.523797 64.472946 3.546271
v -12.436399 20.289347 -9.506923
v -12.308995 46.421741 -10.811728
v -12.291799 21.259344 1.053077
v -12.287599 41.724541 -0.307327
v -12.255998 70.496346 6.106069
v -12.101598 49.568741 -10.623926
v -12.071397 56.745140 0.053671
v -12.020196 61.313942 -10.124529
v -12.016198 49.807343 -0.849728
v -11.977998 17.986345 -9.522723
v -11.869397 52.075539 -0.590728
v -11.848996 55.601940 -10.507930
v -11.841996 58.508541 -10.407931
v -11.837197 14.091545 -5.343323
v -11.771596 54.299339 -0.174728
v -11.758595 67.890945 5.477470
v -11.755998 58.431541 1.667073
v -11.411798 56.984550 1.282473
v -11.399396 24.417746 3.105476
v -11.243596 66.404945 5.143070
v -11.162198 16.894747 -9.406519
v -11.075196 28.224344 2.588077
v -10.819398 64.772141 4.813669
v -10.672795 13.695343 -7.168722
v -10.667798 31.782747 2.549475
v -10.643399 22.004545 3.189477
v -10.365396 41.818745 2.080473
v -10.360799 71.257149 -10.632732
v -10.312799 15.174343 -9.224718
v -10.294599 38.767548 2.455874
v -10.287999 49.386745 1.359872
v -10.222398 56.103546 2.308272
v -10.176797 69.280540 -11.223133
v -10.141797 60.468346 3.918072
v -10.097997 12.414742 -6.245520
v -10.049397 51.510143 1.700073
v -9.891995 58.087151 3.356272
v -9.840199 53.605949 2.227073
v -9.700997 12.369942 -7.643923
v -9.644597 67.159546 -11.728328
v -9.636998 11.540142 -5.098921
v -9.625798 32.044540 -12.619927
v -9.585397 36.839741 -13.410527
v -9.537797 26.667345 -11.958527
v -9.515195 39.296940 -13.680924
v -9.500196 11.505543 -6.758722
v -9.461995 11.741741 -5.724522
v -9.353398 42.114941 -13.781129
v -9.296998 20.921946 -11.859722
v -9.270997 11.085941 -8.197519
v -9.188199 24.652544 5.076076
v -9.176797 13.740143 -9.392721
v -9.135198 45.034340 -13.746927
v -9.080598 26.043344 4.884077
v -9.041196 9.698944 -9.179522
v -8.926599 18.496946 -11.914322
v -8.925199 23.340147 4.884277
v -8.863797 11.098343 -6.170721
v -8.781400 10.417942 -7.405519
v -8.763799 51.000942 -13.436129
v -8.731397 28.734346 4.794477
v -8.711198 10.855942 -5.239920
v -8.651799 62.467541 -12.530330
v -8.613397 21.819746 4.528476
v -8.600396 63.802139 6.307671
v -8.582597 64.973145 6.906669
v -8.532399 59.728142 -12.851932
v -8.479398 12.409744 -9.629320
v -8.325795 32.268547 4.875676
v -8.297399 61.913544 6.023071
v -8.241197 9.094940 -8.223520
v -8.134797 49.005745 3.709873
v -8.130197 16.789946 -11.701922
v -8.091199 8.939941 -7.571321
v -8.074399 10.626743 -6.109522
v -8.033399 38.940544 4.827075
v -7.896195 51.185349 4.001672
v -7.730397 57.589546 5.488072
v -7.725396 10.160545 -5.034922
v -7.681397 53.334949 4.518672
v -7.405995 15.375740 -11.741321
v -7.292798 10.078743 -6.251719
v -6.974598 9.636341 -6.571321
v -6.786198 9.735146 -4.675920
v -6.679799 65.447945 9.129668
v -6.620396 14.027943 -11.778323
v -6.489796 64.234543 8.714068
v -6.373997 25.214945 6.430877
v -6.294396 24.174147 6.278676
v -6.291996 27.103945 6.511275
v -6.150597 19.797144 5.075077
v -6.134594 10.137543 -5.288120
v -6.098996 10.234943 -5.254320
v -6.044598 22.258547 5.687276
v -6.021199 30.005148 6.678076
v -6.010396 61.808746 7.887272
v -5.974995 10.454342 -5.075321
v -5.949997 12.576942 -12.144320
v -5.766396 8.400543 -7.479921
v -5.762997 60.387150 7.668272
v -5.762597 9.939545 -4.221321
v -5.719998 46.360943 5.855872
v -5.604596 48.744743 5.808272
v -5.598198 41.729546 6.560274
v -5.509598 36.458950 6.962475
v -5.504796 39.180550 6.872473
v -5.418797 51.160946 6.045873
v -5.306798 72.071342 -12.924332
v -5.295598 10.638943 -4.866920
v -5.200398 70.101143 -13.406528
v -5.184796 73.908142 -12.220329
v -5.181798 55.450146 6.961472
v -4.914395 67.969749 -13.716328
v -4.890797 38.464340 -15.133328
v -4.887795 30.617344 -14.074128
v -4.869797 27.572742 -13.695129
v -4.869198 10.286743 -3.629320
v -4.860196 41.071739 -15.409928
v -4.856995 24.521343 -13.462925
v -4.778595 43.832542 -15.577127
v -4.668797 46.626141 -15.647528
v -4.601597 19.202942 -13.517124
v -4.557198 49.433342 -15.632326
v -4.554799 17.292944 4.437677
v -4.470597 52.240337 -15.528727
v -4.392197 63.303139 -14.224132
v -4.351998 57.917740 -14.969729
v -4.291996 14.657543 2.837078
v -4.212597 17.416142 -13.425522
v -3.750195 15.788742 -13.537120
v -3.746998 11.222744 -3.228719
v -3.509796 13.951340 1.652277
v -3.410996 19.454947 5.126078
v -3.392197 64.646141 10.132071
v -3.389397 63.280148 10.017070
v -3.388996 14.366943 -13.608920
v -3.216397 26.068747 7.298676
v -3.186795 28.532545 7.681075
v -3.185196 60.881351 9.374871
v -3.148197 11.640743 -3.390920
v -3.099995 11.714943 -3.397920
v -3.085995 23.148348 6.702876
v -3.038998 31.319147 8.003875
v -3.025196 21.872545 6.214477
v -2.978195 20.350145 5.324876
v -2.903195 58.909950 8.903871
v -2.896996 13.200542 0.373877
v -2.862595 34.187550 8.241075
v -2.854397 45.998344 7.397872
v -2.795197 41.679543 8.052873
v -2.786595 48.591343 7.302272
v -2.774998 9.374146 -6.063120
v -2.746998 39.389149 8.318673
v -2.746796 36.968548 8.373475
v -2.685997 51.268345 7.497672
v -2.547997 55.694347 8.287471
v -2.263596 17.517546 4.071678
v -1.822796 16.129143 2.559877
v -1.720596 12.499344 -2.016724
v -1.282196 13.496944 -0.626123
v 0.000004 12.980942 -1.759521
v 0.000004 17.744141 -14.447323
v 0.000004 19.243944 4.921476
v 0.000004 19.550941 -14.110722
v 0.000004 20.969341 -14.079121
v 0.000004 21.700148 6.372077
v 0.000004 23.118547 6.915675
v 0.000004 23.857342 -14.014721
v 0.000004 26.594347 7.642476
v 0.000004 29.216345 8.130075
v 0.000004 30.482944 -14.657929
v 0.000004 31.929548 8.506074
v 0.000004 38.050549 8.962672
v 0.000004 41.666550 8.626872
v 0.000004 42.736542 -16.096727
v 0.000004 47.393139 -16.351526
v 0.000004 47.464546 7.848672
v 0.000004 51.353748 8.048872
v 0.000004 51.883938 -16.399328
v 0.000004 55.849552 8.777871
v 0.000004 56.288742 -15.995330
v 0.000004 61.049549 10.084670
v 0.000004 63.652740 -14.864928
v 0.000004 70.193542 -14.307331
v 1.282207 13.496944 -0.626123
v 1.720600 12.499344 -2.016724
v 1.822803 16.129143 2.559877
v 2.263607 17.517546 4.071678
v 2.548000 55.694347 8.287471
v 2.686001 51.268345 7.497672
v 2.746807 36.968548 8.373475
v 2.747005 39.389149 8.318673
v 2.775005 9.374146 -6.063120
v 2.786602 48.591343 7.302272
v 2.795200 41.679543 8.052873
v 2.854404 45.998344 7.397872
v 2.862606 34.187550 8.241075
v 2.903202 58.909950 8.903871
v 2.978206 20.350145 5.324876
v 3.025203 21.872545 6.214477
v 3.039005 31.319147 8.003875
v 3.086002 23.148348 6.702876
v 3.100002 11.714943 -3.397920
v 3.148205 11.640743 -3.390920
v 3.185207 60.881351 9.374871
v 3.186802 28.532545 7.681075
v 3.216404 26.068747 7.298676
v 3.389004 14.366943 -13.608920
v 3.389400 63.280148 10.017070
v 3.392200 64.646141 10.132071
v 3.411007 19.454947 5.126078
v 3.750202 15.788742 -13.537120
v 4.212604 17.416142 -13.425522
v 4.352001 57.917740 -14.969729
v 4.392200 63.303139 -14.224132
v 4.470600 52.240337 -15.528727
v 4.557201 49.433342 -15.632326
v 4.601604 19.202942 -13.517124
v 4.668804 46.626141 -15.647528
v 4.778606 43.832542 -15.577127
v 4.857006 24.521343 -13.462925
v 4.860202 41.071739 -15.409928
v 4.869800 27.572742 -13.695129
v 4.887805 30.617344 -14.074128
v 4.890804 38.464340 -15.133328
v 4.914402 67.969749 -13.716328
v 5.181804 55.450146 6.961472
v 5.184803 73.908142 -12.220329
v 5.200405 70.101143 -13.406528
v 5.295604 10.638943 -4.866920
v 5.306804 72.071342 -12.924332
v 5.418804 51.160946 6.045873
v 5.504802 39.180550 6.872473
v 5.509601 36.458950 6.962475
v 5.598201 41.729546 6.560274
v 5.604602 48.744743 5.808272
v 5.720005 46.360943 5.855872
v 5.762607 9.939545 -4.221321
v 5.763004 60.387150 7.668272
v 5.766407 8.400543 -7.479921
v 5.950000 12.576942 -12.144320
v 5.955005 21.131945 5.160676
v 5.975002 10.454342 -5.075321
v 6.010402 61.808746 7.887272
v 6.021205 30.005148 6.678076
v 6.044605 22.258547 5.687276
v 6.099002 10.234943 -5.254320
v 6.134601 10.137543 -5.288120
v 6.150600 19.797144 5.075077
v 6.292003 27.103945 6.511275
v 6.294406 24.174147 6.278676
v 6.374004 25.214945 6.430877
v 6.489803 64.234543 8.714068
v 6.620403 14.027943 -11.778323
v 6.679805 65.447945 9.129668
v 6.786205 9.735146 -4.675920
v 6.974605 9.636341 -6.571321
v 7.292804 10.078743 -6.251719
v 7.406002 15.375740 -11.741321
v 7.681400 53.334949 4.518672
v 7.725406 10.160545 -5.034922
v 7.730403 57.589546 5.488072
v 7.896205 51.185349 4.001672
v 8.033404 38.940544 4.827075
v 8.074405 10.626743 -6.109522
v 8.091205 8.939941 -7.571321
v 8.130206 16.789946 -11.701922
v 8.134799 49.005745 3.709873
v 8.241199 9.094940 -8.223520
v 8.279803 11.029541 -10.167719
v 8.297404 61.913544 6.023071
v 8.298999 8.384941 -8.148920
v 8.325801 32.268547 4.875676
v 8.479403 12.409744 -9.629320
v 8.532405 59.728142 -12.851932
v 8.582606 64.973145 6.906669
v 8.600406 63.802139 6.307671
v 8.613406 21.819746 4.528476
v 8.651805 62.467541 -12.530330
v 8.711200 10.855942 -5.239920
v 8.731402 28.734346 4.794477
v 8.763804 51.000942 -13.436129
v 8.781405 10.417942 -7.405519
v 8.863803 11.098343 -6.170721
v 8.925204 23.340147 4.884277
v 8.926600 18.496946 -11.914322
v 9.041202 9.698944 -9.179522
v 9.080600 26.043344 4.884077
v 9.135203 45.034340 -13.746927
v 9.176806 13.740143 -9.392721
v 9.188205 24.652544 5.076076
v 9.270999 11.085941 -8.197519
v 9.297000 20.921946 -11.859722
v 9.353404 42.114941 -13.781129
v 9.462001 11.741741 -5.724522
v 9.500201 11.505543 -6.758722
v 9.515201 39.296940 -13.680924
v 9.537799 26.667345 -11.958527
v 9.585406 36.839741 -13.410527
v 9.625804 32.044540 -12.619927
v 9.637004 11.540142 -5.098921
v 9.644603 67.159546 -11.728328
v 9.701007 12.369942 -7.643923
v 9.840205 53.605949 2.227073
v 9.892001 58.087151 3.356272
v 10.049403 51.510143 1.700073
v 10.098002 12.414742 -6.245520
v 10.113803 73.144142 -9.932128
v 10.141803 60.468346 3.918072
v 10.176806 69.280540 -11.223133
v 10.197406 12.370544 -5.369522
v 10.222400 56.103546 2.308272
v 10.245402 67.819344 7.052669
v 10.288005 49.386745 1.359872
v 10.294604 38.767548 2.455874
v 10.312800 15.174343 -9.224718
v 10.360805 71.257149 -10.632732
v 10.365405 41.818745 2.080473
v 10.643405 22.004545 3.189477
v 10.667804 31.782747 2.549475
v 10.672801 13.695343 -7.168722
v 10.819400 64.772141 4.813669
v 11.075206 28.224344 2.588077
v 11.162204 16.894747 -9.406519
v 11.243602 66.404945 5.143070
v 11.399402 24.417746 3.105476
v 11.411807 56.984550 1.282473
v 11.756000 58.431541 1.667073
v 11.758601 67.890945 5.477470
v 11.771602 54.299339 -0.174728
v 11.837207 14.091545 -5.343323
v 11.842006 58.508541 -10.407931
v 11.849002 55.601940 -10.507930
v 11.869403 52.075539 -0.590728
v 11.978000 17.986345 -9.522723
v 12.016200 49.807343 -0.849728
v 12.020205 61.313942 -10.124529
v 12.071399 56.745140 0.053671
v 12.101604 49.568741 -10.623926
v 12.256000 70.496346 6.106069
v 12.287601 41.724541 -0.307327
v 12.291804 21.259344 1.053077
v 12.309001 46.421741 -10.811728
v 12.436404 20.289347 -9.506923
v 12.523807 64.472946 3.546271
v 12.575404 16.113342 -6.967921
v 12.795802 57.299141 -0.428928
v 12.806605 15.351341 -5.101523
v 12.834605 31.847342 0.047476
v 12.903399 25.604544 -9.539924
v 12.919200 40.244141 -11.137128
v 13.086001 57.727142 0.221873
v 13.131801 28.396147 -9.750525
v 13.149203 37.358143 -11.130128
v 13.227000 24.374544 0.668678
v 13.266002 35.002743 -10.893727
v 13.279399 52.745338 -2.903127
v 13.282405 55.185547 -2.625528
v 13.300403 58.509949 0.600272
v 13.333606 32.746147 -10.509728
v 13.376002 66.181549 -8.967127
v 13.378604 16.311142 -4.024924
v 13.417003 57.553543 -2.236728
v 13.450603 19.881147 -1.352124
v 13.457599 47.692940 -3.039727
v 13.650401 17.970945 -6.659522
v 13.718806 54.395340 -7.661329
v 13.794002 21.112547 -1.347123
v 13.822200 17.942747 -3.365723
v 13.825206 58.012146 -2.139728
v 13.834201 57.788940 -0.878728
v 13.941401 48.452141 -7.615129
v 13.954005 63.688950 2.240071
v 13.969806 72.314743 -6.836730
v 13.971606 60.011139 -7.348127
v 13.991801 53.517738 -5.252527
v 14.036204 69.431351 4.882069
v 14.040004 50.758137 -5.297727
v 14.050006 56.194542 -5.110128
v 14.077601 38.390343 -2.620327
v 14.085002 68.365944 -8.236930
v 14.106006 71.948341 4.172069
v 14.164401 20.024347 -6.617522
v 14.177600 45.244141 -7.694329
v 14.179004 68.457748 4.487469
v 14.206203 65.429947 2.926069
v 14.283999 58.870941 -4.515329
v 14.316203 70.413147 -7.517130
v 14.347400 58.319344 -1.969528
v 14.369205 44.815941 -5.234326
v 14.405398 59.088142 -3.869728
v 14.405398 70.802948 3.815269
v 14.438601 20.267748 -3.884324
v 14.442004 60.491341 -5.635929
v 14.599200 62.756340 -6.719530
v 14.622005 24.797747 -1.744723
v 14.707805 59.298744 -3.040529
v 14.728000 29.330946 -2.262525
v 14.750804 24.662546 -6.715724
v 14.770205 26.792345 -1.972924
v 14.876605 38.905540 -8.021324
v 14.998004 60.707542 -4.078129
v 15.032001 38.446747 -5.263327
v 15.039401 27.099146 -6.880725
v 15.092204 58.441940 -1.673929
v 15.137599 61.876144 0.581072
v 15.141803 35.955742 -8.071129
v 15.234202 62.553345 -5.269529
v 15.273601 59.379539 -2.234928
v 15.291003 64.578949 1.994070
v 15.293803 33.578541 -7.892326
v 15.338603 31.342146 -7.558525
v 15.347804 25.899347 -4.228923
v 15.429400 69.441544 3.485470
v 15.488803 32.771942 -5.114522
v 15.503200 65.309944 -5.883931
v 15.555003 27.998743 -4.480524
v 15.557406 66.223343 2.908270
v 15.590800 30.299948 -4.820123
v 15.677005 68.234947 4.031469
v 15.739802 60.565742 -2.591129
v 15.882403 62.248344 -3.912729
v 16.033001 70.507149 1.359668
v 16.268803 64.575951 -4.593930
v 16.276203 67.692146 -4.981530
v 16.512005 69.924149 -4.151932
v 16.622005 61.762543 -2.549528
v 16.749401 69.134743 1.638870
v 16.836201 70.062943 -1.289530
v 17.010403 63.830750 -3.366930
v 17.226200 66.839149 3.615469
v 17.799809 62.986946 -2.089729
v 17.977802 65.377342 -2.556129
v 18.300205 67.377548 0.193470
v 18.393002 66.420143 2.187469
v 18.856800 64.158142 -1.310530
v 19.114407 65.954941 0.900070
v 19.376606 65.194344 -0.311531
v -16.112396 71.754150 -3.520531
v -15.673795 73.225945 -0.236331
v -15.663999 71.884346 1.803470
v -15.350198 73.448341 -2.922532
v -15.004197 73.185944 2.260269
v -14.105996 71.948341 4.172069
v -13.871198 76.230942 0.863269
v -13.572598 73.076141 4.541469
v -13.557199 76.762947 -1.628732
v -13.310197 74.077347 -6.149531
v -13.264596 75.783546 3.158469
v -12.842595 74.200951 4.899068
v -12.666596 78.288940 1.784268
v -12.559400 78.821342 -0.607131
v -12.037797 71.554939 6.346869
v -11.845799 77.726746 3.927669
v -11.610799 72.644943 6.582469
v -11.521798 80.843750 0.535268
v -11.270196 80.320541 2.843268
v -10.989198 79.351143 -3.596732
v -10.334798 77.191750 5.791268
v -10.303998 81.235550 -2.514131
v -10.245397 67.819344 7.052669
v -10.153398 74.808144 7.010268
v -10.113797 73.144142 -9.932128
v -10.064397 79.760345 4.896268
v -9.921399 82.195549 3.839068
v -9.683198 68.999748 8.021067
v -9.634198 74.883347 -9.159930
v -9.516397 70.208344 8.115467
v -9.175797 71.503944 8.155468
v -8.371999 76.740746 7.343268
v -8.187596 79.271141 6.557068
v -8.032998 74.158943 8.193068
v -7.626996 81.370949 -5.464731
v -7.268197 82.929741 -4.520332
v -6.714398 66.720345 9.341468
v -6.579396 68.221146 9.287668
v -6.326596 69.899139 9.116268
v -5.923398 78.961548 7.688269
v -5.551396 74.863747 8.531267
v -5.497197 73.467140 8.780268
v -4.935795 75.591949 -11.383934
v -4.357796 78.674744 -9.560733
v -3.304196 66.430740 9.973670
v -3.012196 80.801140 7.958268
v -2.962395 70.680344 9.256067
v -2.906998 79.215149 8.057467
v -2.726795 75.071350 8.699268
v 0.000004 64.285141 10.402671
v 0.000004 70.283745 9.332468
v 0.000004 73.299545 -13.559528
v 0.000004 75.928345 -12.252136
v 0.000004 80.187347 -9.513934
v 2.726803 75.071350 8.699268
v 2.907001 79.215149 8.057467
v 2.962406 70.680344 9.256067
v 3.012203 80.801140 7.958268
v 3.304203 66.430740 9.973670
v 4.357807 78.674744 -9.560733
v 4.935802 75.591949 -11.383934
v 5.497203 73.467140 8.780268
v 5.551403 74.863747 8.531267
v 5.923404 78.961548 7.688269
v 6.326602 69.899139 9.116268
v 6.579402 68.221146 9.287668
v 6.714405 66.720345 9.341468
v 7.627002 81.370949 -5.464731
v 8.033000 74.158943 8.193068
v 8.187602 79.271141 6.557068
v 8.372005 76.740746 7.343268
v 9.175799 71.503944 8.155468
v 9.516406 70.208344 8.115467
v 9.634204 74.883347 -9.159930
v 9.683200 68.999748 8.021067
v 10.064403 79.760345 4.896268
v 10.153399 74.808144 7.010268
v 10.304004 81.235550 -2.514131
v 10.334804 77.191750 5.791268
v 10.989200 79.351143 -3.596732
v 11.270205 80.320541 2.843268
v 11.521800 80.843750 0.535268
v 11.610805 72.644943 6.582469
v 11.845805 77.726746 3.927669
v 12.037799 71.554939 6.346869
v 12.559405 78.821342 -0.607131
v 12.666598 78.288940 1.784268
v 12.842601 74.200951 4.899068
v 13.264606 75.783546 3.158469
v 13.310199 74.077347 -6.149531
v 13.557200 76.762947 -1.628732
v 13.572604 73.076141 4.541469
v 13.871203 76.230942 0.863269
v 15.004199 73.185944 2.260269
v 15.350207 73.448341 -2.922532
v 15.664004 71.884346 1.803470
v 15.673800 73.225945 -0.236331
v 16.112400 71.754150 -3.520531
v 16.427601 71.705544 -0.760130
v -8.692998 93.744347 3.110867
v -8.628598 96.749741 3.141666
v -8.469197 98.220146 3.248266
v -8.458398 94.634949 1.525665
v -8.441598 96.054749 4.754866
v -8.376599 96.618744 6.424066
v -8.375196 94.492142 4.746265
v -8.334397 97.601341 4.831466
v -8.103398 99.646149 3.461065
v -7.988995 98.635941 1.715465
v -7.890397 98.380943 6.626065
v -7.836396 95.382347 6.390066
v -7.684597 97.220345 0.893865
v -7.622597 93.799942 6.418066
v -7.618996 99.910744 1.933666
v -7.610798 96.143547 7.985665
v -7.566395 100.611946 5.058465
v -7.482598 97.769142 7.978465
v -7.450196 101.056549 3.639066
v -7.400597 100.170143 6.659265
v -7.075997 98.453148 0.572866
v -7.004399 94.881546 7.993665
v -6.983597 99.642937 8.386263
v -6.758595 95.847946 9.280264
v -6.757798 102.002953 5.752864
v -6.669796 102.319542 4.187065
v -6.590199 93.276146 8.069263
v -6.434998 101.661942 7.415265
v -6.422997 102.384346 2.680265
v -6.362797 99.619553 0.444665
v -6.203797 99.381142 9.599464
v -6.180596 98.593742 9.770264
v -6.057599 94.476746 9.446264
v -5.900395 100.168549 9.770264
v -5.894997 98.017548 10.237064
v -5.888398 101.520340 9.001463
v -5.824399 103.224342 6.022864
v -5.814198 103.417938 4.468064
v -5.723397 98.054550 -0.463734
v -5.712395 95.591743 10.404064
v -5.606198 103.414337 2.994865
v -5.602997 99.577148 11.080065
v -5.492596 100.744743 10.237064
v -5.442997 92.859543 9.678466
v -5.311997 97.806541 10.874664
v -5.284596 102.426346 1.534064
v -5.080998 100.955742 10.874664
v -4.920197 102.993744 9.545664
v -4.857197 104.323547 5.092666
v -4.787396 98.017548 11.512264
v -4.725396 101.589149 11.665665
v -4.646996 104.448540 3.888865
v -4.645398 95.384148 11.403065
v -4.632596 100.744743 11.512264
v -4.557396 103.702538 2.294265
v -4.536995 98.904747 -0.727935
v -4.391198 98.593742 11.979065
v -4.374798 102.939545 10.982864
v -4.372796 100.754745 0.118264
v -4.324597 100.168549 11.979065
v -4.310795 98.097145 12.728664
v -4.217595 99.381142 12.149866
v -4.196995 92.450142 11.144267
v -4.020798 104.739746 7.365864
v -4.008595 101.689552 12.770464
v -3.881798 100.604149 13.221064
v -3.806195 93.672340 11.795866
v -3.789795 104.637749 3.161265
v -3.728997 95.234749 12.322264
v -3.668995 97.650742 13.642864
v -3.663998 102.317146 0.817266
v -3.584198 99.706741 14.022463
v -3.566998 102.846939 12.260464
v -3.566998 105.248741 5.420665
v -3.458798 104.623741 9.129465
v -3.265995 103.765541 1.831065
v -3.245198 99.482750 15.058064
v -3.080998 97.591743 15.250263
v -3.050198 105.456947 4.804265
v -2.946598 95.525146 14.004663
v -2.945397 101.923744 13.695065
v -2.879395 101.307747 14.355265
v -2.866795 98.791344 16.646664
v -2.842598 92.135941 12.250266
v -2.651398 93.472549 12.524265
v -2.648598 100.829552 15.215466
v -2.642597 100.082748 15.992065
v -2.609398 104.901749 3.117465
v -2.578396 105.189751 9.247663
v -2.573597 105.778145 7.135264
v -2.533795 102.845345 13.258265
v -2.524197 98.426949 17.716064
v -2.402798 95.686348 15.707264
v -2.384995 97.023949 18.312063
v -2.144596 100.189148 -0.580136
v -2.141995 99.961143 17.105265
v -2.127198 105.998344 6.787264
v -2.111996 94.078545 14.037664
v -2.014996 103.683945 12.579664
v -1.979996 95.735344 17.884264
v -1.906597 104.785950 10.798264
v -1.900395 97.714142 19.961264
v -1.823395 96.501144 20.486467
v -1.787796 105.477745 9.491865
v -1.593998 91.389351 12.479665
v -1.569195 90.409546 11.501866
v -1.557396 94.679947 16.566664
v -1.557198 95.534546 20.968664
v -1.552998 95.925545 22.877064
v -1.538998 102.934143 13.980265
v -1.470398 94.632545 17.606863
v -1.432396 96.598946 23.334265
v -1.394398 95.238144 22.527063
v -1.390995 98.546745 20.474064
v -1.370197 92.004341 12.779466
v -1.312195 101.293747 16.358664
v -1.242996 96.119347 24.089664
v -1.238396 94.839546 19.724863
v -1.142395 95.136147 23.870665
v -1.138798 105.994354 8.435863
v -1.113598 103.613350 13.363464
v -1.087795 92.856743 14.154666
v -1.066795 97.150139 23.789667
v -1.050995 105.750542 4.879464
v -0.971798 105.784744 9.352464
v -0.956795 100.790947 17.532663
v -0.929196 96.347343 24.691463
v -0.898598 94.556549 23.013264
v -0.854595 95.764542 24.967863
v -0.788597 93.776344 16.467066
v -0.754795 94.511345 24.797264
v -0.752995 99.615952 19.728264
v -0.729397 94.715942 25.087864
v -0.632996 98.270546 22.686665
v -0.537197 97.523346 24.136065
v -0.474198 96.467545 25.169664
v -0.469395 97.102348 24.688864
v -0.437596 95.765945 25.525663
v -0.433995 94.150749 22.896664
v -0.395397 94.109543 24.552265
v -0.390396 95.045151 25.686064
v -0.373196 93.857147 25.476063
v 0.000004 90.336746 11.814866
v 0.000004 91.456741 12.906066
v 0.000004 93.045341 15.559465
v 0.000004 93.711548 25.652464
v 0.000004 93.929146 24.691065
v 0.000004 94.086945 18.421865
v 0.000004 94.094948 22.866665
v 0.000004 94.275551 19.446264
v 0.000004 95.051544 25.923464
v 0.000004 95.784348 25.753263
v 0.000004 96.775749 -2.218535
v 0.000004 97.222542 24.818264
v 0.000004 97.665749 24.274065
v 0.000004 98.810349 22.142263
v 0.000004 100.869743 17.990063
v 0.000004 102.092140 0.279464
v 0.000004 102.514549 15.261065
v 0.000004 103.177338 14.154064
v 0.000004 104.110138 1.756665
v 0.000004 105.260750 10.998465
v 0.000004 105.283943 3.303464
v 0.000004 105.793541 9.734662
v 0.000004 105.854744 5.142865
v 0.000004 106.037544 9.062463
v 0.000004 106.086937 8.566463
v 0.000004 106.133347 7.039664
v 0.373203 93.857147 25.476063
v 0.390407 95.045151 25.686064
v 0.395405 94.109543 24.552265
v 0.434002 94.150749 22.896664
v 0.437603 95.765945 25.525663
v 0.469402 97.102348 24.688864
v 0.474201 96.467545 25.169664
v 0.537204 97.523346 24.136065
v 0.633007 98.270546 22.686665
v 0.729404 94.715942 25.087864
v 0.753002 99.615952 19.728264
v 0.754802 94.511345 24.797264
v 0.788601 93.776344 16.467066
v 0.854603 95.764542 24.967863
v 0.898601 94.556549 23.013264
v 0.929203 96.347343 24.691463
v 0.956806 100.790947 17.532663
v 0.971805 105.784744 9.352464
v 1.051006 105.750542 4.879464
v 1.066807 97.150139 23.789667
v 1.087803 92.856743 14.154666
v 1.113605 103.613350 13.363464
v 1.138805 105.994354 8.435863
v 1.142406 95.136147 23.870665
v 1.238407 94.839546 19.724863
v 1.243000 96.119347 24.089664
v 1.312206 101.293747 16.358664
v 1.370205 92.004341 12.779466
v 1.391003 98.546745 20.474064
v 1.394405 95.238144 22.527063
v 1.432407 96.598946 23.334265
v 1.470402 94.632545 17.606863
v 1.539005 102.934143 13.980265
v 1.553005 95.925545 22.877064
v 1.557201 95.534546 20.968664
v 1.557407 94.679947 16.566664
v 1.569202 90.409546 11.501866
v 1.594005 91.389351 12.479665
v 1.787807 105.477745 9.491865
v 1.823406 96.501144 20.486467
v 1.900402 97.714142 19.961264
v 1.906605 104.785950 10.798264
v 1.980007 95.735344 17.884264
v 2.015003 103.683945 12.579664
v 2.112003 94.078545 14.037664
v 2.127201 105.998344 6.787264
v 2.142002 99.961143 17.105265
v 2.144603 100.189148 -0.580136
v 2.334400 98.184341 -1.496735
v 2.385006 97.023949 18.312063
v 2.402805 95.686348 15.707264
v 2.524204 98.426949 17.716064
v 2.533802 102.845345 13.258265
v 2.573604 105.778145 7.135264
v 2.578403 105.189751 9.247663
v 2.609401 104.901749 3.117465
v 2.642605 100.082748 15.992065
v 2.648601 100.829552 15.215466
v 2.651401 93.472549 12.524265
v 2.842602 92.135941 12.250266
v 2.866802 98.791344 16.646664
v 2.879406 101.307747 14.355265
v 2.945400 101.923744 13.695065
v 2.946605 95.525146 14.004663
v 3.050205 105.456947 4.804265
v 3.081005 97.591743 15.250263
v 3.153805 91.322350 11.371667
v 3.245205 99.482750 15.058064
v 3.266002 103.765541 1.831065
v 3.458805 104.623741 9.129465
v 3.567005 102.846939 12.260464
v 3.567005 105.248741 5.420665
v 3.584202 99.706741 14.022463
v 3.664005 102.317146 0.817266
v 3.669002 97.650742 13.642864
v 3.729000 95.234749 12.322264
v 3.789806 104.637749 3.161265
v 3.806202 93.672340 11.795866
v 3.881801 100.604149 13.221064
v 4.008602 101.689552 12.770464
v 4.020801 104.739746 7.365864
v 4.197002 92.450142 11.144267
v 4.217601 99.381142 12.149866
v 4.310802 98.097145 12.728664
v 4.324604 100.168549 11.979065
v 4.372806 100.754745 0.118264
v 4.374805 102.939545 10.982864
v 4.391201 98.593742 11.979065
v 4.537006 98.904747 -0.727935
v 4.557407 103.702538 2.294265
v 4.626003 91.098145 9.501864
v 4.632602 100.744743 11.512264
v 4.645404 95.384148 11.403065
v 4.647007 104.448540 3.888865
v 4.725406 101.589149 11.665665
v 4.787403 98.017548 11.512264
v 4.857204 104.323547 5.092666
v 4.920200 102.993744 9.545664
v 5.081005 100.955742 10.874664
v 5.198604 96.729546 -0.951335
v 5.284603 102.426346 1.534064
v 5.312000 97.806541 10.874664
v 5.443004 92.859543 9.678466
v 5.492603 100.744743 10.237064
v 5.603000 99.577148 11.080065
v 5.606205 103.414337 2.994865
v 5.712406 95.591743 10.404064
v 5.723407 98.054550 -0.463734
v 5.814205 103.417938 4.468064
v 5.824405 103.224342 6.022864
v 5.888401 101.520340 9.001463
v 5.895000 98.017548 10.237064
v 5.900402 100.168549 9.770264
v 5.904407 91.683945 8.154864
v 6.057605 94.476746 9.446264
v 6.180606 98.593742 9.770264
v 6.203800 99.381142 9.599464
v 6.362804 99.619553 0.444665
v 6.423007 102.384346 2.680265
v 6.435001 101.661942 7.415265
v 6.590206 93.276146 8.069263
v 6.669803 102.319542 4.187065
v 6.757801 102.002953 5.752864
v 6.758602 95.847946 9.280264
v 6.983600 99.642937 8.386263
v 7.004405 94.881546 7.993665
v 7.076000 98.453148 0.572866
v 7.155803 92.239944 6.450065
v 7.220806 95.689949 0.078666
v 7.400600 100.170143 6.659265
v 7.450206 101.056549 3.639066
v 7.482601 97.769142 7.978465
v 7.566402 100.611946 5.058465
v 7.610805 96.143547 7.985665
v 7.619007 99.910744 1.933666
v 7.622608 93.799942 6.418066
v 7.684604 97.220345 0.893865
v 7.836406 95.382347 6.390066
v 7.890407 98.380943 6.626065
v 7.989001 98.635941 1.715465
v 8.103404 99.646149 3.461065
v 8.172000 92.936348 4.760466
v 8.334399 97.601341 4.831466
v 8.375201 94.492142 4.746265
v 8.376605 96.618744 6.424066
v 8.441600 96.054749 4.754866
v 8.458400 94.634949 1.525665
v 8.469203 98.220146 3.248266
v 8.628604 96.749741 3.141666
v 8.693004 93.744347 3.110867
v 14.920405 58.282745 0.078473
v 14.921802 59.458740 0.232872
v 14.992999 57.738541 -0.313327
v 15.047801 57.859543 -1.002328
v 15.809207 63.957344 1.568270
v 16.152805 59.550751 1.033673
v 16.396404 58.005142 0.827471
v 16.473003 65.315742 2.505869
v 16.763203 56.810143 0.646071
v 16.938007 62.305344 2.236472
v 17.003803 56.265144 0.266673
v 17.034000 56.460938 -0.115527
v 17.048008 57.139946 -0.310129
v 17.193806 58.116745 -0.391927
v 17.619205 59.205338 -0.432727
v 18.632801 55.042946 2.302073
v 18.908009 53.955147 2.061873
v 19.085003 53.478745 1.781472
v 19.212605 53.769547 1.626672
v 19.350407 63.868744 4.283869
v 19.567402 61.001343 0.169873
v 19.839603 64.390549 3.840870
v 20.461803 56.671547 2.060073
v 20.573002 61.800545 0.882872
v 20.750202 63.523544 2.906470
v 21.076008 62.568947 1.776871
v 21.093601 59.746147 5.326872
v 21.148205 50.549942 3.856073
v 21.148205 51.485146 4.129873
v 21.185001 57.439148 2.366273
v 21.235203 61.691349 7.261671
v 21.632404 59.984146 5.870472
v 22.062000 51.434143 3.827873
v 22.086201 58.070747 2.881272
v 22.727604 55.055553 6.345871
v 22.886005 58.632744 3.567672
v 23.751209 49.251945 6.385472
v 24.182606 54.204952 4.977273
v 24.551403 45.238342 6.790674
v 24.609608 57.180149 10.187070
v 24.814602 57.023148 9.877070
v 24.830807 54.700352 5.553672
v 24.844006 46.350346 7.171672
v 25.088604 51.232548 8.061472
v 25.246799 56.623150 9.094071
v 25.382603 55.118351 6.232272
v 25.388607 49.541546 6.201673
v 25.632801 56.087547 8.059470
v 25.698605 55.522949 6.996073
v 26.273006 50.497147 6.737672
v 26.806004 51.002342 7.265672
v 27.004604 49.527546 9.872271
v 27.276005 51.395744 7.868873
v 27.484005 49.832947 10.585672
v 27.546207 52.910149 12.712671
v 27.823803 52.657150 11.451073
v 28.138004 40.164146 10.426875
v 28.499004 40.372349 10.479274
v 28.605602 50.245544 12.851273
v 29.392200 42.663548 11.631474
v 29.402004 43.408951 9.851871
v 29.477406 38.408951 11.785674
v 30.178608 39.311546 12.396474
v 30.205807 46.851345 10.437271
v 30.415203 44.034550 10.393272
v 30.690807 45.748348 14.073072
v 30.781803 47.295544 11.826872
v 30.786808 43.540947 13.364273
v 30.809605 47.661549 14.139473
v 30.985600 44.354347 10.912271
v 31.121799 36.604351 13.163474
v 31.268604 36.140949 13.528474
v 31.270008 43.622349 14.081074
v 31.328800 38.861748 12.248073
v 31.400608 41.950550 11.467473
v 31.458401 44.609749 11.518272
v 31.827808 44.812149 12.196272
v 31.866604 45.262348 16.595270
v 32.004604 42.205349 11.993674
v 32.088001 44.973347 12.930471
v 32.110806 45.212349 15.258673
v 32.136005 36.601349 13.520675
v 32.203403 45.124748 14.060873
v 32.245609 35.039349 14.647874
v 32.342808 39.118946 14.728074
v 32.384602 42.544147 15.622473
v 32.521404 42.381149 12.600675
v 32.670803 34.995152 14.521274
v 32.680202 38.674751 13.206075
v 32.932606 42.506546 13.281073
v 33.009998 42.718151 17.492672
v 33.219402 42.610149 14.027872
v 33.277607 39.243549 15.999473
v 33.784405 41.737949 15.577073
v 33.970798 32.976151 16.223675
v 34.143604 38.218548 14.618073
v 34.211803 40.475548 17.009472
v 34.533009 38.840549 18.487074
v 34.578007 35.058746 15.629273
v 34.587605 38.164948 15.255874
v 34.876804 38.299149 15.959474
v 35.193607 37.803951 17.511873
v 35.296207 34.500950 16.347275
v 35.758404 35.817951 18.718473
v 35.787601 34.244148 16.966476
v 35.817997 31.522148 18.341875
v 35.875599 34.991550 19.217476
v 35.906605 31.814949 17.587273
v 35.919407 35.509750 17.719273
v 36.115208 34.390350 17.610676
v 36.239803 31.671146 18.913675
v 36.445805 31.392349 18.199474
v 36.475208 30.257351 18.742075
v 36.645206 32.954948 18.991474
v 36.754398 31.927547 19.538475
v 36.822208 31.540348 18.789675
v 36.885609 30.405750 19.304276
v 6.685604 1.393345 7.184880
v 6.693607 1.818943 4.879680
v 6.776607 1.565144 0.861680
v 6.810001 1.744743 7.420081
v 6.834400 1.426945 4.604880
v 6.852207 1.142742 0.244479
v 6.858203 2.108746 5.784079
v 6.861400 1.478344 -1.192519
v 6.868602 2.237144 3.688081
v 6.874202 0.275143 13.219879
v 6.925205 2.123344 0.148080
v 6.938602 1.068745 -1.889119
v 6.952800 1.279945 10.545679
v 6.997005 1.780743 -2.307519
v 7.004405 1.135742 6.095679
v 7.023204 0.648945 13.105680
v 7.065204 0.066143 11.687880
v 7.070400 0.785542 -0.374120
v 7.074802 1.370144 -3.045121
v 7.100200 0.273544 12.849880
v 7.108806 0.170345 12.448479
v 7.122600 0.701141 -2.526120
v 7.202404 2.783745 1.788079
v 7.215801 1.762741 -3.085320
v 7.227001 1.068142 4.352481
v 7.233005 0.957542 -3.673120
v 7.241802 0.963943 12.526680
v 7.260807 0.663944 12.759880
v 7.310001 2.558144 5.327880
v 7.351001 1.302143 -3.740720
v 7.425006 0.392544 -3.059319
v 7.431003 3.354942 0.698081
v 7.450000 0.486542 -0.917520
v 7.514606 2.832344 -2.516120
v 7.518207 1.003544 12.227079
v 7.528202 3.329742 -1.651719
v 7.591007 0.901943 -4.277520
v 7.627803 2.285542 -3.358119
v 7.628803 0.168343 8.493479
v 7.651607 3.813343 -0.629720
v 7.681400 0.269344 12.043280
v 7.723804 0.153343 10.824280
v 7.740001 3.180141 4.021081
v 7.759799 0.666542 11.979679
v 7.803005 0.753342 4.119480
v 7.856006 3.835545 2.201880
v 7.856601 0.357944 -4.555120
v 7.878200 1.799145 -4.080320
v 7.894001 1.020145 11.505680
v 7.896404 4.189545 0.401480
v 7.902004 2.857143 5.518880
v 7.938602 0.168343 -3.436521
v 7.958201 0.635342 -4.670520
v 8.010203 0.237743 -1.309520
v 8.084605 1.869743 9.998280
v 8.273204 4.460945 1.278279
v 8.327601 2.681545 7.399079
v 8.397403 1.028545 10.776480
v 8.406802 3.934544 3.743279
v 8.438205 0.667545 11.209480
v 8.445407 3.514145 4.722880
v 8.472606 0.264343 11.254681
v 8.493800 0.493542 3.902681
v 8.494205 3.313343 5.226680
v 8.499003 0.190544 -4.877120
v 8.562800 0.310143 1.413079
v 8.568805 0.469543 -4.980920
v 8.619205 2.303143 7.989279
v 8.666804 4.335945 2.459479
v 8.708606 0.355743 -0.447520
v 8.765201 0.379944 6.306281
v 8.792407 4.634544 1.835879
v 9.018802 0.377144 3.752080
v 9.055804 1.044144 10.453480
v 9.119403 2.363544 8.214880
v 9.138400 4.078743 4.103881
v 9.213801 0.677143 10.894279
v 9.237605 0.134544 -5.035720
v 9.272799 4.439941 2.708480
v 9.277606 0.095345 10.206280
v 9.329005 0.259743 10.938879
v 9.341800 4.715343 2.046481
v 9.406207 3.438744 5.805480
v 9.408801 0.039944 -3.815520
v 9.673602 1.061745 10.884480
v 9.790004 0.051346 8.582279
v 9.849200 4.122345 4.172080
v 9.864200 4.470741 2.719880
v 9.884799 4.735542 2.052680
v 9.888804 0.693146 11.364479
v 9.951800 0.343742 3.620080
v 10.001803 0.190342 -5.032720
v 10.013003 0.256344 11.419680
v 10.113803 0.017944 -3.887319
v 10.234202 2.479942 9.217079
v 10.299205 0.008144 11.279881
v 10.321406 2.032543 10.376678
v 10.414401 4.699345 1.873080
v 10.421405 0.348942 3.592481
v 10.494006 1.496544 11.647079
v 10.551204 4.067944 3.948081
v 10.579204 3.272343 6.570281
v 10.655803 0.628944 -4.949519
v 10.680606 1.091545 12.606279
v 10.721805 0.357944 -4.869920
v 10.821399 0.712143 13.178080
v 10.843799 0.157345 -3.769919
v 10.849399 2.499542 9.394880
v 10.856006 0.253544 13.285679
v 10.924602 4.609543 1.526080
v 11.018207 4.320541 2.114280
v 11.073405 -0.027058 12.012280
v 11.126605 0.894543 -4.680921
v 11.142200 3.355343 5.854479
v 11.213000 0.602142 -4.621720
v 11.255206 0.045345 8.363878
v 11.256602 3.917343 3.431880
v 11.310199 1.095943 12.935678
v 11.325404 2.483345 9.129879
v 11.365802 4.424942 0.864680
v 11.398204 0.253143 13.649881
v 11.403804 0.714542 13.528080
v 11.427806 0.382942 -3.525920
v 11.499003 2.036743 10.290878
v 11.503001 0.493343 3.604079
v 11.534205 4.070145 1.245879
v 11.545001 -0.020454 11.645479
v 11.555804 3.501945 4.430280
v 11.627398 4.135143 -0.088920
v 11.642200 0.955742 -4.241319
v 11.716006 3.259743 -2.204919
v 11.735606 3.744144 -1.167520
v 11.818400 1.094944 12.477480
v 11.819400 1.738544 -3.706719
v 11.827205 3.677944 -0.048520
v 11.859004 0.252945 13.144279
v 11.881404 0.711742 13.037880
v 11.922603 3.189342 -1.457320
v 11.969203 0.682941 -3.138921
v 11.990001 1.361942 -3.719720
v 12.064601 0.635342 1.196481
v 12.085605 3.328743 2.803880
v 12.178004 2.005943 8.856680
v 12.184001 2.952343 5.799679
v 12.236804 1.765743 -3.048320
v 12.298205 0.254944 11.026880
v 12.359401 0.693943 10.988079
v 12.362803 1.074944 10.573278
v 12.384799 2.374744 -1.565919
v 12.406405 1.043545 -2.619321
v 12.410800 0.738144 -1.004519
v 12.485202 2.304543 7.686881
v 12.505801 0.315544 6.814879
v 12.551005 2.756142 1.129479
v 12.669604 0.093742 9.673679
v 12.677005 1.451141 -1.977920
v 12.854999 0.259743 10.373878
v 12.860202 2.673344 2.335281
v 12.884204 1.045746 9.961479
v 12.905803 0.681343 10.346079
v 12.947001 1.083344 -0.504319
v 12.969203 2.191143 7.757679
v 13.254199 0.635544 5.290081
v 13.302005 0.936943 3.889081
v 13.487002 0.119545 9.878279
v 13.619800 1.005943 9.988680
v 13.683604 2.185543 2.947881
v 13.702006 0.267143 10.451679
v 13.707400 0.200146 8.839680
v 13.724605 0.665344 10.398680
v 13.976604 1.799545 8.564878
v 14.096606 1.247742 4.190681
v 14.200206 1.966343 7.306281
v 14.294803 1.719543 4.061881
v 14.312205 2.043545 4.972280
v 14.561603 0.642544 10.858080
v 14.563403 0.275543 10.965479
v 14.675403 0.484543 8.388079
v 14.732806 1.527744 5.171281
v 14.795604 0.107944 10.524281
v 14.997600 0.909145 10.807280
v 15.047603 0.190945 11.202681
v 15.103206 1.294144 6.249480
v 15.105601 1.485744 7.736281
v 15.225604 1.413742 7.023680
v 15.297000 1.021942 7.730281
v 15.500804 0.285343 11.820679
v 15.547999 0.596344 11.590881
v 15.550799 0.812744 10.713081
v 15.584399 0.789345 10.363680
v 6.185207 7.478344 -1.694721
v 6.292400 7.717941 -0.863321
v 6.308803 7.061142 -2.401321
v 6.618404 6.581543 -3.018720
v 6.678203 7.828743 -0.037721
v 7.060001 6.168541 -3.523321
v 7.070003 5.535343 -1.422120
v 7.102802 4.998943 -2.286321
v 7.211406 5.856743 -0.647920
v 7.311405 4.396942 -3.105121
v 7.501407 3.489544 -2.323121
v 7.518207 4.064941 -1.395120
v 7.529804 6.063541 0.085480
v 7.580005 5.947342 -3.891120
v 7.637004 2.851143 -3.224721
v 7.665805 3.866142 -3.799720
v 7.667606 4.478344 -0.539920
v 7.923007 2.283543 -3.998319
v 7.933200 4.791142 0.264479
v 7.969600 6.189545 0.709880
v 8.299403 6.044945 -4.237119
v 8.303805 5.016144 0.926079
v 8.358005 1.913143 -4.540922
v 8.476001 6.269943 1.157479
v 8.768001 5.167542 1.351880
v 9.001605 6.318142 -4.503520
v 9.050403 6.296341 1.436080
v 9.254603 3.494942 -4.775121
v 9.296000 5.257744 1.550481
v 9.303607 7.576344 1.969680
v 9.310603 0.814743 -5.103520
v 9.634204 6.227142 1.558280
v 9.705401 6.672543 -4.589721
v 9.785205 8.805344 2.662480
v 9.822803 3.627945 -4.791320
v 9.825404 5.282742 1.577679
v 9.976802 0.464943 -5.115918
v 10.019801 7.325943 2.001479
v 10.210002 6.110142 1.494879
v 10.342601 5.243542 1.436280
v 10.433604 1.907341 -4.768320
v 10.683604 8.660343 2.426680
v 10.760402 5.991745 1.217280
v 10.833804 5.140743 1.129081
v 10.927005 2.271141 -4.324520
v 10.964999 4.186142 -4.114120
v 11.199801 5.931744 0.746680
v 11.227603 4.979542 0.613080
v 11.300799 2.825745 -3.621720
v 11.388400 4.630745 -3.347520
v 11.492999 4.747742 -0.117120
v 11.525203 8.883343 1.840880
v 11.542003 5.875744 0.089280
v 11.546802 3.450542 -2.761121
v 11.656405 4.018341 -1.842120
v 11.667804 5.105942 -2.420921
v 11.753200 5.764744 -0.669919
v 11.800006 5.541344 -1.446121
v 12.004603 7.509342 -2.078920
v 12.160007 9.342941 1.026881
v -11.974198 10.292744 -2.827720
v -11.646398 7.398540 -3.043121
v -11.195600 10.433544 -3.830320
v -11.117997 7.256542 -3.849121
v -10.429196 7.014145 -4.395719
v -10.277398 10.105545 -4.478521
v -9.448796 9.701141 -4.677521
v 2.557804 12.462143 -0.948923
v 2.784603 11.856743 -2.206522
v 2.897007 13.200542 0.373877
v 3.509807 13.951340 1.652277
v 3.747005 11.222744 -3.228719
v 3.795002 11.001942 -2.215320
v 3.814602 11.284744 -1.125320
v 4.247402 11.597542 0.036480
v 4.264606 10.588543 -2.942522
v 4.292003 14.657543 2.837078
v 4.554805 17.292944 4.437677
v 4.869205 10.286743 -3.629320
v 5.007404 11.846943 1.152880
v 5.036006 9.453144 -2.023521
v 5.097606 9.664742 -1.064722
v 5.285404 9.138542 -2.660921
v 5.532802 9.762344 -0.069521
v 5.754802 8.771744 -3.149120
v 5.948406 14.247543 3.426878
v 6.009006 11.898342 2.099280
v 6.231403 9.781342 0.872279
v 6.363201 8.479141 -3.525320
v 6.788402 17.180548 4.536478
v 7.029804 8.384544 -3.825922
v 7.123600 11.593346 2.760079
v 7.248600 7.865746 0.712080
v 7.601406 13.784142 3.680678
v 7.859203 8.647144 -4.323721
v 8.314807 11.051544 3.137280
v 8.591006 7.807541 1.721680
v 8.610805 20.160746 4.594877
v 8.649806 9.159142 -4.567122
v 8.831203 17.177347 4.239878
v 8.856799 9.176941 2.570679
v 9.183803 13.453342 3.572277
v 9.448802 9.701141 -4.677521
v 9.518207 10.579342 3.194880
v 10.277400 10.105545 -4.478521
v 10.429202 7.014145 -4.395719
v 10.471805 11.982143 -4.769720
v 10.486201 17.207747 3.378677
v 10.505000 20.251345 3.413276
v 10.583606 13.404541 3.055277
v 10.658206 10.446342 2.893679
v 11.117999 7.256542 -3.849121
v 11.195605 10.433544 -3.830320
v 11.305003 12.451942 -4.246723
v 11.646403 7.398540 -3.043121
v 11.686000 10.814743 2.182681
v 11.789805 13.755943 2.068678
v 11.903003 17.141146 1.824278
v 11.974200 10.292744 -2.827720
v 12.027202 12.496742 -3.472523
v 12.077403 13.618744 -4.201523
v 12.363002 10.175545 -1.989921
v 12.422000 11.467743 1.183880
v 12.533603 9.811943 0.075880
v 12.571200 12.568542 -2.573322
v 12.600802 10.062943 -0.921121
v 12.726405 14.141541 -3.529722
v 12.837802 12.106743 -0.000721
v 12.908404 12.473545 -1.267122
v 12.939006 16.919344 -0.059723
v 13.103206 14.608345 -2.450123
v 13.254603 18.771147 -0.949124
v 13.356006 16.647942 -2.074124
v -10.573396 82.761948 1.530869
v -9.842999 84.508148 2.111668
v -9.683198 83.037750 -1.549331
v -9.130597 84.675743 -0.887332
v -9.112798 86.965141 2.039269
v -8.694997 86.037140 -0.587131
v -8.676396 89.260345 1.678865
v -8.627797 92.238548 3.264866
v -8.571797 84.971146 4.493067
v -8.565198 90.569748 1.605865
v -8.543797 91.912346 1.547867
v -8.534196 93.272743 1.517065
v -8.432397 90.771339 3.559666
v -8.213597 81.557747 5.818469
v -8.210397 89.395744 3.882866
v -8.181397 87.132347 4.199269
v -8.171998 92.936348 4.760466
v -8.003396 88.687149 -0.455934
v -7.800995 91.194344 5.003265
v -7.787796 89.970947 -0.406134
v -7.622597 91.359947 -0.318535
v -7.475197 92.793350 -0.213734
v -7.220799 95.689949 0.078666
v -7.155797 92.239944 6.450065
v -6.900395 84.418747 -3.766733
v -6.862996 88.775742 5.964466
v -6.587197 82.792740 6.447669
v -6.548195 85.883545 -3.203932
v -6.391797 90.274750 6.693466
v -6.233395 87.375740 -2.775932
v -6.226597 84.979744 6.365469
v -6.089596 86.986946 6.400267
v -5.972798 88.883148 -2.425135
v -5.904397 91.683945 8.154864
v -5.795598 81.031944 7.260869
v -5.782795 90.393143 -2.094133
v -5.624596 91.933540 -1.822334
v -5.518998 88.326340 7.241066
v -5.314797 95.134743 -1.319334
v -5.198597 96.729546 -0.951335
v -4.738598 89.613945 8.296664
v -4.625996 91.098145 9.501864
v -4.476597 86.788948 7.800867
v -3.826397 82.697746 -6.759735
v -3.646199 84.053741 -5.931732
v -3.453797 85.594551 -5.153532
v -3.442597 81.930542 7.646269
v -3.332798 87.675545 8.491067
v -3.285397 87.214745 -4.448532
v -3.214794 89.696342 9.809464
v -3.209198 85.093544 7.837069
v -3.153797 91.322350 11.371667
v -3.143395 88.892746 -3.808334
v -3.030396 90.606949 -3.225134
v -2.933197 92.293350 -2.801735
v -2.746796 95.794548 -2.115334
v -2.334397 98.184341 -1.496735
v -1.702397 86.177544 8.801066
v -1.630997 87.616150 9.383067
v -1.583996 89.077744 10.399467
v 0.000004 78.635544 8.251867
v 0.000004 81.589546 8.066667
v 0.000004 82.602142 -7.644733
v 0.000004 83.897346 -6.786934
v 0.000004 84.745743 8.418866
v 0.000004 87.139748 -5.096731
v 0.000004 87.247543 9.539466
v 0.000004 90.691544 -3.638935
v 0.000004 92.441742 -3.152735
v 1.584003 89.077744 10.399467
v 1.631000 87.616150 9.383067
v 1.702404 86.177544 8.801066
v 2.746807 95.794548 -2.115334
v 2.933201 92.293350 -2.801735
v 3.030407 90.606949 -3.225134
v 3.143406 88.892746 -3.808334
v 3.209202 85.093544 7.837069
v 3.214802 89.696342 9.809464
v 3.285404 87.214745 -4.448532
v 3.332805 87.675545 8.491067
v 3.442600 81.930542 7.646269
v 3.453800 85.594551 -5.153532
v 3.646206 84.053741 -5.931732
v 3.826404 82.697746 -6.759735
v 4.476604 86.788948 7.800867
v 4.738605 89.613945 8.296664
v 5.314807 95.134743 -1.319334
v 5.519001 88.326340 7.241066
v 5.624607 91.933540 -1.822334
v 5.782802 90.393143 -2.094133
v 5.795604 81.031944 7.260869
v 5.972805 88.883148 -2.425135
v 6.089603 86.986946 6.400267
v 6.226604 84.979744 6.365469
v 6.233402 87.375740 -2.775932
v 6.391803 90.274750 6.693466
v 6.548206 85.883545 -3.203932
v 6.587200 82.792740 6.447669
v 6.863002 88.775742 5.964466
v 6.900402 84.418747 -3.766733
v 7.268207 82.929741 -4.520332
v 7.475200 92.793350 -0.213734
v 7.622608 91.359947 -0.318535
v 7.787799 89.970947 -0.406134
v 7.801006 91.194344 5.003265
v 8.003406 88.687149 -0.455934
v 8.181399 87.132347 4.199269
v 8.210406 89.395744 3.882866
v 8.213603 81.557747 5.818469
v 8.432406 90.771339 3.559666
v 8.534205 93.272743 1.517065
v 8.543803 91.912346 1.547867
v 8.565204 90.569748 1.605865
v 8.571803 84.971146 4.493067
v 8.627803 92.238548 3.264866
v 8.676402 89.260345 1.678865
v 8.695003 86.037140 -0.587131
v 9.112803 86.965141 2.039269
v 9.130603 84.675743 -0.887332
v 9.683200 83.037750 -1.549331
v 9.843005 84.508148 2.111668
v 9.921405 82.195549 3.839068
v 10.573405 82.761948 1.530869
v -36.885597 30.405750 19.304276
v -36.822197 31.540348 18.789675
v -36.754395 31.927547 19.538475
v -36.645199 32.954948 18.991474
v -36.475197 30.257351 18.742075
v -36.445797 31.392349 18.199474
v -36.239796 31.671146 18.913675
v -36.115196 34.390350 17.610676
v -35.919395 35.509750 17.719273
v -35.906597 31.814949 17.587273
v -35.875595 34.991550 19.217476
v -35.817993 31.522148 18.341875
v -35.787598 34.244148 16.966476
v -35.758396 35.817951 18.718473
v -35.296196 34.500950 16.347275
v -35.193596 37.803951 17.511873
v -34.876797 38.299149 15.959474
v -34.587597 38.164948 15.255874
v -34.577995 35.058746 15.629273
v -34.532997 38.840549 18.487074
v -34.211796 40.475548 17.009472
v -34.143597 38.218548 14.618073
v -33.970795 32.976151 16.223675
v -33.784397 41.737949 15.577073
v -33.277596 39.243549 15.999473
v -33.219395 42.610149 14.027872
v -33.009995 42.718151 17.492672
v -32.932598 42.506546 13.281073
v -32.680195 38.674751 13.206075
v -32.670795 34.995152 14.521274
v -32.521397 42.381149 12.600675
v -32.384598 42.544147 15.622473
v -32.342796 39.118946 14.728074
v -32.245598 35.039349 14.647874
v -32.203396 45.124748 14.060873
v -32.135994 36.601349 13.520675
v -32.110798 45.212349 15.258673
v -32.087997 44.973347 12.930471
v -32.004597 42.205349 11.993674
v -31.866596 45.262348 16.595270
v -31.827797 44.812149 12.196272
v -31.458393 44.609749 11.518272
v -31.400597 41.950550 11.467473
v -31.328796 38.861748 12.248073
v -31.269997 43.622349 14.081074
v -31.268597 36.140949 13.528474
v -31.121796 36.604351 13.163474
v -30.985596 44.354347 10.912271
v -30.809597 47.661549 14.139473
v -30.786797 43.540947 13.364273
v -30.781796 47.295544 11.826872
v -30.690800 45.748348 14.073072
v -30.415195 44.034550 10.393272
v -30.205799 46.851345 10.437271
v -30.178596 39.311546 12.396474
v -29.477398 38.408951 11.785674
v -29.401997 43.408951 9.851871
v -29.392197 42.663548 11.631474
v -28.605595 50.245544 12.851273
v -28.498997 40.372349 10.479274
v -28.137997 40.164146 10.426875
v -27.823795 52.657150 11.451073
v -27.546196 52.910149 12.712671
v -27.483997 49.832947 10.585672
v -27.275997 51.395744 7.868873
v -27.004597 49.527546 9.872271
v -26.805996 51.002342 7.265672
v -26.272999 50.497147 6.737672
v -25.698597 55.522949 6.996073
v -25.632793 56.087547 8.059470
v -25.388599 49.541546 6.201673
v -25.382595 55.118351 6.232272
v -25.246796 56.623150 9.094071
v -25.088596 51.232548 8.061472
v -24.843998 46.350346 7.171672
v -24.830799 54.700352 5.553672
v -24.814594 57.023148 9.877070
v -24.609596 57.180149 10.187070
v -24.551395 45.238342 6.790674
v -24.182598 54.204952 4.977273
v -23.751198 49.251945 6.385472
v -22.885998 58.632744 3.567672
v -22.727596 55.055553 6.345871
v -22.086197 58.070747 2.881272
v -22.061996 51.434143 3.827873
v -21.632397 59.984146 5.870472
v -21.235195 61.691349 7.261671
v -21.184994 57.439148 2.366273
v -21.148197 50.549942 3.856073
v -21.148197 51.485146 4.129873
v -21.093594 59.746147 5.326872
v -21.075996 62.568947 1.776871
v -20.750195 63.523544 2.906470
v -20.572994 61.800545 0.882872
v -20.461796 56.671547 2.060073
v -19.839596 64.390549 3.840870
v -19.567394 61.001343 0.169873
v -19.350399 63.868744 4.283869
v -19.212597 53.769547 1.626672
v -19.114399 65.954941 0.900070
v -19.084995 53.478745 1.781472
v -18.907997 53.955147 2.061873
v -18.632793 55.042946 2.302073
v -17.619198 59.205338 -0.432727
v -17.226196 66.839149 3.615469
v -17.193798 58.116745 -0.391927
v -17.047997 57.139946 -0.310129
v -17.033997 56.460938 -0.115527
v -17.003796 56.265144 0.266673
v -16.937996 62.305344 2.236472
v -16.763195 56.810143 0.646071
v -16.472996 65.315742 2.505869
v -16.396397 58.005142 0.827471
v -16.152798 59.550751 1.033673
v -15.809197 63.957344 1.568270
v -15.739797 60.565742 -2.591129
v -15.557397 66.223343 2.908270
v -15.290998 64.578949 1.994070
v -15.273595 59.379539 -2.234928
v -14.921796 59.458740 0.232872
v -15.584397 0.789345 10.363680
v -15.550797 0.812744 10.713081
v -15.547997 0.596344 11.590881
v -15.500798 0.285343 11.820679
v -15.296998 1.021942 7.730281
v -15.225598 1.413742 7.023680
v -15.105596 1.485744 7.736281
v -15.103196 1.294144 6.249480
v -15.047597 0.190945 11.202681
v -14.997598 0.909145 10.807280
v -14.795598 0.107944 10.524281
v -14.732797 1.527744 5.171281
v -14.675397 0.484543 8.388079
v -14.563397 0.275543 10.965479
v -14.561597 0.642544 10.858080
v -14.312200 2.043545 4.972280
v -14.294797 1.719543 4.061881
v -14.200196 1.966343 7.306281
v -14.096597 1.247742 4.190681
v -13.976598 1.799545 8.564878
v -13.724599 0.665344 10.398680
v -13.707395 0.200146 8.839680
v -13.701997 0.267143 10.451679
v -13.683599 2.185543 2.947881
v -13.619798 1.005943 9.988680
v -13.486997 0.119545 9.878279
v -13.301999 0.936943 3.889081
v -13.254197 0.635544 5.290081
v -12.969197 2.191143 7.757679
v -12.946996 1.083344 -0.504319
v -12.905797 0.681343 10.346079
v -12.884198 1.045746 9.961479
v -12.860196 2.673344 2.335281
v -12.854997 0.259743 10.373878
v -12.676999 1.451141 -1.977920
v -12.669599 0.093742 9.673679
v -12.551000 2.756142 1.129479
v -12.505795 0.315544 6.814879
v -12.485196 2.304543 7.686881
v -12.410798 0.738144 -1.004519
v -12.406396 1.043545 -2.619321
v -12.384797 2.374744 -1.565919
v -12.362798 1.074944 10.573278
v -12.359395 0.693943 10.988079
v -12.298200 0.254944 11.026880
v -12.236798 1.765743 -3.048320
v -12.183995 2.952343 5.799679
v -12.177999 2.005943 8.856680
v -12.085599 3.328743 2.803880
v -12.064595 0.635342 1.196481
v -11.989999 1.361942 -3.719720
v -11.969197 0.682941 -3.138921
v -11.922597 3.189342 -1.457320
v -11.881398 0.711742 13.037880
v -11.858998 0.252945 13.144279
v -11.827199 3.677944 -0.048520
v -11.819398 1.738544 -3.706719
v -11.818398 1.094944 12.477480
v -11.735597 3.744144 -1.167520
v -11.715997 3.259743 -2.204919
v -11.656396 4.018341 -1.842120
v -11.642198 0.955742 -4.241319
v -11.627397 4.135143 -0.088920
v -11.555799 3.501945 4.430280
v -11.546796 3.450542 -2.761121
v -11.544995 -0.020454 11.645479
v -11.534196 4.070145 1.245879
v -11.502995 0.493343 3.604079
v -11.498998 2.036743 10.290878
v -11.492997 4.747742 -0.117120
v -11.427796 0.382942 -3.525920
v -11.403798 0.714542 13.528080
v -11.398198 0.253143 13.649881
v -11.365796 4.424942 0.864680
v -11.325398 2.483345 9.129879
v -11.310197 1.095943 12.935678
v -11.256597 3.917343 3.431880
v -11.255197 0.045345 8.363878
v -11.212998 0.602142 -4.621720
v -11.142198 3.355343 5.854479
v -11.126599 0.894543 -4.680921
v -11.073400 -0.027058 12.012280
v -11.018197 4.320541 2.114280
v -10.924596 4.609543 1.526080
v -10.855996 0.253544 13.285679
v -10.849397 2.499542 9.394880
v -10.843797 0.157345 -3.769919
v -10.833798 5.140743 1.129081
v -10.821397 0.712143 13.178080
v -10.721799 0.357944 -4.869920
v -10.680596 1.091545 12.606279
v -10.655797 0.628944 -4.949519
v -10.579198 3.272343 6.570281
v -10.551198 4.067944 3.948081
v -10.493997 1.496544 11.647079
v -10.433599 1.907341 -4.768320
v -10.421399 0.348942 3.592481
v -10.414395 4.699345 1.873080
v -10.342595 5.243542 1.436280
v -10.321397 2.032543 10.376678
v -10.299199 0.008144 11.279881
v -10.234197 2.479942 9.217079
v -10.113797 0.017944 -3.887319
v -10.012998 0.256344 11.419680
v -10.001798 0.190342 -5.032720
v -9.976796 0.464943 -5.115918
v -9.951798 0.343742 3.620080
v -9.888799 0.693146 11.364479
v -9.884797 4.735542 2.052680
v -9.864198 4.470741 2.719880
v -9.849195 4.122345 4.172080
v -9.825398 5.282742 1.577679
v -9.789998 0.051346 8.582279
v -9.673596 1.061745 10.884480
v -9.408795 0.039944 -3.815520
v -9.406198 3.438744 5.805480
v -9.341798 4.715343 2.046481
v -9.329000 0.259743 10.938879
v -9.310597 0.814743 -5.103520
v -9.295995 5.257744 1.550481
v -9.277596 0.095345 10.206280
v -9.272798 4.439941 2.708480
v -9.237599 0.134544 -5.035720
v -9.213796 0.677143 10.894279
v -9.138398 4.078743 4.103881
v -9.119397 2.363544 8.214880
v -9.055799 1.044144 10.453480
v -9.018796 0.377144 3.752080
v -8.792397 4.634544 1.835879
v -8.767995 5.167542 1.351880
v -8.765195 0.379944 6.306281
v -8.708596 0.355743 -0.447520
v -8.666799 4.335945 2.459479
v -8.619199 2.303143 7.989279
v -8.568799 0.469543 -4.980920
v -8.562799 0.310143 1.413079
v -8.498998 0.190544 -4.877120
v -8.494199 3.313343 5.226680
v -8.493798 0.493542 3.902681
v -8.472596 0.264343 11.254681
v -8.445397 3.514145 4.722880
v -8.438199 0.667545 11.209480
v -8.406796 3.934544 3.743279
v -8.397397 1.028545 10.776480
v -8.327596 2.681545 7.399079
v -8.273198 4.460945 1.278279
v -8.084596 1.869743 9.998280
v -8.010198 0.237743 -1.309520
v -7.958195 0.635342 -4.670520
v -7.938595 0.168343 -3.436521
v -7.922997 2.283543 -3.998319
v -7.901997 2.857143 5.518880
v -7.896397 4.189545 0.401480
v -7.893998 1.020145 11.505680
v -7.878197 1.799145 -4.080320
v -7.856595 0.357944 -4.555120
v -7.855996 3.835545 2.201880
v -7.802998 0.753342 4.119480
v -7.759797 0.666542 11.979679
v -7.739995 3.180141 4.021081
v -7.723797 0.153343 10.824280
v -7.681397 0.269344 12.043280
v -7.651597 3.813343 -0.629720
v -7.628796 0.168343 8.493479
v -7.627797 2.285542 -3.358119
v -7.590996 0.901943 -4.277520
v -7.528195 3.329742 -1.651719
v -7.518197 1.003544 12.227079
v -7.518197 4.064941 -1.395120
v -7.514596 2.832344 -2.516120
v -7.501397 3.489544 -2.323121
v -7.449997 0.486542 -0.917520
v -7.430996 3.354942 0.698081
v -7.424996 0.392544 -3.059319
v -7.350995 1.302143 -3.740720
v -7.309998 2.558144 5.327880
v -7.260796 0.663944 12.759880
v -7.241795 0.963943 12.526680
v -7.232998 0.957542 -3.673120
v -7.226998 1.068142 4.352481
v -7.215798 1.762741 -3.085320
v -7.202397 2.783745 1.788079
v -7.122597 0.701141 -2.526120
v -7.108796 0.170345 12.448479
v -7.100197 0.273544 12.849880
v -7.074795 1.370144 -3.045121
v -7.070397 0.785542 -0.374120
v -7.065197 0.066143 11.687880
v -7.023198 0.648945 13.105680
v -7.004399 1.135742 6.095679
v -6.996998 1.780743 -2.307519
v -6.952797 1.279945 10.545679
v -6.938595 1.068745 -1.889119
v -6.925198 2.123344 0.148080
v -6.874196 0.275143 13.219879
v -6.868596 2.237144 3.688081
v -6.861397 1.478344 -1.192519
v -6.858197 2.108746 5.784079
v -6.852196 1.142742 0.244479
v -6.834397 1.426945 4.604880
v -6.809998 1.744743 7.420081
v -6.776597 1.565144 0.861680
v -6.693596 1.818943 4.879680
v -6.685597 1.393345 7.184880
v -12.533597 9.811943 0.075880
v -12.421998 11.467743 1.183880
v -12.362996 10.175545 -1.989921
v -12.159997 9.342941 1.026881
v -12.004598 7.509342 -2.078920
v -11.974198 10.292744 -2.827720
v -11.799996 5.541344 -1.446121
v -11.753198 5.764744 -0.669919
v -11.685998 10.814743 2.182681
v -11.667798 5.105942 -2.420921
v -11.646398 7.398540 -3.043121
v -11.541997 5.875744 0.089280
v -11.525197 8.883343 1.840880
v -11.388398 4.630745 -3.347520
v -11.300797 2.825745 -3.621720
v -11.227597 4.979542 0.613080
v -11.199796 5.931744 0.746680
v -11.117997 7.256542 -3.849121
v -10.964997 4.186142 -4.114120
v -10.926999 2.271141 -4.324520
v -10.760396 5.991745 1.217280
v -10.683599 8.660343 2.426680
v -10.658196 10.446342 2.893679
v -10.429196 7.014145 -4.395719
v -10.209996 6.110142 1.494879
v -10.019795 7.325943 2.001479
v -9.822797 3.627945 -4.791320
v -9.785199 8.805344 2.662480
v -9.705396 6.672543 -4.589721
v -9.634198 6.227142 1.558280
v -9.448796 9.701141 -4.677521
v -9.303597 7.576344 1.969680
v -9.254598 3.494942 -4.775121
v -9.050397 6.296341 1.436080
v -9.001599 6.318142 -4.503520
v -8.856797 9.176941 2.570679
v -8.649796 9.159142 -4.567122
v -8.590997 7.807541 1.721680
v -8.475995 6.269943 1.157479
v -8.357999 1.913143 -4.540922
v -8.303800 5.016144 0.926079
v -8.299397 6.044945 -4.237119
v -7.969597 6.189545 0.709880
v -7.933197 4.791142 0.264479
v -7.667595 4.478344 -0.539920
v -7.665799 3.866142 -3.799720
v -7.636998 2.851143 -3.224721
v -7.579998 5.947342 -3.891120
v -7.529797 6.063541 0.085480
v -7.311398 4.396942 -3.105121
v -7.248597 7.865746 0.712080
v -7.211396 5.856743 -0.647920
v -7.102795 4.998943 -2.286321
v -7.069996 5.535343 -1.422120
v -7.059998 6.168541 -3.523321
v -6.678196 7.828743 -0.037721
v -6.618397 6.581543 -3.018720
v -6.363198 8.479141 -3.525320
v -6.308796 7.061142 -2.401321
v -6.292397 7.717941 -0.863321
v -6.185196 7.478344 -1.694721
v -5.754796 8.771744 -3.149120
v -5.532795 9.762344 -0.069521
v -13.355996 16.647942 -2.074124
v -13.254598 18.771147 -0.949124
v -13.103200 14.608345 -2.450123
v -12.938996 16.919344 -0.059723
v -12.908399 12.473545 -1.267122
v -12.837796 12.106743 -0.000721
v -12.726396 14.141541 -3.529722
v -12.600797 10.062943 -0.921121
v -12.571198 12.568542 -2.573322
v -12.077397 13.618744 -4.201523
v -12.027196 12.496742 -3.472523
v -11.974198 10.292744 -2.827720
v -11.902997 17.141146 1.824278
v -11.789800 13.755943 2.068678
v -11.304997 12.451942 -4.246723
v -11.195600 10.433544 -3.830320
v -10.583596 13.404541 3.055277
v -10.504998 20.251345 3.413276
v -10.486196 17.207747 3.378677
v -10.471799 11.982143 -4.769720
v -10.277398 10.105545 -4.478521
v -10.197396 12.370544 -5.369522
v -9.518197 10.579342 3.194880
v -9.448796 9.701141 -4.677521
v -9.183797 13.453342 3.572277
v -8.831197 17.177347 4.239878
v -8.610799 20.160746 4.594877
v -8.314797 11.051544 3.137280
v -7.859196 8.647144 -4.323721
v -7.601395 13.784142 3.680678
v -7.123597 11.593346 2.760079
v -7.029797 8.384544 -3.825922
v -6.788395 17.180548 4.536478
v -6.231396 9.781342 0.872279
v -6.008996 11.898342 2.099280
v -5.954998 21.131945 5.160676
v -5.948395 14.247543 3.426878
v -5.285397 9.138542 -2.660921
v -5.097596 9.664742 -1.064722
v -5.035996 9.453144 -2.023521
v -5.007397 11.846943 1.152880
v -4.264596 10.588543 -2.942522
v -4.247395 11.597542 0.036480
v -3.814595 11.284744 -1.125320
v -3.794995 11.001942 -2.215320
v -2.784596 11.856743 -2.206522
v -2.557797 12.462143 -0.948923
v -8.863996 8.334942 -9.918921
v -8.533795 7.037140 -11.087123
v -8.298997 8.384941 -8.148920
v -8.279798 11.029541 -10.167719
v -8.149198 8.208344 -12.019923
v -7.742398 6.869942 -10.187120
v -7.408997 5.737541 -12.693320
v -7.364998 6.586342 -13.314319
v -7.192997 5.758343 -11.897723
v -6.235398 8.362942 -13.809722
v -5.949196 10.979542 -12.540122
v -5.818196 6.432743 -10.268721
v -5.622796 6.245541 -14.679122
v -5.370995 7.372341 -14.648723
v -5.297398 5.444942 -14.790919
v -5.098195 4.552940 -14.265121
v -4.893795 4.960541 -12.495521
v -4.196797 3.984142 -14.542120
v -3.240795 8.835743 -14.946921
v -3.231797 6.095142 -15.692523
v -3.019997 11.598740 -14.057723
v -2.963196 10.301140 -14.477321
v -2.720997 13.013741 -13.990520
v -2.709397 4.948944 -15.862124
v -2.637196 7.528942 -15.548923
v -2.621395 3.620342 -15.397120
v -2.596798 4.147343 -15.880121
v -2.516197 4.261341 -13.338121
v -1.348198 3.541142 -14.635321
v 0.000004 3.270542 -15.864519
v 0.000004 3.511341 -14.646723
v 0.000004 3.790741 -16.585123
v 0.000004 4.003742 -13.483522
v 0.000004 4.883541 -16.650320
v 0.000004 6.197544 -10.100122
v 0.000004 6.234142 -16.378321
v 0.000004 7.994942 -15.939120
v 0.000004 9.239944 -15.702922
v 0.000004 10.495941 -15.452521
v 0.000004 13.138542 -15.004123
v 0.000004 16.065540 -14.703120
v 1.348202 3.541142 -14.635321
v 2.516201 4.261341 -13.338121
v 2.596805 4.147343 -15.880121
v 2.621403 3.620342 -15.397120
v 2.637203 7.528942 -15.548923
v 2.709400 4.948944 -15.862124
v 2.721004 13.013741 -13.990520
v 2.963207 10.301140 -14.477321
v 3.020000 11.598740 -14.057723
v 3.231800 6.095142 -15.692523
v 3.240803 8.835743 -14.946921
v 4.196804 3.984142 -14.542120
v 4.893802 4.960541 -12.495521
v 5.098201 4.552940 -14.265121
v 5.297405 5.444942 -14.790919
v 5.371006 7.372341 -14.648723
v 5.622806 6.245541 -14.679122
v 5.818202 6.432743 -10.268721
v 5.949207 10.979542 -12.540122
v 6.235401 8.362942 -13.809722
v 7.193004 5.758343 -11.897723
v 7.365001 6.586342 -13.314319
v 7.409000 5.737541 -12.693320
v 7.742404 6.869942 -10.187120
v 8.149203 8.208344 -12.019923
v 8.533801 7.037140 -11.087123
v 8.864001 8.334942 -9.918921
vn -0.9912 0.0621 0.1170
vn -0.9857 0.0904 0.1420
vn -0.9517 0.0540 -0.3021
vn -0.8888 0.0789 0.4514
vn -0.9136 0.0600 0.4021
vn -0.9925 0.0863 0.0861
vn -0.9357 0.0620 -0.3472
vn -0.7655 0.0625 -0.6404
vn -0.7926 0.0944 -0.6024
vn -0.9537 0.0994 -0.2839
vn -0.9521 0.0939 -0.2909
vn -0.9962 0.0408 0.0767
vn -0.4561 -0.0390 -0.8891
vn -0.2482 -0.0638 -0.9666
vn -0.2094 -0.1126 -0.9713
vn -0.6785 -0.1338 -0.7223
vn -0.6700 -0.1228 -0.7322
vn -0.4295 -0.1354 -0.8929
vn -0.4406 -0.1110 -0.8908
vn -0.2412 -0.1313 -0.9616
vn -0.6666 0.0606 0.7429
vn -0.7476 0.0670 0.6608
vn -0.7450 0.0542 0.6649
vn -0.5227 0.0555 0.8507
vn -0.5236 0.0038 0.8520
vn -0.8080 0.0671 0.5854
vn -0.7915 0.0744 0.6066
vn -0.7589 0.0269 0.6506
vn -0.8203 0.0187 0.5716
vn -0.9557 0.0100 -0.2941
vn -0.9232 -0.0675 -0.3783
vn -0.7387 0.0337 -0.6732
vn -0.3165 0.0753 -0.9456
vn -0.3212 0.1093 -0.9407
vn -0.0000 0.1203 -0.9927
vn -0.5344 0.0667 -0.8426
vn -0.5370 0.1022 0.8374
vn -0.6756 0.0285 0.7367
vn -0.3610 0.0020 0.9326
vn -0.5511 0.0724 0.8313
vn -0.0000 -0.0707 -0.9975
vn -0.0000 -0.1177 -0.9930
vn -0.7347 0.0741 -0.6744
vn -0.5293 0.0573 -0.8465
vn -0.4613 0.0081 -0.8872
vn -0.7214 0.0086 -0.6925
vn -0.5524 0.0643 -0.8311
vn -0.3005 0.0310 -0.9533
vn -0.3174 0.1130 0.9415
vn -0.3626 0.0964 0.9270
vn -0.0000 0.1129 0.9936
vn -0.0000 0.0411 0.9992
vn -0.9134 -0.1259 -0.3872
vn -0.9427 -0.0666 -0.3268
vn -0.7224 -0.0538 -0.6894
vn -0.0000 0.0225 0.9997
vn -0.3356 0.0617 0.9400
vn -0.3815 -0.0058 0.9243
vn -0.5561 0.0024 0.8311
vn -0.5542 -0.0750 0.8290
vn -0.3315 -0.1066 0.9374
vn -0.0000 -0.1273 0.9919
vn -0.0000 -0.2188 0.9758
vn -0.3177 -0.1796 0.9310
vn -0.8271 -0.1068 0.5518
vn -0.9202 -0.0843 0.3822
vn -0.9063 -0.0144 0.4225
vn -0.8071 -0.3713 0.4590
vn -0.8758 -0.4500 0.1745
vn -0.9947 -0.0662 0.0791
vn -0.7669 -0.0454 0.6402
vn -0.8172 -0.0471 0.5745
vn -0.5461 -0.1576 0.8228
vn -0.6940 -0.0720 0.7164
vn -0.7613 -0.1024 0.6403
vn -0.7529 -0.2134 0.6226
vn -0.6648 -0.1856 0.7236
vn -0.6910 -0.1370 0.7097
vn -0.6316 -0.2776 0.7239
vn -0.6367 -0.2137 0.7409
vn -0.5911 -0.2836 0.7551
vn -0.6549 -0.3635 0.6626
vn -0.9715 -0.2347 -0.0323
vn -0.9916 -0.0108 0.1288
vn -0.7136 0.0011 -0.7005
vn -0.7185 0.0250 -0.6951
vn -0.0000 0.0412 -0.9992
vn -0.4982 0.0664 -0.8645
vn -0.0000 0.1094 -0.9940
vn -0.2768 0.1057 -0.9551
vn -0.2403 -0.0102 -0.9706
vn -0.0000 -0.0180 -0.9998
vn -0.2562 0.0863 -0.9628
vn -0.3376 0.1600 -0.9276
vn -0.0000 0.1675 -0.9859
vn -0.4675 0.0626 -0.8818
vn -0.0000 0.3802 -0.9249
vn -0.3094 0.2905 -0.9055
vn -0.5562 0.1344 -0.8201
vn -0.5350 0.2780 -0.7978
vn -0.8601 -0.1555 -0.4858
vn -0.8219 -0.0796 -0.5641
vn -0.6994 -0.0161 -0.7146
vn -0.7402 0.2121 -0.6381
vn -0.7533 0.0472 -0.6559
vn -0.8347 0.0259 -0.5501
vn -0.8918 0.2945 -0.3436
vn -0.0144 -0.8318 -0.5549
vn -0.2551 -0.9594 -0.1204
vn 0.2427 -0.9438 -0.2245
vn -0.4124 -0.7064 0.5752
vn -0.4355 -0.7579 -0.4857
vn -0.6385 -0.7544 -0.1522
vn -0.6870 -0.4549 0.5667
vn -0.6040 -0.7706 0.2034
vn -0.8763 -0.4578 -0.1501
vn -0.7502 -0.5545 -0.3602
vn -0.8089 -0.0475 -0.5860
vn -0.8966 0.2610 -0.3578
vn -0.8677 0.3445 0.3584
vn -0.7665 0.2077 0.6078
vn -0.8900 0.2075 0.4060
vn -0.9448 0.3158 0.0870
vn -0.9419 0.3355 0.0156
vn -0.7806 0.0961 0.6176
vn -0.7516 -0.3885 -0.5331
vn -0.8393 -0.3130 -0.4445
vn -0.8309 -0.4045 -0.3820
vn -0.7645 -0.2442 -0.5966
vn -0.8165 -0.1582 -0.5553
vn -0.6546 -0.0116 0.7559
vn -0.5329 0.4112 -0.7396
vn -0.8824 0.3823 -0.2743
vn -0.3377 0.4207 -0.8420
vn -0.7212 0.3877 -0.5741
vn -0.6629 -0.4118 -0.6252
vn -0.6918 -0.2818 -0.6649
vn -0.7929 -0.0429 -0.6079
vn -0.6818 -0.4600 -0.5688
vn -0.9341 -0.2520 -0.2529
vn -0.3564 -0.2816 0.8909
vn -0.3802 -0.2348 0.8946
vn -0.4266 -0.3489 0.8344
vn -0.3840 -0.3158 0.8676
vn -0.6028 -0.3303 0.7264
vn -0.0000 -0.2053 0.9787
vn -0.5728 -0.3540 0.7393
vn -0.5992 -0.2794 0.7503
vn -0.2980 -0.1438 0.9437
vn -0.4616 -0.3971 0.7932
vn -0.5380 -0.3248 0.7778
vn -0.6900 -0.2411 0.6825
vn -0.2472 -0.3892 0.8874
vn -0.2290 -0.5485 0.8042
vn -0.2725 -0.0186 -0.9620
vn -0.5390 -0.1991 0.8185
vn -0.6263 -0.2569 0.7360
vn -0.3308 -0.5600 -0.7596
vn -0.1950 -0.0285 0.9804
vn -0.2671 -0.1954 0.9437
vn -0.0000 0.0217 0.9998
vn -0.5818 -0.3493 0.7345
vn -0.4660 -0.2209 0.8568
vn -0.5619 -0.4874 -0.6683
vn -0.6270 -0.3417 0.7001
vn -0.5251 -0.0615 0.8488
vn -0.7151 -0.0465 0.6975
vn -0.5210 -0.2408 0.8189
vn -0.3111 -0.2374 0.9202
vn -0.6826 -0.0936 0.7248
vn -0.4219 -0.1738 0.8898
vn -0.9141 -0.1489 0.3773
vn -0.8325 -0.1086 0.5433
vn -0.8792 -0.1998 0.4325
vn -0.8181 0.0005 0.5751
vn -0.9293 -0.1037 0.3546
vn -0.1822 -0.2314 0.9556
vn -0.2591 -0.3693 0.8925
vn -0.8956 0.0714 0.4391
vn -0.7214 0.1198 0.6821
vn -0.7286 0.0726 0.6811
vn -0.5902 0.1109 0.7996
vn -0.3719 -0.0424 0.9273
vn -0.0770 -0.3899 0.9177
vn -0.1342 -0.4200 0.8976
vn -0.0000 -0.4589 0.8885
vn -0.8860 -0.3581 -0.2946
vn -0.9413 -0.1885 -0.2800
vn -0.7075 -0.2731 -0.6518
vn -0.1521 -0.2892 0.9451
vn -0.1699 -0.1571 0.9729
vn -0.0000 -0.2823 0.9593
vn -0.0000 -0.5365 0.8439
vn -0.4203 -0.0180 0.9072
vn -0.6337 0.0700 0.7704
vn -0.2190 -0.1168 0.9687
vn -0.0000 -0.1431 0.9897
vn -0.2766 -0.0771 0.9579
vn -0.0000 -0.0950 0.9955
vn -0.4850 -0.0083 0.8745
vn -0.2852 -0.0511 0.9571
vn -0.9237 -0.0134 -0.3828
vn -0.4763 -0.2403 -0.8458
vn -0.4841 -0.0502 -0.8735
vn -0.2340 -0.0569 -0.9706
vn -0.2462 -0.0362 -0.9685
vn -0.0000 -0.0365 -0.9993
vn -0.6624 0.0408 0.7480
vn -0.2290 -0.1017 -0.9681
vn -0.9932 -0.1140 0.0233
vn -0.9959 -0.0378 0.0822
vn -0.9915 0.0294 0.1265
vn -0.9226 0.0037 0.3858
vn -0.1664 0.8961 -0.4115
vn -0.0963 0.8798 -0.4655
vn -0.2116 0.9101 -0.3562
vn -0.5879 -0.6144 0.5262
vn -0.3168 -0.6036 0.7317
vn -0.6279 -0.3235 0.7078
vn -0.6802 -0.6257 -0.3819
vn -0.7117 -0.6952 -0.1007
vn -0.5185 -0.4508 -0.7266
vn -0.3025 0.9068 -0.2937
vn -0.5577 -0.2506 0.7913
vn -0.0742 0.8541 -0.5147
vn -0.0000 -0.8273 0.5617
vn 0.3828 -0.8683 0.3154
vn 0.4852 -0.8744 -0.0047
vn -0.7824 -0.6055 -0.1456
vn -0.7837 -0.0904 -0.6145
vn -0.5912 0.0795 -0.8026
vn -0.8009 0.1988 -0.5648
vn -0.8219 -0.5654 0.0692
vn -0.8687 -0.3466 -0.3539
vn -0.9586 -0.1876 -0.2143
vn -0.6368 -0.7572 0.1453
vn -0.6030 -0.7739 -0.1937
vn -0.7038 -0.6244 0.3389
vn 0.6522 -0.7288 -0.2086
vn 0.5588 -0.7867 -0.2624
vn -0.5710 0.4365 0.6952
vn -0.5710 0.4365 0.6953
vn -0.5889 0.4461 0.6739
vn -0.5526 0.4266 0.7160
vn -0.5410 -0.8386 0.0639
vn -0.1285 -0.6636 0.7370
vn -0.3872 -0.9189 -0.0759
vn -0.5080 -0.8503 -0.1378
vn -0.5045 -0.7973 0.3313
vn -0.8407 -0.4093 0.3546
vn -0.8321 -0.2616 0.4891
vn 0.5912 -0.8015 0.0895
vn -0.9008 0.3081 0.3061
vn -0.6887 0.6537 0.3137
vn -0.4493 -0.0807 -0.8897
vn -0.9645 -0.2006 0.1718
vn -0.9053 -0.1190 -0.4079
vn -0.9740 -0.2001 0.1058
vn -0.7038 -0.0885 -0.7049
vn -0.7497 -0.1068 -0.6531
vn 0.6693 -0.6244 -0.4026
vn 0.5267 -0.6716 -0.5211
vn -0.4113 -0.7094 0.5724
vn 0.3803 -0.9107 0.1611
vn 0.4246 -0.8752 -0.2319
vn 0.3740 -0.8738 -0.3108
vn 0.3470 -0.6610 -0.6653
vn -0.3962 -0.7076 0.5851
vn -0.6480 -0.0014 0.7617
vn -0.6942 0.4491 0.5625
vn -0.3960 -0.4098 0.8217
vn 0.5792 -0.3777 0.7224
vn -0.1346 -0.4424 0.8866
vn 0.3252 -0.4307 0.8418
vn -0.0333 -0.5030 0.8637
vn -0.2138 -0.3930 0.8943
vn -0.5583 -0.4429 0.7015
vn -0.9088 0.1479 -0.3902
vn -0.8431 -0.4573 -0.2829
vn -0.9556 -0.2828 -0.0827
vn -0.8460 0.5330 0.0135
vn -0.8593 0.5041 0.0860
vn -0.7729 0.5157 0.3696
vn -0.6086 0.4274 0.6685
vn -0.7492 0.6109 0.2558
vn -0.6735 0.5912 0.4436
vn -0.2078 -0.4816 0.8514
vn -0.2280 -0.3368 0.9135
vn -0.0000 0.0223 -0.9998
vn 0.2340 -0.0569 -0.9706
vn -0.0952 -0.8018 0.5900
vn -0.0139 -0.7771 0.6292
vn -0.0000 0.0417 -0.9991
vn -0.0000 -0.7697 0.6384
vn -0.0000 -0.8192 0.5735
vn -0.5674 -0.1691 -0.8059
vn -0.6987 -0.3628 -0.6166
vn -0.5152 -0.2477 -0.8205
vn -0.3646 -0.0403 -0.9303
vn -0.0000 0.0807 -0.9967
vn -0.4257 -0.0045 -0.9049
vn 0.3846 -0.7436 0.5469
vn 0.5294 -0.7495 0.3975
vn -0.7549 -0.5141 -0.4071
vn 0.3796 -0.6610 0.6473
vn -0.7418 -0.5890 -0.3207
vn -0.7681 -0.4744 -0.4300
vn -0.3027 -0.0436 -0.9521
vn -0.0000 0.1112 -0.9938
vn -0.6593 -0.4165 -0.6260
vn -0.0000 -0.1801 0.9836
vn -0.4760 -0.2646 -0.8387
vn 0.5086 -0.5893 0.6277
vn 0.5320 -0.6476 0.5454
vn 0.2575 -0.5502 0.7943
vn -0.0871 -0.1481 0.9851
vn 0.0123 -0.2697 0.9629
vn 0.4261 -0.5170 0.7424
vn 0.1394 -0.3659 0.9201
vn -0.6487 -0.4244 -0.6317
vn 0.9357 0.0620 -0.3472
vn 0.9962 0.0408 0.0767
vn 0.9521 0.0939 -0.2909
vn 0.9136 0.0600 0.4021
vn 0.8888 0.0789 0.4514
vn 0.9857 0.0904 0.1420
vn 0.9925 0.0863 0.0861
vn 0.7476 0.0670 0.6608
vn 0.7449 0.0542 0.6649
vn 0.8080 0.0671 0.5854
vn 0.9912 0.0621 0.1170
vn 0.7915 0.0744 0.6066
vn 0.6700 -0.1229 -0.7321
vn 0.6786 -0.1338 -0.7222
vn 0.4295 -0.1354 -0.8929
vn 0.2482 -0.0638 -0.9666
vn 0.4561 -0.0389 -0.8891
vn 0.2093 -0.1126 -0.9713
vn 0.7214 0.0086 -0.6925
vn 0.4406 -0.1110 -0.8908
vn 0.9237 -0.0134 -0.3828
vn 0.9427 -0.0666 -0.3268
vn 0.9134 -0.1259 -0.3872
vn 0.9537 0.0994 -0.2839
vn 0.9517 0.0540 -0.3021
vn 0.6666 0.0606 0.7429
vn 0.3610 0.0020 0.9326
vn 0.5236 0.0038 0.8520
vn 0.5227 0.0555 0.8507
vn 0.3356 0.0617 0.9400
vn 0.8203 0.0187 0.5716
vn 0.7590 0.0269 0.6506
vn 0.5370 0.1022 0.8374
vn 0.6756 0.0285 0.7367
vn 0.3174 0.1130 0.9415
vn 0.5511 0.0724 0.8313
vn 0.7224 -0.0538 -0.6894
vn 0.4613 0.0081 -0.8872
vn 0.7347 0.0741 -0.6744
vn 0.5293 0.0573 -0.8465
vn 0.7926 0.0944 -0.6024
vn 0.2725 -0.0186 -0.9620
vn 0.2404 -0.0102 -0.9706
vn 0.7655 0.0625 -0.6404
vn 0.5524 0.0643 -0.8311
vn 0.3626 0.0964 0.9270
vn 0.2412 -0.1313 -0.9616
vn 0.3177 -0.1796 0.9310
vn 0.8072 -0.3713 0.4590
vn 0.8271 -0.1068 0.5518
vn 0.9202 -0.0843 0.3822
vn 0.8758 -0.4500 0.1745
vn 0.3315 -0.1066 0.9374
vn 0.5542 -0.0750 0.8290
vn 0.3815 -0.0058 0.9243
vn 0.5561 0.0024 0.8311
vn 0.7613 -0.1024 0.6403
vn 0.6910 -0.1370 0.7097
vn 0.6940 -0.0720 0.7164
vn 0.7669 -0.0454 0.6402
vn 0.8172 -0.0471 0.5745
vn 0.9063 -0.0144 0.4225
vn 0.5461 -0.1576 0.8228
vn 0.7529 -0.2134 0.6226
vn 0.6648 -0.1856 0.7236
vn 0.3212 0.1093 -0.9407
vn 0.3165 0.0753 -0.9456
vn 0.7136 0.0011 -0.7005
vn 0.7185 0.0250 -0.6951
vn 0.5344 0.0667 -0.8426
vn 0.9232 -0.0675 -0.3783
vn 0.9557 0.0100 -0.2941
vn 0.7387 0.0337 -0.6732
vn 0.9715 -0.2347 -0.0323
vn 0.9947 -0.0662 0.0791
vn 0.9916 -0.0109 0.1288
vn 0.2768 0.1057 -0.9551
vn 0.4982 0.0664 -0.8645
vn 0.3376 0.1600 -0.9276
vn 0.3094 0.2905 -0.9055
vn 0.5350 0.2780 -0.7978
vn 0.5562 0.1344 -0.8201
vn 0.2562 0.0863 -0.9628
vn 0.7402 0.2121 -0.6381
vn 0.6994 -0.0161 -0.7146
vn 0.8601 -0.1555 -0.4858
vn 0.4675 0.0627 -0.8818
vn 0.8918 0.2945 -0.3436
vn 0.8347 0.0259 -0.5501
vn 0.7929 -0.0429 -0.6079
vn 0.6918 -0.2818 -0.6649
vn 0.7645 -0.2442 -0.5966
vn 0.8089 -0.0475 -0.5860
vn 0.7533 0.0472 -0.6559
vn 0.8219 -0.0796 -0.5641
vn 0.6040 -0.7706 0.2034
vn 0.2551 -0.9594 -0.1204
vn 0.4124 -0.7064 0.5752
vn 0.6385 -0.7544 -0.1522
vn 0.9341 -0.2519 -0.2528
vn 0.8763 -0.4578 -0.1500
vn 0.4355 -0.7579 -0.4857
vn 0.8393 -0.3130 -0.4445
vn 0.8966 0.2610 -0.3578
vn 0.6546 -0.0116 0.7559
vn 0.7665 0.2077 0.6078
vn 0.7806 0.0961 0.6176
vn 0.3377 0.4207 -0.8420
vn 0.5329 0.4112 -0.7396
vn 0.8900 0.2075 0.4061
vn 0.8824 0.3823 -0.2743
vn 0.9448 0.3159 0.0870
vn 0.9419 0.3355 0.0156
vn 0.8677 0.3445 0.3584
vn 0.7212 0.3877 -0.5741
vn 0.7516 -0.3885 -0.5331
vn 0.8309 -0.4045 -0.3820
vn 0.8165 -0.1582 -0.5553
vn 0.6629 -0.4118 -0.6252
vn 0.6818 -0.4600 -0.5688
vn 0.2472 -0.3892 0.8874
vn 0.2980 -0.1438 0.9437
vn 0.3840 -0.3158 0.8676
vn 0.6263 -0.2569 0.7360
vn 0.5380 -0.3248 0.7778
vn 0.5992 -0.2794 0.7503
vn 0.6028 -0.3303 0.7264
vn 0.5911 -0.2836 0.7551
vn 0.5728 -0.3540 0.7393
vn 0.3564 -0.2816 0.8909
vn 0.2671 -0.1954 0.9437
vn 0.3802 -0.2348 0.8946
vn 0.2290 -0.5485 0.8042
vn 0.6367 -0.2137 0.7409
vn 0.4266 -0.3489 0.8344
vn 0.4616 -0.3971 0.7932
vn 0.6900 -0.2411 0.6825
vn 0.5818 -0.3493 0.7345
vn 0.6549 -0.3635 0.6626
vn 0.3007 0.0312 -0.9532
vn 0.5390 -0.1991 0.8184
vn 0.6316 -0.2776 0.7239
vn 0.6870 -0.4549 0.5667
vn 0.7502 -0.5545 -0.3602
vn 0.3308 -0.5600 -0.7596
vn 0.0144 -0.8318 -0.5549
vn -0.2427 -0.9438 -0.2245
vn 0.4660 -0.2209 0.8568
vn 0.6270 -0.3417 0.7001
vn 0.5619 -0.4874 -0.6683
vn 0.1950 -0.0285 0.9804
vn 0.3111 -0.2374 0.9202
vn 0.5210 -0.2408 0.8189
vn 0.5251 -0.0615 0.8488
vn 0.3719 -0.0424 0.9273
vn 0.1342 -0.4200 0.8976
vn 0.0770 -0.3899 0.9176
vn 0.1822 -0.2314 0.9556
vn 0.8181 0.0005 0.5751
vn 0.7151 -0.0465 0.6975
vn 0.8325 -0.1086 0.5433
vn 0.2591 -0.3693 0.8925
vn 0.4219 -0.1738 0.8898
vn 0.9293 -0.1037 0.3546
vn 0.8792 -0.1998 0.4325
vn 0.6826 -0.0936 0.7248
vn 0.5902 0.1109 0.7996
vn 0.7286 0.0727 0.6811
vn 0.7214 0.1198 0.6821
vn 0.6337 0.0700 0.7704
vn 0.9413 -0.1885 -0.2800
vn 0.8860 -0.3581 -0.2946
vn 0.7075 -0.2731 -0.6518
vn 0.7497 -0.1068 -0.6531
vn 0.7038 -0.0885 -0.7049
vn 0.4841 -0.0502 -0.8735
vn 0.1521 -0.2892 0.9451
vn 0.1699 -0.1571 0.9729
vn 0.2852 -0.0512 0.9571
vn 0.2766 -0.0771 0.9579
vn 0.4850 -0.0083 0.8745
vn 0.9226 0.0037 0.3858
vn 0.8956 0.0714 0.4391
vn 0.4763 -0.2403 -0.8458
vn 0.2462 -0.0362 -0.9685
vn 0.6624 0.0408 0.7480
vn 0.2290 -0.1017 -0.9681
vn 0.4203 -0.0181 0.9072
vn 0.9915 0.0294 0.1265
vn 0.9959 -0.0378 0.0822
vn 0.9932 -0.1140 0.0233
vn -0.3828 -0.8683 0.3154
vn -0.4852 -0.8744 -0.0047
vn 0.1285 -0.6636 0.7370
vn 0.3168 -0.6036 0.7317
vn 0.5577 -0.2507 0.7913
vn 0.5710 0.4365 0.6953
vn 0.5710 0.4365 0.6952
vn 0.5889 0.4461 0.6739
vn -0.5913 -0.8015 0.0894
vn 0.0963 0.8798 -0.4655
vn 0.1664 0.8961 -0.4115
vn 0.2116 0.9101 -0.3563
vn -0.6522 -0.7288 -0.2086
vn -0.5588 -0.7867 -0.2624
vn 0.5879 -0.6144 0.5262
vn 0.6280 -0.3235 0.7078
vn 0.8687 -0.3466 -0.3539
vn 0.7824 -0.6055 -0.1456
vn 0.8219 -0.5654 0.0693
vn 0.7038 -0.6243 0.3389
vn 0.6368 -0.7572 0.1454
vn 0.7117 -0.6952 -0.1007
vn 0.6802 -0.6257 -0.3819
vn 0.5185 -0.4508 -0.7266
vn 0.0742 0.8541 -0.5147
vn 0.3025 0.9068 -0.2937
vn 0.6030 -0.7739 -0.1937
vn 0.5080 -0.8503 -0.1378
vn 0.5410 -0.8386 0.0639
vn 0.5526 0.4266 0.7160
vn 0.3872 -0.9189 -0.0759
vn 0.5045 -0.7973 0.3313
vn 0.8321 -0.2616 0.4891
vn 0.8407 -0.4092 0.3546
vn 0.6887 0.6537 0.3137
vn 0.9008 0.3081 0.3061
vn 0.9586 -0.1876 -0.2143
vn 0.9645 -0.2006 0.1718
vn 0.9053 -0.1190 -0.4079
vn 0.9141 -0.1489 0.3773
vn 0.4494 -0.0807 -0.8897
vn 0.4113 -0.7094 0.5723
vn -0.4246 -0.8752 -0.2319
vn -0.3740 -0.8738 -0.3108
vn -0.3470 -0.6610 -0.6653
vn -0.5267 -0.6716 -0.5211
vn -0.6693 -0.6244 -0.4026
vn 0.7837 -0.0904 -0.6146
vn 0.5912 0.0795 -0.8026
vn 0.8010 0.1989 -0.5647
vn 0.3962 -0.7076 0.5851
vn 0.9740 -0.2001 0.1058
vn -0.3803 -0.9107 0.1611
vn 0.6480 -0.0014 0.7617
vn 0.6942 0.4491 0.5625
vn 0.7729 0.5157 0.3696
vn 0.3960 -0.4098 0.8217
vn 0.5583 -0.4429 0.7015
vn 0.1346 -0.4424 0.8866
vn 0.2138 -0.3930 0.8943
vn 0.2280 -0.3368 0.9135
vn 0.0952 -0.8018 0.5900
vn -0.5792 -0.3777 0.7224
vn 0.9088 0.1479 -0.3902
vn 0.8594 0.5041 0.0860
vn 0.6086 0.4274 0.6685
vn 0.6735 0.5912 0.4436
vn 0.7492 0.6109 0.2559
vn 0.2078 -0.4816 0.8514
vn 0.0333 -0.5030 0.8637
vn 0.8460 0.5330 0.0135
vn 0.0139 -0.7772 0.6292
vn 0.9556 -0.2828 -0.0827
vn 0.8432 -0.4572 -0.2829
vn 0.5152 -0.2477 -0.8205
vn 0.6593 -0.4165 -0.6260
vn 0.6987 -0.3628 -0.6166
vn 0.3646 -0.0403 -0.9303
vn 0.4257 -0.0045 -0.9049
vn 0.5674 -0.1691 -0.8059
vn 0.7550 -0.5141 -0.4071
vn 0.7681 -0.4744 -0.4300
vn -0.3846 -0.7436 0.5469
vn 0.7418 -0.5890 -0.3207
vn 0.3027 -0.0436 -0.9521
vn 0.4760 -0.2645 -0.8387
vn 0.2190 -0.1168 0.9687
vn 0.6487 -0.4244 -0.6317
vn -0.3796 -0.6610 0.6473
vn -0.5294 -0.7495 0.3975
vn -0.2575 -0.5502 0.7943
vn -0.0123 -0.2697 0.9629
vn -0.5320 -0.6476 0.5454
vn -0.5086 -0.5893 0.6277
vn -0.3252 -0.4308 0.8418
vn -0.4261 -0.5170 0.7424
vn -0.1394 -0.3659 0.9201
vn 0.0871 -0.1481 0.9851
vn -0.5305 -0.1067 0.8410
vn -0.3767 -0.0741 0.9234
vn -0.0943 0.1253 0.9876
vn -0.0000 0.1569 0.9876
vn -0.0343 0.1385 0.9898
vn -0.8201 0.3949 0.4141
vn -0.8773 0.4550 0.1525
vn -0.8409 0.3468 0.4155
vn -0.8901 0.4444 0.1010
vn -0.8390 0.4972 -0.2212
vn -0.8471 0.5121 -0.1423
vn -0.2710 0.0723 0.9599
vn -0.4517 0.0405 0.8912
vn -0.1854 0.1234 0.9749
vn -0.8791 0.4740 -0.0490
vn -0.7428 0.5141 -0.4289
vn -0.8575 0.4964 -0.1350
vn -0.7812 0.4738 -0.4065
vn -0.3320 0.5462 -0.7691
vn -0.5176 0.5039 -0.6915
vn -0.5671 0.5325 -0.6283
vn -0.1353 0.1332 0.9818
vn -0.0000 0.1056 0.9944
vn -0.3938 0.1069 0.9129
vn -0.2834 0.4830 -0.8285
vn -0.7217 0.5343 -0.4401
vn -0.0000 0.5075 -0.8617
vn -0.6991 0.4959 -0.5151
vn -0.0598 0.1533 0.9864
vn -0.5260 0.2552 0.8113
vn -0.6121 0.1629 0.7738
vn -0.2925 0.1882 0.9376
vn -0.6379 0.0511 0.7685
vn -0.7471 0.2049 0.6323
vn -0.0000 0.5809 -0.8140
vn -0.7137 0.3231 0.6215
vn -0.6847 0.3134 0.6580
vn -0.8087 0.3087 0.5006
vn -0.8416 0.3879 0.3758
vn -0.7593 0.3695 0.5357
vn -0.6115 0.3250 0.7214
vn -0.8682 0.4303 0.2470
vn -0.5748 0.2480 0.7798
vn -0.1639 0.1974 0.9665
vn -0.4025 0.2732 0.8737
vn -0.2376 0.1849 0.9536
vn -0.0874 0.1026 0.9909
vn -0.1298 0.1332 0.9826
vn -0.0000 0.5681 -0.8230
vn -0.3116 0.5497 -0.7750
vn -0.5591 0.5139 -0.6507
vn -0.9100 0.4125 0.0416
vn -0.5025 0.2717 0.8208
vn -0.3441 0.2277 0.9109
vn 0.0943 0.1253 0.9876
vn 0.3767 -0.0741 0.9234
vn 0.2710 0.0723 0.9599
vn 0.0343 0.1385 0.9898
vn 0.1854 0.1234 0.9749
vn 0.1353 0.1332 0.9818
vn 0.8901 0.4444 0.1010
vn 0.8409 0.3468 0.4155
vn 0.8773 0.4550 0.1525
vn 0.8202 0.3948 0.4141
vn 0.5305 -0.1067 0.8410
vn 0.8471 0.5121 -0.1423
vn 0.8390 0.4971 -0.2212
vn 0.4517 0.0405 0.8912
vn 0.3938 0.1069 0.9129
vn 0.7217 0.5343 -0.4401
vn 0.8575 0.4966 -0.1349
vn 0.5591 0.5138 -0.6507
vn 0.7812 0.4738 -0.4065
vn 0.7428 0.5141 -0.4289
vn 0.5671 0.5325 -0.6283
vn 0.0598 0.1532 0.9864
vn 0.2834 0.4830 -0.8285
vn 0.3320 0.5462 -0.7691
vn 0.5176 0.5039 -0.6915
vn 0.6991 0.4959 -0.5151
vn 0.7137 0.3231 0.6215
vn 0.7471 0.2050 0.6323
vn 0.5260 0.2552 0.8113
vn 0.2925 0.1882 0.9376
vn 0.6122 0.1629 0.7738
vn 0.6379 0.0511 0.7685
vn 0.8087 0.3087 0.5006
vn 0.6848 0.3133 0.6580
vn 0.8416 0.3879 0.3758
vn 0.5748 0.2480 0.7798
vn 0.7593 0.3695 0.5357
vn 0.6115 0.3250 0.7214
vn 0.8682 0.4303 0.2470
vn 0.4025 0.2732 0.8737
vn 0.2376 0.1849 0.9536
vn 0.1639 0.1974 0.9665
vn 0.0874 0.1026 0.9909
vn 0.1298 0.1333 0.9825
vn 0.3116 0.5497 -0.7750
vn 0.5025 0.2717 0.8208
vn 0.3441 0.2277 0.9109
vn 0.8791 0.4740 -0.0490
vn 0.9100 0.4125 0.0416
vn -0.7360 -0.1004 0.6695
vn -0.7998 -0.0268 0.5997
vn -0.7358 -0.1444 0.6616
vn -0.8550 0.2731 0.4408
vn -0.8664 0.1443 0.4781
vn -0.7953 0.0957 0.5986
vn -0.8970 -0.0094 0.4420
vn -0.8221 -0.0262 0.5687
vn -0.7574 -0.1306 0.6398
vn -0.8760 0.1694 0.4516
vn -0.9041 0.1254 0.4084
vn -0.8837 0.1064 0.4558
vn -0.8052 0.0317 0.5922
vn -0.8394 0.0543 0.5408
vn -0.8232 0.0622 0.5643
vn -0.8316 0.0218 0.5550
vn -0.7646 0.2842 0.5784
vn -0.8581 0.1608 0.4876
vn -0.8714 0.0322 0.4895
vn -0.8590 0.1060 0.5009
vn -0.8676 0.2586 0.4248
vn -0.0000 -0.9985 -0.0542
vn -0.0000 -0.9817 -0.1904
vn -0.5260 -0.8468 -0.0793
vn -0.8495 0.3716 0.3745
vn -0.6399 -0.1768 0.7478
vn -0.7639 -0.2916 0.5757
vn -0.5089 -0.2983 0.8075
vn -0.6135 -0.3019 0.7297
vn -0.4743 -0.4679 0.7458
vn -0.6978 -0.3246 0.6385
vn -0.7859 -0.3039 0.5385
vn -0.6936 -0.4460 0.5656
vn -0.5415 -0.5533 0.6329
vn -0.7766 -0.3417 0.5292
vn -0.4955 0.8072 0.3209
vn -0.3853 0.8111 0.4401
vn -0.3103 0.8808 0.3577
vn -0.7514 -0.6215 0.2216
vn -0.4912 -0.1653 0.8552
vn -0.6604 -0.0063 0.7509
vn -0.0000 0.9044 0.4267
vn -0.2098 0.9132 0.3493
vn -0.5928 0.6513 0.4737
vn -0.4418 0.7482 0.4950
vn -0.5197 0.0121 0.8543
vn -0.9105 -0.3847 0.1516
vn -0.9178 -0.1440 0.3701
vn -0.9270 -0.3225 0.1914
vn -0.9695 -0.1142 0.2169
vn -0.6264 0.7596 0.1751
vn -0.6013 0.7334 0.3171
vn -0.2919 0.7863 0.5445
vn -0.0000 0.9727 0.2321
vn -0.2016 0.9787 -0.0380
vn -0.4420 0.8825 0.1609
vn -0.2205 0.9581 0.1830
vn -0.0000 0.8830 0.4693
vn -0.0000 0.8127 0.5827
vn -0.7868 -0.6163 0.0341
vn -0.0000 0.9064 -0.4225
vn -0.1381 0.8639 -0.4843
vn -0.0900 0.9585 -0.2706
vn -0.3209 0.8357 -0.4456
vn -0.5539 0.8107 -0.1898
vn -0.3039 0.9263 -0.2227
vn -0.0000 0.9795 -0.2013
vn -0.0000 0.9983 -0.0578
vn -0.0000 0.9981 0.0614
vn -0.5202 0.8540 -0.0070
vn -0.0000 -0.9753 -0.2208
vn -0.4154 -0.9090 -0.0333
vn -0.7718 0.1449 -0.6191
vn -0.6569 0.2311 -0.7177
vn -0.6659 0.1363 -0.7335
vn -0.4401 0.2019 -0.8749
vn -0.6368 0.2283 0.7364
vn -0.0000 0.3575 0.9339
vn -0.8678 0.2351 -0.4378
vn -0.9170 0.0791 -0.3909
vn -0.1791 0.3134 -0.9326
vn -0.3996 0.2207 -0.8897
vn -0.8424 0.0889 0.5315
vn -0.8067 0.2936 0.5129
vn -0.9333 0.0671 0.3529
vn -0.8128 0.4456 0.3752
vn -0.5443 0.5876 0.5987
vn -0.2896 0.3435 -0.8934
vn -0.8550 -0.2807 0.4360
vn -0.8342 -0.2540 0.4895
vn -0.8078 -0.2661 0.5259
vn -0.9477 0.2261 0.2254
vn -0.9668 -0.0330 0.2533
vn -0.7653 -0.5149 0.3863
vn -0.5319 -0.7179 0.4491
vn -0.5814 -0.7706 0.2610
vn -0.5605 0.4117 0.7185
vn -0.7699 0.4256 -0.4755
vn -0.5440 0.3763 -0.7499
vn -0.3333 -0.6373 0.6949
vn -0.3061 -0.5573 0.7718
vn -0.8166 -0.5502 0.1744
vn -0.0000 -0.6605 0.7508
vn -0.0000 -0.7013 0.7129
vn -0.4141 -0.8249 0.3849
vn -0.9604 0.1498 0.2350
vn -0.0000 0.6465 0.7629
vn -0.9515 -0.1696 0.2567
vn -0.8875 -0.1627 0.4312
vn -0.8686 -0.3301 0.3694
vn -0.8769 -0.4055 0.2580
vn -0.9844 0.1343 0.1135
vn -0.8766 -0.2154 0.4303
vn -0.8108 -0.1570 0.5639
vn -0.8904 -0.1750 0.4201
vn -0.8412 -0.2409 0.4841
vn -0.9123 -0.2487 0.3254
vn -0.9854 -0.0722 0.1542
vn -0.9612 -0.0712 0.2664
vn -0.5199 0.6316 0.5751
vn -0.4024 0.7063 0.5824
vn -0.6405 0.4673 0.6094
vn -0.7234 0.4652 0.5102
vn -0.8970 0.1172 0.4262
vn -0.2080 0.5470 -0.8109
vn -0.4887 0.5506 -0.6768
vn -0.4010 0.7080 -0.5813
vn -0.9337 0.3477 -0.0852
vn -0.9826 0.1856 -0.0106
vn -0.9981 0.0592 -0.0177
vn -0.9236 -0.1293 0.3609
vn -0.9977 -0.0150 0.0660
vn -0.7906 0.4330 0.4330
vn -0.0000 0.8425 0.5387
vn -0.6593 -0.7453 0.0998
vn -0.5276 0.6955 0.4877
vn -0.0000 0.8311 0.5561
vn -0.0000 -0.9999 0.0103
vn -0.9298 0.1850 0.3183
vn -0.5199 0.6984 0.4918
vn -0.9319 0.1642 0.3235
vn -0.7940 0.4496 0.4091
vn -0.6542 0.6908 -0.3078
vn -0.7717 0.5500 -0.3193
vn -0.8208 0.5709 -0.0183
vn -0.6528 0.7563 0.0442
vn -0.7443 0.6678 -0.0037
vn -0.7671 0.6122 0.1916
vn -0.1691 0.6899 -0.7039
vn -0.8426 0.5158 0.1550
vn -0.9129 0.3894 0.1226
vn -0.9022 0.3496 0.2527
vn -0.8307 0.4691 0.2999
vn -0.8734 0.4818 -0.0712
vn -0.7796 0.5555 0.2893
vn -0.3366 0.8255 0.4531
vn -0.0000 0.8937 0.4486
vn -0.4916 0.7696 0.4075
vn -0.5372 0.7460 0.3937
vn -0.7564 0.5114 0.4078
vn -0.4961 0.7425 0.4501
vn -0.9091 -0.3944 0.1338
vn -0.9370 0.2351 0.2585
vn -0.9240 0.1961 0.3282
vn -0.9822 -0.1119 0.1509
vn -0.7725 0.5290 0.3512
vn -0.0000 0.7262 -0.6875
vn -0.0000 0.5060 -0.8626
vn -0.1205 0.4453 -0.8872
vn -0.2846 0.4551 -0.8437
vn -0.9649 -0.1425 0.2204
vn -0.8156 -0.5708 0.0950
vn -0.7197 0.5755 0.3884
vn -0.9185 -0.3891 0.0703
vn -0.9056 -0.4204 0.0556
vn -0.3659 -0.8973 0.2469
vn -0.0000 0.3044 -0.9525
vn 0.7998 -0.0268 0.5997
vn 0.7361 -0.1004 0.6694
vn 0.7358 -0.1444 0.6616
vn 0.8663 0.1443 0.4782
vn 0.8550 0.2731 0.4408
vn 0.7953 0.0957 0.5986
vn 0.8221 -0.0262 0.5687
vn 0.8970 -0.0094 0.4420
vn 0.7574 -0.1306 0.6398
vn 0.8760 0.1695 0.4516
vn 0.9041 0.1254 0.4084
vn 0.8837 0.1064 0.4558
vn 0.8394 0.0543 0.5408
vn 0.8052 0.0317 0.5922
vn 0.8232 0.0622 0.5643
vn 0.8316 0.0218 0.5550
vn 0.8581 0.1608 0.4876
vn 0.7646 0.2842 0.5784
vn 0.8714 0.0322 0.4895
vn 0.8590 0.1060 0.5009
vn 0.8676 0.2585 0.4248
vn 0.5260 -0.8468 -0.0793
vn 0.8495 0.3715 0.3745
vn 0.6399 -0.1768 0.7478
vn 0.7639 -0.2916 0.5757
vn 0.5089 -0.2983 0.8075
vn 0.6135 -0.3019 0.7297
vn 0.4743 -0.4679 0.7458
vn 0.7859 -0.3039 0.5385
vn 0.6978 -0.3246 0.6385
vn 0.6936 -0.4460 0.5656
vn 0.5415 -0.5534 0.6329
vn 0.7767 -0.3417 0.5292
vn 0.3853 0.8111 0.4401
vn 0.4955 0.8072 0.3209
vn 0.3103 0.8807 0.3578
vn 0.4912 -0.1653 0.8552
vn 0.7514 -0.6215 0.2216
vn 0.6604 -0.0063 0.7509
vn 0.2098 0.9132 0.3493
vn 0.4419 0.7481 0.4951
vn 0.5929 0.6512 0.4737
vn 0.5197 0.0123 0.8543
vn 0.9105 -0.3847 0.1516
vn 0.9178 -0.1440 0.3701
vn 0.9270 -0.3224 0.1914
vn 0.9695 -0.1142 0.2169
vn 0.6264 0.7596 0.1751
vn 0.6013 0.7334 0.3171
vn 0.2919 0.7864 0.5445
vn 0.4420 0.8825 0.1609
vn 0.2016 0.9787 -0.0380
vn 0.2205 0.9581 0.1830
vn 0.7868 -0.6163 0.0341
vn 0.1381 0.8639 -0.4843
vn 0.0900 0.9585 -0.2706
vn 0.5539 0.8107 -0.1897
vn 0.3209 0.8357 -0.4456
vn 0.3039 0.9263 -0.2227
vn 0.5202 0.8540 -0.0070
vn 0.4154 -0.9090 -0.0333
vn 0.6569 0.2311 -0.7177
vn 0.7719 0.1449 -0.6191
vn 0.6659 0.1363 -0.7335
vn 0.4401 0.2020 -0.8749
vn 0.6368 0.2283 0.7364
vn 0.8678 0.2351 -0.4378
vn 0.9170 0.0790 -0.3909
vn 0.1791 0.3134 -0.9326
vn 0.3996 0.2207 -0.8897
vn 0.8067 0.2936 0.5129
vn 0.8424 0.0889 0.5315
vn 0.9333 0.0671 0.3529
vn 0.8128 0.4456 0.3752
vn 0.5443 0.5876 0.5987
vn 0.2896 0.3435 -0.8934
vn 0.8342 -0.2540 0.4895
vn 0.8550 -0.2808 0.4360
vn 0.8078 -0.2661 0.5259
vn 0.9668 -0.0330 0.2533
vn 0.9477 0.2261 0.2254
vn 0.5319 -0.7179 0.4491
vn 0.7653 -0.5149 0.3863
vn 0.5814 -0.7706 0.2610
vn 0.5605 0.4117 0.7186
vn 0.5440 0.3763 -0.7499
vn 0.7699 0.4256 -0.4755
vn 0.3061 -0.5573 0.7718
vn 0.3333 -0.6373 0.6949
vn 0.8166 -0.5503 0.1744
vn 0.4141 -0.8249 0.3849
vn 0.9604 0.1498 0.2350
vn 0.8875 -0.1627 0.4312
vn 0.9515 -0.1697 0.2567
vn 0.8686 -0.3301 0.3694
vn 0.8769 -0.4055 0.2580
vn 0.9844 0.1343 0.1135
vn 0.8766 -0.2154 0.4303
vn 0.8108 -0.1570 0.5639
vn 0.8410 -0.2409 0.4845
vn 0.8904 -0.1750 0.4201
vn 0.9123 -0.2488 0.3254
vn 0.9854 -0.0722 0.1542
vn 0.9612 -0.0712 0.2664
vn 0.4024 0.7063 0.5824
vn 0.5199 0.6316 0.5751
vn 0.6405 0.4673 0.6094
vn 0.7234 0.4652 0.5102
vn 0.8970 0.1172 0.4262
vn 0.4887 0.5506 -0.6768
vn 0.2080 0.5470 -0.8109
vn 0.4010 0.7080 -0.5813
vn 0.9826 0.1855 -0.0106
vn 0.9337 0.3477 -0.0852
vn 0.9981 0.0592 -0.0177
vn 0.9236 -0.1293 0.3608
vn 0.9977 -0.0150 0.0660
vn 0.7906 0.4330 0.4330
vn 0.6593 -0.7453 0.0998
vn 0.5277 0.6955 0.4877
vn 0.9298 0.1850 0.3183
vn 0.5199 0.6984 0.4918
vn 0.9319 0.1642 0.3235
vn 0.7941 0.4496 0.4091
vn 0.7717 0.5500 -0.3193
vn 0.6542 0.6908 -0.3078
vn 0.8208 0.5709 -0.0182
vn 0.6528 0.7563 0.0442
vn 0.7443 0.6678 -0.0037
vn 0.7671 0.6122 0.1916
vn 0.1691 0.6899 -0.7039
vn 0.9129 0.3894 0.1226
vn 0.8426 0.5158 0.1550
vn 0.9022 0.3496 0.2527
vn 0.8307 0.4691 0.2999
vn 0.8734 0.4818 -0.0712
vn 0.7796 0.5555 0.2893
vn 0.3366 0.8254 0.4531
vn 0.4916 0.7696 0.4075
vn 0.5372 0.7459 0.3937
vn 0.7564 0.5114 0.4078
vn 0.4961 0.7425 0.4501
vn 0.9091 -0.3944 0.1338
vn 0.9240 0.1961 0.3282
vn 0.9370 0.2351 0.2585
vn 0.9822 -0.1119 0.1509
vn 0.7725 0.5290 0.3512
vn 0.2846 0.4551 -0.8437
vn 0.1205 0.4453 -0.8872
vn 0.9649 -0.1425 0.2204
vn 0.8156 -0.5708 0.0950
vn 0.7197 0.5755 0.3884
vn 0.9185 -0.3891 0.0704
vn 0.9056 -0.4204 0.0556
vn 0.3659 -0.8973 0.2469
vn 0.4585 -0.2289 -0.8587
vn 0.3547 -0.3284 -0.8754
vn 0.3621 -0.3176 -0.8764
vn 0.3283 -0.3549 -0.8754
vn 0.5448 -0.1230 -0.8295
vn 0.5556 -0.1368 -0.8201
vn 0.6279 -0.0263 -0.7779
vn -0.8297 -0.1711 0.5313
vn -0.7804 -0.1034 0.6167
vn -0.7780 -0.0725 0.6240
vn 0.4974 -0.1836 -0.8479
vn -0.7281 -0.0464 0.6839
vn -0.7164 0.0040 0.6977
vn 0.6280 -0.0659 -0.7754
vn 0.9547 -0.0129 -0.2974
vn 0.9629 -0.0650 -0.2620
vn 0.6573 -0.3294 -0.6779
vn 0.8288 -0.0198 -0.5593
vn 0.7874 -0.1436 -0.5994
vn 0.5351 -0.3171 -0.7830
vn 0.9288 0.1026 -0.3561
vn 0.5928 -0.1586 -0.7896
vn 0.7136 0.0727 -0.6967
vn 0.7297 0.0495 -0.6820
vn 0.7878 0.1615 -0.5943
vn 0.7971 0.1168 -0.5924
vn 0.9391 0.2037 -0.2768
vn 0.7172 -0.0385 -0.6959
vn 0.8133 0.0821 -0.5761
vn 0.7542 -0.0460 -0.6550
vn 0.6065 -0.1887 -0.7723
vn -0.8294 -0.1270 0.5440
vn 0.5694 -0.2377 -0.7869
vn 0.7061 0.6728 0.2209
vn 0.7704 0.6185 0.1547
vn 0.8223 0.5688 0.0168
vn 0.6632 0.6950 0.2778
vn 0.8579 0.5116 0.0476
vn 0.8231 0.5636 0.0697
vn 0.8189 0.5632 0.1102
vn 0.8809 0.4638 0.0947
vn 0.8965 0.4366 -0.0751
vn 0.8665 0.4922 -0.0824
vn 0.8862 0.3955 -0.2414
vn 0.8738 0.2614 -0.4101
vn 0.7558 0.6317 0.1726
vn 0.8710 0.3211 -0.3718
vn 0.8102 0.5815 0.0738
vn -0.7795 -0.2185 0.5870
vn -0.7801 -0.1267 0.6127
vn -0.8310 -0.3748 0.4111
vn -0.7748 -0.1551 0.6128
vn -0.7465 -0.1836 0.6395
vn 0.8579 0.4906 0.1528
vn 0.9008 0.3266 -0.2863
vn -0.8040 -0.1921 0.5628
vn -0.7511 -0.1300 0.6473
vn -0.6741 -0.0924 0.7329
vn -0.6845 -0.0925 0.7231
vn -0.6310 -0.0903 0.7705
vn -0.6381 -0.1062 0.7626
vn -0.7093 -0.1119 0.6960
vn -0.7187 -0.1412 0.6808
vn -0.7221 -0.0872 0.6863
vn -0.7008 -0.4420 0.5599
vn -0.8309 -0.3833 0.4034
vn -0.7638 -0.2632 0.5893
vn -0.6608 -0.1730 0.7303
vn -0.7671 -0.5447 0.3389
vn -0.8571 -0.4291 0.2849
vn -0.8032 -0.2264 0.5510
vn -0.3011 -0.4324 0.8499
vn -0.3692 -0.3285 0.8694
vn -0.7670 -0.3112 0.5611
vn -0.5115 -0.1271 0.8498
vn -0.6031 -0.2250 0.7652
vn 0.8654 0.0766 -0.4952
vn 0.8725 0.1614 -0.4613
vn 0.9232 0.2726 -0.2710
vn 0.7229 -0.1116 -0.6819
vn -0.8161 -0.2535 0.5194
vn -0.7541 -0.1821 0.6310
vn -0.7662 -0.1163 0.6320
vn 0.1904 -0.5567 -0.8086
vn -0.6020 -0.5697 0.5595
vn -0.5266 -0.3089 0.7920
vn -0.6946 0.0175 0.7192
vn 0.7069 0.0083 -0.7072
vn 0.7637 0.1203 -0.6342
vn 0.6437 -0.0334 -0.7646
vn 0.6412 -0.1119 -0.7592
vn 0.7460 0.0169 -0.6658
vn 0.8031 0.1296 -0.5816
vn -0.7310 -0.1532 0.6649
vn 0.7343 -0.0669 -0.6755
vn 0.6014 -0.2543 -0.7574
vn 0.3971 -0.3586 -0.8448
vn 0.1631 -0.5202 -0.8383
vn 0.2245 -0.4689 -0.8542
vn 0.4669 -0.2734 -0.8410
vn -0.8867 -0.2557 0.3853
vn -0.9031 -0.2590 0.3425
vn -0.9023 -0.2801 0.3278
vn -0.8469 -0.1791 0.5006
vn 0.2784 -0.4823 -0.8306
vn 0.0228 -0.6209 -0.7836
vn 0.4200 -0.2588 -0.8698
vn 0.5110 -0.2657 -0.8175
vn 0.3038 -0.3262 -0.8952
vn 0.3062 -0.2681 -0.9134
vn 0.5468 -0.3079 -0.7786
vn 0.5491 -0.1973 -0.8122
vn -0.5089 -0.7872 -0.3484
vn 0.0341 -0.4812 -0.8759
vn -0.5039 -0.7520 -0.4250
vn -0.5587 -0.7194 -0.4127
vn 0.0084 -0.4727 -0.8812
vn -0.8633 -0.2674 0.4280
vn -0.8703 -0.3057 0.3862
vn 0.8809 0.4289 0.2001
vn 0.8996 0.4071 0.1579
vn -0.8885 -0.3078 0.3404
vn -0.8656 -0.3557 0.3523
vn 0.9305 0.3643 -0.0378
vn -0.7751 -0.1140 0.6215
vn -0.8363 -0.4881 0.2497
vn -0.8189 -0.2494 0.5169
vn 0.8578 0.2340 -0.4575
vn 0.8702 0.3882 0.3034
vn 0.8739 0.3236 0.3628
vn 0.9162 0.3422 0.2087
vn -0.8509 -0.4794 0.2148
vn 0.9461 0.3235 0.0132
vn 0.9626 0.2575 -0.0844
vn -0.8270 -0.5488 0.1222
vn -0.8200 -0.5621 0.1080
vn 0.9705 0.2329 0.0631
vn 0.9742 0.1664 0.1526
vn -0.2371 -0.9559 0.1732
vn -0.4795 -0.7797 0.4026
vn -0.2180 -0.9146 0.3405
vn -0.1044 -0.9940 -0.0337
vn 0.0184 -0.9990 -0.0411
vn -0.0144 -0.9945 0.1040
vn 0.8041 0.1206 0.5821
vn 0.8155 -0.1933 0.5455
vn 0.7856 -0.1008 0.6105
vn 0.5537 0.7670 0.3244
vn 0.5106 0.7673 0.3880
vn 0.4544 0.7575 0.4688
vn 0.7106 0.5256 0.4677
vn 0.0916 0.8885 0.4496
vn 0.7011 0.5027 0.5057
vn -0.0437 -0.9990 -0.0037
vn -0.0268 -0.9921 0.1222
vn 0.5645 0.4617 0.6843
vn -0.4816 -0.8744 0.0593
vn -0.7160 -0.6972 0.0356
vn -0.8657 -0.4947 -0.0763
vn 0.7883 0.1763 0.5895
vn -0.6209 -0.7807 -0.0704
vn -0.9250 -0.1663 -0.3417
vn -0.2870 -0.9564 0.0548
vn 0.8325 0.0226 0.5535
vn 0.8395 -0.1777 0.5135
vn -0.0465 0.9069 0.4188
vn -0.1033 0.8187 0.5649
vn -0.1361 -0.9896 0.0467
vn -0.2743 -0.9616 -0.0124
vn -0.4125 -0.9096 0.0499
vn -0.5147 0.8216 0.2451
vn -0.4207 0.8483 0.3216
vn -0.4862 0.8055 0.3388
vn -0.6827 0.7093 0.1755
vn -0.9452 0.3221 -0.0532
vn -0.9975 0.0361 -0.0600
vn -0.9997 0.0115 -0.0232
vn -0.9610 0.2307 -0.1524
vn -0.4256 0.8798 0.2117
vn -0.7383 0.6583 0.1465
vn -0.8752 0.4823 0.0390
vn -0.8645 0.5003 0.0484
vn -0.8163 0.5714 0.0842
vn -0.5539 0.8130 0.1796
vn -0.9957 0.0924 -0.0026
vn -0.9925 -0.1226 -0.0026
vn -0.8551 0.5075 0.1060
vn -0.8846 0.4664 0.0053
vn -0.3070 -0.9280 0.2114
vn 0.0105 -0.9860 0.1666
vn 0.5558 0.1876 -0.8099
vn 0.5532 -0.0399 -0.8321
vn 0.3840 0.0009 -0.9233
vn 0.8664 0.4272 0.2584
vn 0.9511 0.3041 0.0541
vn 0.9750 0.0688 0.2112
vn 0.8836 0.4676 -0.0253
vn 0.8691 0.3309 -0.3676
vn 0.6725 0.3321 -0.6614
vn 0.8684 0.1985 -0.4544
vn 0.6334 0.2440 -0.7343
vn 0.8887 0.1096 0.4452
vn 0.9477 0.3094 -0.0783
vn 0.8815 0.4384 -0.1752
vn 0.7400 0.6616 0.1211
vn 0.6445 0.6555 0.3936
vn 0.5488 0.8052 0.2248
vn 0.9314 0.2782 -0.2346
vn -0.1932 0.8024 0.5647
vn -0.1489 0.9469 0.2850
vn 0.0807 0.9535 0.2904
vn -0.4034 0.8751 0.2672
vn -0.2263 0.9229 0.3114
vn 0.8278 0.5240 -0.2006
vn 0.0169 0.9622 0.2719
vn 0.1422 0.8093 0.5699
vn 0.3518 -0.1996 -0.9145
vn 0.8700 -0.0008 -0.4931
vn -0.0882 -0.9954 -0.0373
vn -0.0536 -0.9985 -0.0119
vn -0.6292 -0.7770 0.0177
vn -0.8566 -0.5156 -0.0197
vn -0.9179 -0.3967 0.0048
vn -0.9662 0.0786 -0.2457
vn -0.9744 -0.2110 -0.0775
vn -0.2982 -0.9544 -0.0129
vn -0.7510 -0.3943 -0.5297
vn 0.9984 0.0486 -0.0299
vn 0.4097 0.8852 0.2205
vn 0.4739 0.8673 0.1523
vn 0.6289 0.7774 0.0151
vn 0.3562 0.1636 0.9200
vn 0.5559 0.1127 0.8236
vn -0.5799 0.6313 0.5150
vn -0.6315 0.5920 0.5008
vn -0.4642 0.7858 0.4086
vn 0.2477 0.7718 0.5857
vn -0.5341 0.3865 0.7519
vn -0.7449 0.1326 0.6538
vn 0.3404 0.1923 0.9204
vn -0.5716 -0.0649 0.8179
vn -0.8122 -0.0770 0.5783
vn -0.8230 0.0869 0.5614
vn -0.6818 0.1417 0.7177
vn -0.5438 0.2204 0.8098
vn -0.5268 0.1903 0.8284
vn -0.3199 0.7625 0.5623
vn 0.0235 0.8884 0.4585
vn 0.3742 -0.9125 0.1654
vn 0.2297 -0.9652 0.1248
vn 0.2234 -0.9708 0.0873
vn 0.1340 -0.9902 0.0396
vn -0.4055 0.8227 0.3985
vn -0.3706 0.8390 0.3985
vn -0.3320 0.7684 0.5472
vn -0.2392 0.9136 0.3289
vn -0.2651 0.9017 0.3415
vn 0.0430 0.9494 0.3111
vn 0.0419 0.9511 0.3060
vn 0.2987 0.9259 0.2311
vn 0.3139 0.9261 0.2094
vn 0.3196 0.8833 0.3429
vn -0.5633 -0.0289 0.8257
vn -0.5692 0.5427 0.6176
vn -0.5248 0.5171 0.6762
vn 0.3669 0.8796 0.3027
vn 0.3769 0.8844 0.2753
vn 0.5812 0.7578 0.2965
vn 0.2912 0.9333 0.2099
vn 0.1247 0.9387 0.3213
vn -0.1487 0.8556 0.4959
vn 0.2055 0.9500 0.2349
vn -0.4570 0.4907 0.7419
vn -0.0608 0.8296 0.5551
vn -0.3090 0.4717 0.8259
vn -0.0919 0.0765 0.9928
vn -0.2959 -0.0243 0.9549
vn -0.0764 0.1059 0.9914
vn 0.7180 0.5747 0.3927
vn 0.8745 0.1901 0.4463
vn 0.4519 0.5810 0.6770
vn 0.6887 0.6560 0.3089
vn 0.8275 0.3744 0.4183
vn 0.0975 0.9181 0.3841
vn 0.3556 0.7878 0.5030
vn 0.9276 -0.0563 0.3693
vn -0.4389 0.8479 0.2972
vn 0.7602 -0.0488 0.6479
vn 0.7201 0.1462 0.6783
vn 0.7288 0.1665 0.6642
vn 0.8362 0.1008 0.5390
vn 0.0559 -0.9732 0.2231
vn 0.9160 0.3610 -0.1752
vn 0.7952 0.5788 -0.1806
vn 0.6292 0.7743 -0.0677
vn 0.3854 0.9148 0.1213
vn 0.4486 0.7820 0.4326
vn 0.8924 0.4470 -0.0621
vn 0.0850 -0.9955 -0.0408
vn 0.6921 0.7196 0.0568
vn 0.9493 0.1490 -0.2769
vn 0.1087 -0.9891 -0.0990
vn 0.2071 -0.9765 -0.0598
vn 0.7911 0.6112 -0.0244
vn 0.9183 0.3954 -0.0199
vn -0.1245 -0.9486 0.2909
vn -0.0273 -0.9896 0.1412
vn -0.0715 -0.9879 0.1375
vn -0.3340 -0.8455 0.4167
vn 0.0559 -0.9959 -0.0716
vn -0.6684 -0.7404 -0.0709
vn -0.8636 -0.4984 -0.0760
vn -0.8048 -0.5845 -0.1031
vn -0.6148 -0.7739 -0.1521
vn 0.3256 -0.9444 0.0453
vn 0.2802 -0.9271 0.2488
vn 0.0911 -0.9958 0.0045
vn 0.3466 -0.8484 0.4001
vn 0.6081 -0.7730 -0.1806
vn 0.8318 -0.5377 -0.1383
vn 0.9987 -0.0438 0.0243
vn 0.9917 0.0932 0.0891
vn 0.9988 -0.0436 0.0243
vn 0.1971 -0.9617 0.1906
vn 0.1335 -0.9878 0.0804
vn 0.1704 -0.9837 -0.0576
vn 0.1180 -0.9927 -0.0266
vn -0.0978 -0.1907 -0.9768
vn 0.1349 -0.0435 -0.9899
vn 0.1483 -0.2744 -0.9501
vn -0.2271 0.0614 -0.9719
vn -0.3093 -0.0232 -0.9507
vn -0.5737 0.1592 -0.8035
vn -0.5793 0.0784 -0.8114
vn -0.8200 0.3149 -0.4780
vn -0.7659 0.1471 -0.6259
vn -0.9922 -0.1249 0.0020
vn -0.9716 -0.0505 -0.2310
vn -0.9575 0.2306 -0.1733
vn -0.3991 -0.2249 -0.8889
vn -0.8627 0.0356 -0.5044
vn -0.7303 0.2946 -0.6163
vn -0.9846 0.1749 -0.0011
vn -0.8746 0.2677 -0.4041
vn -0.9748 -0.1527 0.1627
vn -0.6949 0.6998 0.1658
vn -0.9379 0.3324 0.0987
vn 0.3998 -0.8434 0.3589
vn 0.3560 -0.9032 0.2398
vn 0.9568 -0.2667 -0.1154
vn -0.0333 -0.9994 0.0064
vn -0.0181 -0.9997 0.0137
vn -0.7697 0.6146 0.1727
vn 0.2513 0.9397 0.2318
vn 0.5027 0.8190 0.2767
vn 0.4396 -0.8748 -0.2038
vn 0.6246 -0.7404 -0.2484
vn 0.6091 -0.7420 -0.2799
vn 0.2807 -0.9444 -0.1711
vn 0.3612 -0.9284 -0.0870
vn 0.6033 0.7975 0.0046
vn 0.9829 -0.1795 -0.0411
vn 0.7980 -0.4634 -0.3854
vn -0.5186 -0.8040 0.2910
vn 0.7734 -0.6107 -0.1699
vn 0.5755 -0.7791 -0.2488
vn 0.7684 -0.5492 -0.3285
vn 0.6149 -0.7297 -0.2991
vn 0.6813 -0.7151 -0.1563
vn 0.1297 -0.8633 0.4878
vn 0.3379 -0.9408 -0.0282
vn 0.5059 -0.8596 -0.0715
vn 0.3343 -0.9223 -0.1939
vn 0.2570 -0.9663 0.0121
vn 0.1275 -0.9910 -0.0414
vn 0.0965 -0.9862 -0.1345
vn -0.0909 -0.9956 -0.0238
vn 0.7133 0.6966 -0.0768
vn 0.5807 0.8065 -0.1106
vn 0.6820 0.7143 -0.1568
vn 0.4492 0.1389 -0.8826
vn -0.0081 -0.9971 -0.0762
vn -0.1581 -0.9874 -0.0046
vn 0.4128 0.7610 0.5005
vn 0.7053 0.2836 0.6497
vn -0.5450 0.3203 0.7749
vn -0.4972 0.7174 0.4879
vn 0.0483 0.6646 0.7456
vn -0.2226 0.2928 0.9299
vn 0.7117 0.1528 -0.6857
vn 0.9724 0.0257 -0.2320
vn 0.4087 0.3196 0.8549
vn -0.8643 0.3617 -0.3495
vn -0.7550 0.5670 0.3295
vn -0.9342 0.2617 0.2426
vn -0.6256 -0.6733 0.3941
vn -0.9530 -0.1192 0.2784
vn -0.9823 -0.0246 0.1855
vn -0.8062 0.0624 0.5884
vn -0.9027 -0.0795 0.4229
vn 0.8807 -0.3699 -0.2959
vn 0.9571 0.0529 -0.2850
vn 0.9197 -0.1652 0.3562
vn 0.4047 -0.3209 0.8563
vn 0.5631 -0.1451 0.8135
vn 0.7783 -0.1864 0.5996
vn 0.6995 -0.2351 0.6749
vn 0.9732 -0.1649 0.1603
vn 0.8768 -0.2069 0.4341
vn -0.6751 -0.3784 0.6333
vn -0.7727 -0.3896 0.5011
vn -0.7014 -0.2174 0.6788
vn -0.5680 -0.1152 0.8149
vn -0.8201 -0.2617 0.5088
vn -0.5013 -0.3442 0.7939
vn -0.6764 -0.4567 0.5779
vn -0.7339 -0.4892 0.4712
vn 0.9645 -0.1761 0.1968
vn 0.8957 -0.0551 0.4412
vn 0.7250 -0.0886 0.6830
vn 0.9910 -0.1311 -0.0280
vn 0.9862 -0.1534 -0.0630
vn 0.4190 -0.1630 0.8932
vn 0.2313 -0.1881 0.9545
vn -0.0005 -0.3783 0.9257
vn -0.2742 -0.3673 0.8888
vn -0.0843 -0.1583 0.9838
vn -0.3159 -0.3723 0.8727
vn -0.0077 -0.3434 0.9392
vn 0.1104 0.0098 0.9938
vn -0.3443 -0.1336 0.9293
vn -0.7937 -0.5354 0.2888
vn -0.8434 -0.4250 0.3288
vn -0.8894 -0.4326 0.1477
vn -0.8808 -0.3144 0.3541
vn -0.9204 -0.3263 0.2154
vn 0.0551 -0.1999 0.9783
vn 0.0699 0.0890 -0.9936
vn -0.1356 0.0976 -0.9859
vn -0.2126 0.0052 -0.9771
vn -0.6035 -0.0359 -0.7966
vn -0.3841 -0.0061 -0.9233
vn 0.7402 0.0003 -0.6724
vn 0.8937 -0.0511 -0.4457
vn 0.9192 -0.0110 -0.3936
vn 0.7689 0.0393 -0.6382
vn -0.7369 -0.4667 -0.4891
vn -0.5678 -0.3879 -0.7260
vn -0.8727 -0.3132 -0.3747
vn 0.4506 0.0260 -0.8923
vn 0.9576 -0.1132 -0.2648
vn 0.9789 -0.0680 -0.1925
vn 0.8594 -0.1310 -0.4943
vn 0.0621 0.0212 -0.9978
vn 0.9372 -0.1433 -0.3179
vn -0.4534 -0.2590 -0.8529
vn -0.7261 -0.1728 -0.6655
vn -0.8264 -0.5280 -0.1957
vn -0.9130 -0.4017 -0.0716
vn -0.9519 -0.3037 0.0401
vn -0.9482 -0.2341 -0.2148
vn -0.8700 -0.1271 -0.4764
vn -0.8303 -0.5544 0.0574
vn -0.0493 -0.2207 -0.9741
vn -0.2613 -0.2851 -0.9222
vn 0.1993 -0.1557 -0.9675
vn 0.1715 -0.3299 -0.9283
vn -0.0267 -0.4107 -0.9114
vn 0.9883 -0.0862 0.1260
vn 0.5947 -0.3350 -0.7308
vn 0.4801 -0.1056 -0.8709
vn 0.9375 -0.0269 0.3470
vn 0.7351 -0.0020 0.6780
vn 0.9848 -0.1189 0.1263
vn 0.9769 -0.1862 -0.1045
vn 0.8211 0.0230 0.5704
vn 0.9398 0.0010 0.3416
vn -0.6541 -0.5551 0.5138
vn -0.6827 -0.6485 0.3367
vn -0.7347 -0.6777 0.0307
vn -0.7510 -0.6319 -0.1915
vn -0.5996 -0.5110 0.6159
vn -0.2731 -0.2929 0.9163
vn -0.5615 -0.4454 0.6974
vn 0.5680 -0.0444 0.8218
vn -0.4398 -0.0025 -0.8981
vn -0.4883 -0.0048 -0.8727
vn -0.2401 -0.0142 -0.9707
vn -0.7438 -0.0235 -0.6680
vn -0.6882 -0.0058 -0.7255
vn -0.8127 -0.0302 -0.5819
vn -0.4371 -0.3715 0.8191
vn -0.7861 -0.0432 -0.6166
vn 0.6291 0.0186 0.7771
vn 0.9792 -0.1468 -0.1399
vn 0.4718 -0.0460 0.8805
vn -0.3146 -0.3885 0.8661
vn -0.1124 -0.2504 0.9616
vn 0.0266 -0.2208 0.9750
vn 0.3326 -0.0437 0.9421
vn 0.9059 -0.2219 -0.3607
vn 0.7767 -0.2830 -0.5627
vn 0.6650 -0.3002 -0.6838
vn 0.7081 -0.1188 -0.6961
vn 0.7216 -0.4748 -0.5038
vn 0.8760 -0.3560 -0.3253
vn 0.1884 -0.1317 0.9732
vn 0.2519 -0.1377 0.9579
vn 0.2684 0.2887 -0.9190
vn 0.2427 0.2241 -0.9439
vn 0.4959 0.1891 -0.8475
vn 0.5277 0.2231 -0.8196
vn 0.4580 0.1935 -0.8676
vn 0.2293 0.2346 -0.9446
vn -0.6688 -0.3467 0.6577
vn -0.5400 -0.5113 0.6685
vn 0.8380 0.2039 -0.5061
vn 0.8155 0.1485 -0.5594
vn 0.9915 0.1217 -0.0464
vn 0.9685 0.2416 0.0607
vn -0.0000 0.2258 -0.9742
vn -0.0000 0.3000 -0.9539
vn 0.5628 0.2591 -0.7849
vn -0.6455 -0.0749 0.7601
vn -0.3899 -0.1693 0.9052
vn -0.5527 -0.2219 0.8033
vn -0.3281 -0.5548 0.7646
vn -0.3132 -0.4423 0.8404
vn -0.0000 -0.4864 0.8738
vn -0.2890 -0.3440 0.8934
vn -0.4895 -0.3271 0.8083
vn -0.0000 -0.2675 0.9636
vn -0.9915 0.1217 -0.0464
vn -0.9685 0.2415 0.0606
vn -0.8647 0.1028 0.4917
vn -0.7465 0.2107 0.6312
vn -0.5339 0.0706 0.8426
vn -0.9456 0.0059 0.3253
vn 0.7824 0.1187 -0.6113
vn 0.9884 0.0275 -0.1493
vn 0.7377 0.1156 -0.6652
vn 0.9687 0.0003 -0.2481
vn 0.9623 -0.0814 0.2595
vn 0.6688 -0.3467 0.6577
vn 0.4895 -0.3271 0.8083
vn 0.6423 -0.1672 0.7480
vn 0.2889 -0.3440 0.8934
vn 0.5527 -0.2219 0.8033
vn 0.6455 -0.0749 0.7601
vn 0.7749 -0.0982 0.6244
vn 0.8699 -0.1308 0.4755
vn 0.7642 -0.1965 0.6143
vn 0.9456 0.0059 0.3253
vn 0.9414 0.0310 -0.3358
vn 0.9860 -0.0649 0.1538
vn -0.7749 -0.0982 0.6244
vn -0.8699 -0.1308 0.4755
vn -0.9623 -0.0814 0.2595
vn -0.7643 -0.1964 0.6143
vn -0.9414 0.0310 -0.3358
vn -0.9860 -0.0649 0.1538
vn -0.9687 0.0003 -0.2481
vn -0.7824 0.1188 -0.6113
vn -0.9884 0.0275 -0.1493
vn -0.7377 0.1156 -0.6652
vn -0.4580 0.1935 -0.8676
vn -0.2684 0.2887 -0.9190
vn -0.5277 0.2231 -0.8196
vn -0.4959 0.1892 -0.8475
vn -0.2293 0.2346 -0.9446
vn -0.2427 0.2241 -0.9439
vn -0.8154 0.1484 -0.5596
vn -0.8380 0.2039 -0.5061
vn -0.5628 0.2591 -0.7849
vn -0.6423 -0.1672 0.7480
vn 0.3565 0.4135 -0.8378
vn 0.3180 0.4900 -0.8116
vn -0.0000 0.4764 -0.8792
vn 0.8453 0.3036 -0.4396
vn 0.8196 0.4060 -0.4042
vn 0.5978 0.3846 -0.7034
vn 0.9388 0.3332 0.0877
vn 0.5903 0.3088 -0.7458
vn 0.5791 0.4597 -0.6732
vn 0.3139 0.3800 -0.8701
vn 0.3200 0.3246 -0.8901
vn -0.0000 0.3869 -0.9221
vn -0.4521 0.1620 0.8771
vn -0.2141 0.0895 0.9727
vn -0.3180 0.4900 -0.8117
vn -0.5791 0.4597 -0.6732
vn -0.0000 0.0621 0.9981
vn -0.8196 0.4060 -0.4042
vn -0.9388 0.3332 0.0877
vn 0.2141 0.0895 0.9727
vn 0.4521 0.1620 0.8771
vn 0.7465 0.2108 0.6311
vn 0.5340 0.0706 0.8426
vn -0.8453 0.3036 -0.4396
vn 0.3899 -0.1693 0.9052
vn 0.3132 -0.4423 0.8404
vn 0.3281 -0.5548 0.7646
vn 0.5400 -0.5113 0.6685
vn 0.8647 0.1028 0.4917
vn -0.3200 0.3246 -0.8901
vn -0.3139 0.3800 -0.8701
vn -0.5903 0.3088 -0.7458
vn -0.3565 0.4135 -0.8378
vn -0.5978 0.3846 -0.7034
vn -0.4974 -0.1836 -0.8479
vn -0.3621 -0.3176 -0.8764
vn -0.4585 -0.2289 -0.8587
vn -0.3547 -0.3284 -0.8754
vn -0.6279 -0.0263 -0.7779
vn -0.5448 -0.1230 -0.8295
vn -0.6280 -0.0659 -0.7754
vn -0.5928 -0.1586 -0.7896
vn 0.7780 -0.0725 0.6240
vn 0.8294 -0.1270 0.5441
vn 0.7801 -0.1267 0.6127
vn 0.7748 -0.1551 0.6128
vn 0.7281 -0.0464 0.6839
vn 0.7804 -0.1034 0.6167
vn 0.7164 0.0040 0.6977
vn -0.6573 -0.3294 -0.6779
vn -0.5351 -0.3171 -0.7830
vn -0.1904 -0.5567 -0.8086
vn -0.7229 -0.1116 -0.6819
vn -0.8288 -0.0198 -0.5593
vn -0.7874 -0.1436 -0.5995
vn -0.9288 0.1026 -0.3561
vn -0.9547 -0.0129 -0.2974
vn -0.7136 0.0727 -0.6967
vn -0.7878 0.1615 -0.5943
vn -0.7637 0.1203 -0.6342
vn -0.7172 -0.0385 -0.6959
vn -0.8133 0.0821 -0.5761
vn -0.8724 0.1614 -0.4613
vn -0.8578 0.2340 -0.4575
vn -0.7297 0.0495 -0.6820
vn -0.7972 0.1168 -0.5924
vn -0.6065 -0.1887 -0.7723
vn 0.8297 -0.1711 0.5313
vn -0.7542 -0.0461 -0.6550
vn -0.7061 0.6728 0.2209
vn -0.8223 0.5688 0.0168
vn -0.7704 0.6185 0.1547
vn -0.8737 0.2614 -0.4102
vn -0.8710 0.3211 -0.3718
vn -0.8862 0.3955 -0.2414
vn -0.8666 0.4922 -0.0824
vn -0.8579 0.5116 0.0476
vn -0.8231 0.5636 0.0697
vn -0.8965 0.4366 -0.0751
vn -0.6632 0.6950 0.2778
vn 0.8040 -0.1921 0.5628
vn 0.8702 -0.3057 0.3863
vn 0.8633 -0.2674 0.4280
vn -0.8102 0.5815 0.0738
vn -0.9629 -0.0650 -0.2620
vn 0.7795 -0.2185 0.5870
vn 0.8310 -0.3748 0.4111
vn 0.7465 -0.1836 0.6395
vn -0.7558 0.6317 0.1726
vn -0.8189 0.5632 0.1102
vn -0.8579 0.4906 0.1528
vn 0.7670 -0.3112 0.5611
vn 0.6845 -0.0925 0.7231
vn 0.6310 -0.0903 0.7705
vn 0.6741 -0.0924 0.7329
vn 0.6381 -0.1062 0.7626
vn 0.7511 -0.1300 0.6473
vn 0.7093 -0.1119 0.6960
vn 0.3692 -0.3285 0.8694
vn 0.3011 -0.4324 0.8499
vn 0.7221 -0.0872 0.6863
vn 0.7541 -0.1821 0.6310
vn 0.7187 -0.1412 0.6808
vn 0.7638 -0.2632 0.5893
vn 0.6608 -0.1730 0.7303
vn 0.8571 -0.4291 0.2849
vn 0.7671 -0.5447 0.3389
vn 0.8309 -0.3833 0.4034
vn 0.8032 -0.2264 0.5510
vn 0.5115 -0.1271 0.8498
vn 0.6031 -0.2250 0.7652
vn 0.5266 -0.3089 0.7920
vn -0.8654 0.0766 -0.4952
vn -0.9232 0.2726 -0.2710
vn 0.6946 0.0175 0.7192
vn 0.8161 -0.2535 0.5194
vn 0.7662 -0.1163 0.6320
vn -0.5694 -0.2377 -0.7869
vn -0.9391 0.2037 -0.2768
vn 0.7008 -0.4420 0.5599
vn 0.6020 -0.5697 0.5595
vn -0.7069 0.0083 -0.7072
vn -0.6437 -0.0334 -0.7646
vn -0.8031 0.1296 -0.5816
vn -0.7460 0.0169 -0.6658
vn -0.6014 -0.2543 -0.7574
vn -0.7343 -0.0669 -0.6755
vn -0.5491 -0.1973 -0.8122
vn -0.5556 -0.1368 -0.8201
vn -0.6412 -0.1119 -0.7592
vn -0.2784 -0.4823 -0.8306
vn -0.3971 -0.3586 -0.8448
vn -0.1631 -0.5202 -0.8383
vn -0.4669 -0.2734 -0.8410
vn -0.2246 -0.4689 -0.8542
vn -0.3283 -0.3548 -0.8754
vn 0.8469 -0.1791 0.5006
vn 0.7310 -0.1532 0.6649
vn 0.8867 -0.2556 0.3853
vn -0.0228 -0.6209 -0.7836
vn -0.4200 -0.2588 -0.8698
vn -0.5468 -0.3079 -0.7786
vn -0.5110 -0.2657 -0.8175
vn -0.3038 -0.3262 -0.8952
vn -0.0341 -0.4812 -0.8759
vn -0.0084 -0.4727 -0.8812
vn 0.5089 -0.7872 -0.3484
vn 0.5039 -0.7520 -0.4250
vn 0.5587 -0.7194 -0.4127
vn -0.3062 -0.2681 -0.9134
vn -0.8996 0.4071 0.1579
vn -0.8809 0.4638 0.0947
vn -0.9305 0.3643 -0.0378
vn -0.8809 0.4289 0.2001
vn 0.8885 -0.3078 0.3404
vn 0.8656 -0.3557 0.3523
vn -0.9008 0.3266 -0.2863
vn 0.9023 -0.2800 0.3278
vn 0.8189 -0.2495 0.5169
vn 0.8363 -0.4881 0.2496
vn 0.7751 -0.1140 0.6215
vn -0.9461 0.3235 0.0132
vn -0.9626 0.2575 -0.0844
vn -0.9162 0.3422 0.2087
vn -0.9705 0.2329 0.0631
vn 0.9031 -0.2590 0.3425
vn 0.8200 -0.5621 0.1080
vn 0.8270 -0.5488 0.1222
vn 0.8509 -0.4794 0.2148
vn -0.9742 0.1664 0.1526
vn -0.8739 0.3236 0.3627
vn -0.8702 0.3882 0.3034
vn 0.2372 -0.9559 0.1732
vn 0.3070 -0.9279 0.2114
vn 0.0144 -0.9945 0.1040
vn 0.0268 -0.9921 0.1222
vn 0.2180 -0.9146 0.3405
vn 0.4795 -0.7797 0.4026
vn -0.4544 0.7575 0.4688
vn 0.0465 0.9069 0.4188
vn 0.1033 0.8187 0.5649
vn -0.0184 -0.9990 -0.0411
vn -0.8325 0.0226 0.5535
vn -0.8043 0.1205 0.5819
vn -0.8155 -0.1933 0.5455
vn -0.0105 -0.9860 0.1666
vn -0.0916 0.8885 0.4496
vn -0.5106 0.7673 0.3880
vn -0.7011 0.5027 0.5057
vn 0.1044 -0.9940 -0.0337
vn -0.5537 0.7669 0.3244
vn -0.7856 -0.1009 0.6105
vn -0.8395 -0.1777 0.5135
vn 0.6210 -0.7807 -0.0704
vn 0.2982 -0.9544 -0.0129
vn 0.7510 -0.3943 -0.5297
vn 0.9250 -0.1663 -0.3417
vn -0.7883 0.1763 0.5895
vn -0.7106 0.5256 0.4677
vn -0.5645 0.4617 0.6843
vn -0.5558 0.1126 0.8236
vn 0.4125 -0.9096 0.0499
vn 0.1362 -0.9896 0.0467
vn 0.4816 -0.8744 0.0593
vn 0.6827 0.7093 0.1755
vn 0.5147 0.8216 0.2451
vn 0.5539 0.8130 0.1796
vn 0.4862 0.8055 0.3388
vn 0.4389 0.8479 0.2972
vn 0.9957 0.0925 -0.0026
vn 0.8566 -0.5156 -0.0197
vn 0.9997 0.0115 -0.0232
vn 0.2743 -0.9616 -0.0124
vn 0.2870 -0.9564 0.0548
vn 0.8846 0.4663 0.0053
vn 0.8163 0.5714 0.0842
vn 0.8645 0.5003 0.0484
vn 0.7383 0.6583 0.1465
vn 0.4256 0.8798 0.2117
vn 0.4207 0.8483 0.3216
vn 0.6292 -0.7770 0.0177
vn 0.7160 -0.6972 0.0356
vn 0.8551 0.5075 0.1060
vn 0.9925 -0.1226 -0.0026
vn 0.9452 0.3221 -0.0532
vn 0.8752 0.4823 0.0390
vn 0.9975 0.0361 -0.0600
vn 0.9610 0.2307 -0.1524
vn -0.4097 0.8852 0.2204
vn -0.5488 0.8052 0.2248
vn -0.7400 0.6616 0.1211
vn -0.9750 0.0688 0.2112
vn -0.9984 0.0486 -0.0298
vn -0.9511 0.3041 0.0542
vn -0.8887 0.1096 0.4452
vn -0.8665 0.4272 0.2584
vn -0.3518 -0.1996 -0.9145
vn -0.5532 -0.0399 -0.8321
vn -0.3840 0.0009 -0.9233
vn -0.8691 0.3309 -0.3676
vn -0.9314 0.2782 -0.2346
vn -0.8684 0.1985 -0.4544
vn -0.8836 0.4676 -0.0253
vn -0.9477 0.3094 -0.0783
vn -0.8815 0.4384 -0.1752
vn -0.5558 0.1876 -0.8099
vn -0.6334 0.2440 -0.7343
vn -0.8700 -0.0008 -0.4931
vn -0.6725 0.3321 -0.6614
vn 0.2263 0.9229 0.3115
vn 0.4034 0.8751 0.2672
vn 0.1489 0.9469 0.2850
vn -0.0807 0.9535 0.2904
vn -0.0169 0.9622 0.2719
vn -0.7117 0.1528 -0.6857
vn -0.9724 0.0257 -0.2319
vn -0.8278 0.5240 -0.2006
vn 0.8657 -0.4947 -0.0762
vn 0.9179 -0.3968 0.0048
vn 0.0881 -0.9954 -0.0373
vn 0.0537 -0.9985 -0.0119
vn 0.9744 -0.2110 -0.0775
vn 0.9662 0.0786 -0.2456
vn -0.6289 0.7774 0.0151
vn -0.7133 0.6966 -0.0768
vn 0.0437 -0.9990 -0.0037
vn 0.5717 -0.0648 0.8179
vn 0.5341 0.3865 0.7519
vn 0.7449 0.1326 0.6538
vn -0.2477 0.7718 0.5857
vn 0.5799 0.6313 0.5150
vn 0.4055 0.8227 0.3985
vn 0.3706 0.8390 0.3985
vn -0.3562 0.1636 0.9200
vn -0.3404 0.1923 0.9204
vn 0.8230 0.0869 0.5614
vn 0.6315 0.5920 0.5008
vn 0.8122 -0.0770 0.5783
vn 0.3320 0.7684 0.5472
vn 0.3199 0.7625 0.5623
vn -0.0235 0.8884 0.4585
vn 0.6818 0.1417 0.7177
vn -0.2297 -0.9652 0.1248
vn -0.2234 -0.9708 0.0873
vn 0.4642 0.7859 0.4086
vn 0.5268 0.1904 0.8284
vn 0.5438 0.2204 0.8098
vn 0.2392 0.9136 0.3289
vn 0.2651 0.9017 0.3415
vn -0.0430 0.9494 0.3111
vn -0.0419 0.9511 0.3060
vn -0.2987 0.9259 0.2311
vn -0.4739 0.8673 0.1523
vn -0.3139 0.9261 0.2094
vn -0.3196 0.8833 0.3429
vn -0.3769 0.8844 0.2753
vn 0.5248 0.5171 0.6762
vn 0.4570 0.4907 0.7419
vn 0.1487 0.8556 0.4959
vn -0.2912 0.9333 0.2099
vn -0.2055 0.9500 0.2349
vn -0.5812 0.7578 0.2965
vn -0.3669 0.8797 0.3027
vn 0.5634 -0.0289 0.8257
vn 0.3090 0.4717 0.8259
vn 0.5692 0.5428 0.6176
vn -0.1247 0.9387 0.3213
vn 0.2959 -0.0243 0.9549
vn 0.0764 0.1059 0.9914
vn -0.4518 0.5810 0.6770
vn 0.0608 0.8296 0.5551
vn -0.3556 0.7878 0.5029
vn -0.8275 0.3744 0.4183
vn -0.6887 0.6559 0.3089
vn -0.8745 0.1901 0.4463
vn -0.7602 -0.0488 0.6479
vn -0.9276 -0.0563 0.3693
vn -0.0975 0.9181 0.3841
vn 0.0919 0.0765 0.9928
vn -0.7180 0.5747 0.3927
vn -0.8362 0.1008 0.5390
vn -0.3742 -0.9125 0.1654
vn -0.1340 -0.9902 0.0396
vn -0.4486 0.7820 0.4326
vn -0.6921 0.7196 0.0568
vn -0.3853 0.9148 0.1213
vn -0.6291 0.7743 -0.0677
vn -0.9493 0.1490 -0.2769
vn -0.7952 0.5788 -0.1806
vn -0.0559 -0.9732 0.2231
vn -0.0850 -0.9955 -0.0408
vn -0.1087 -0.9891 -0.0990
vn -0.7201 0.1462 0.6783
vn -0.7288 0.1665 0.6642
vn -0.8924 0.4470 -0.0621
vn -0.9160 0.3609 -0.1752
vn -0.2071 -0.9765 -0.0598
vn -0.9183 0.3953 -0.0199
vn -0.3612 -0.9284 -0.0870
vn -0.2808 -0.9444 -0.1711
vn -0.6247 -0.7403 -0.2484
vn -0.6033 0.7975 0.0046
vn -0.7911 0.6112 -0.0245
vn -0.6081 -0.7731 -0.1806
vn -0.3256 -0.9444 0.0453
vn -0.8317 -0.5377 -0.1383
vn 0.3340 -0.8455 0.4167
vn 0.6684 -0.7404 -0.0709
vn 0.6148 -0.7739 -0.1521
vn 0.8636 -0.4984 -0.0760
vn -0.2802 -0.9271 0.2488
vn -0.0911 -0.9958 0.0045
vn -0.1335 -0.9878 0.0804
vn -0.1971 -0.9617 0.1906
vn -0.3466 -0.8484 0.4001
vn -0.3998 -0.8434 0.3589
vn 0.0273 -0.9896 0.1412
vn -0.0559 -0.9959 -0.0715
vn 0.0715 -0.9879 0.1375
vn 0.1245 -0.9486 0.2909
vn 0.5793 0.0784 -0.8114
vn 0.3093 -0.0232 -0.9507
vn 0.5737 0.1592 -0.8035
vn 0.2271 0.0614 -0.9719
vn 0.0978 -0.1907 -0.9768
vn 0.3991 -0.2249 -0.8889
vn 0.9716 -0.0505 -0.2310
vn 0.9922 -0.1249 0.0020
vn 0.9575 0.2306 -0.1733
vn 0.8747 0.2677 -0.4041
vn 0.9748 -0.1527 0.1627
vn 0.9846 0.1749 -0.0011
vn 0.7304 0.2946 -0.6162
vn 0.8627 0.0356 -0.5044
vn -0.1349 -0.0435 -0.9899
vn -0.1483 -0.2744 -0.9501
vn 0.8200 0.3149 -0.4780
vn 0.8643 0.3618 -0.3495
vn 0.8048 -0.5845 -0.1031
vn 0.7659 0.1471 -0.6259
vn -0.6091 -0.7421 -0.2798
vn -0.7980 -0.4634 -0.3854
vn 0.6949 0.6998 0.1658
vn 0.7697 0.6146 0.1727
vn -0.5027 0.8190 0.2767
vn 0.9379 0.3324 0.0987
vn 0.0181 -0.9997 0.0137
vn -0.9568 -0.2667 -0.1154
vn 0.0333 -0.9994 0.0064
vn -0.3560 -0.9032 0.2398
vn -0.2513 0.9397 0.2318
vn -0.4396 -0.8748 -0.2038
vn -0.9917 0.0931 0.0891
vn -0.9987 -0.0437 0.0243
vn -0.9829 -0.1796 -0.0411
vn -0.1180 -0.9927 -0.0266
vn -0.1704 -0.9837 -0.0576
vn 0.5186 -0.8040 0.2910
vn -0.6813 -0.7151 -0.1563
vn -0.7684 -0.5492 -0.3285
vn -0.6149 -0.7297 -0.2991
vn -0.1297 -0.8633 0.4878
vn -0.3379 -0.9408 -0.0282
vn -0.5059 -0.8596 -0.0715
vn -0.5755 -0.7791 -0.2488
vn -0.3343 -0.9223 -0.1939
vn -0.2570 -0.9663 0.0121
vn -0.1275 -0.9910 -0.0414
vn 0.0909 -0.9956 -0.0238
vn 0.1581 -0.9874 -0.0046
vn -0.9571 0.0529 -0.2850
vn -0.0965 -0.9862 -0.1348
vn 0.0082 -0.9971 -0.0762
vn -0.4492 0.1389 -0.8826
vn -0.1422 0.8093 0.5699
vn 0.1932 0.8024 0.5647
vn -0.0483 0.6646 0.7456
vn -0.7053 0.2836 0.6497
vn -0.4087 0.3196 0.8549
vn -0.4128 0.7610 0.5005
vn 0.4972 0.7174 0.4879
vn 0.2226 0.2928 0.9299
vn -0.6445 0.6555 0.3936
vn 0.9530 -0.1193 0.2784
vn 0.9823 -0.0246 0.1855
vn 0.7550 0.5670 0.3295
vn 0.9342 0.2616 0.2426
vn 0.9027 -0.0795 0.4229
vn 0.8062 0.0624 0.5884
vn 0.5450 0.3203 0.7749
vn -0.6820 0.7143 -0.1568
vn -0.5807 0.8065 -0.1106
vn -0.7734 -0.6107 -0.1699
vn -0.8807 -0.3699 -0.2959
vn 0.6255 -0.6733 0.3941
vn -0.6995 -0.2351 0.6749
vn -0.7783 -0.1864 0.5996
vn -0.4047 -0.3209 0.8563
vn -0.8768 -0.2069 0.4341
vn -0.9197 -0.1652 0.3562
vn -0.9732 -0.1649 0.1603
vn -0.9910 -0.1311 -0.0280
vn 0.7728 -0.3895 0.5011
vn 0.6751 -0.3785 0.6333
vn 0.7014 -0.2174 0.6789
vn 0.8201 -0.2617 0.5089
vn 0.5013 -0.3442 0.7939
vn 0.5680 -0.1153 0.8149
vn -0.9645 -0.1761 0.1968
vn -0.9862 -0.1534 -0.0630
vn -0.7250 -0.0886 0.6830
vn -0.4190 -0.1630 0.8932
vn 0.6035 -0.0359 -0.7966
vn 0.3841 -0.0061 -0.9233
vn 0.4534 -0.2590 -0.8529
vn -0.5631 -0.1451 0.8135
vn -0.8957 -0.0551 0.4412
vn 0.9204 -0.3263 0.2154
vn 0.0843 -0.1583 0.9838
vn -0.2313 -0.1881 0.9545
vn -0.1104 0.0098 0.9938
vn 0.3443 -0.1336 0.9293
vn 0.0005 -0.3783 0.9257
vn 0.2742 -0.3673 0.8888
vn 0.0077 -0.3434 0.9392
vn 0.3159 -0.3723 0.8727
vn -0.0551 -0.1999 0.9783
vn 0.8808 -0.3144 0.3541
vn 0.7339 -0.4892 0.4712
vn 0.6764 -0.4567 0.5779
vn 0.8894 -0.4326 0.1477
vn 0.8434 -0.4250 0.3288
vn 0.2613 -0.2851 -0.9222
vn 0.1356 0.0976 -0.9859
vn 0.2126 0.0052 -0.9771
vn -0.0622 0.0212 -0.9978
vn -0.0764 -0.0224 -0.9968
vn 0.0493 -0.2207 -0.9741
vn -0.4559 0.0403 -0.8891
vn -0.0699 0.0890 -0.9936
vn -0.9257 -0.0613 -0.3734
vn -0.7880 0.0059 -0.6157
vn -0.9192 -0.0110 -0.3936
vn -0.7689 0.0393 -0.6382
vn -0.9790 -0.0680 -0.1924
vn -0.9576 -0.1132 -0.2648
vn -0.9372 -0.1433 -0.3179
vn -0.9180 -0.0936 -0.3854
vn 0.8727 -0.3132 -0.3747
vn 0.7369 -0.4667 -0.4891
vn 0.9130 -0.4017 -0.0716
vn 0.8264 -0.5280 -0.1957
vn 0.9482 -0.2341 -0.2148
vn 0.9519 -0.3037 0.0401
vn 0.8303 -0.5544 0.0574
vn 0.7937 -0.5354 0.2888
vn 0.8700 -0.1271 -0.4764
vn 0.7261 -0.1728 -0.6655
vn 0.5678 -0.3879 -0.7260
vn 0.7347 -0.6777 0.0307
vn 0.7510 -0.6319 -0.1915
vn -0.9883 -0.0862 0.1260
vn -0.1715 -0.3299 -0.9283
vn 0.0267 -0.4107 -0.9114
vn -0.9398 0.0010 0.3416
vn -0.9848 -0.1189 0.1264
vn -0.7351 -0.0020 0.6780
vn -0.9375 -0.0269 0.3470
vn -0.9792 -0.1468 -0.1399
vn -0.2614 -0.2869 -0.9216
vn -0.4671 -0.2044 -0.8603
vn 0.6827 -0.6485 0.3367
vn 0.6541 -0.5551 0.5138
vn -0.5947 -0.3350 -0.7308
vn -0.4718 -0.0460 0.8805
vn 0.5996 -0.5110 0.6159
vn 0.5615 -0.4454 0.6974
vn -0.8211 0.0230 0.5703
vn -0.5680 -0.0444 0.8218
vn 0.4371 -0.3715 0.8191
vn 0.2731 -0.2929 0.9163
vn -0.9769 -0.1862 -0.1046
vn -0.9059 -0.2219 -0.3607
vn -0.8760 -0.3560 -0.3253
vn -0.6291 0.0186 0.7771
vn 0.1124 -0.2504 0.9616
vn 0.3145 -0.3885 0.8661
vn -0.0266 -0.2208 0.9750
vn -0.2519 -0.1377 0.9579
vn -0.3326 -0.0437 0.9421
vn -0.7767 -0.2830 -0.5627
vn -0.8341 -0.1838 -0.5201
vn -0.6650 -0.3002 -0.6838
vn -0.6764 -0.1888 -0.7120
vn -0.7216 -0.4748 -0.5038
vn -0.1884 -0.1317 0.9732
vn -0.1954 -0.9029 0.3829
vn -0.0836 -0.9570 0.2776
vn -0.1340 -0.8762 0.4630
vn -0.0000 -0.8885 0.4588
vn -0.7325 -0.1104 -0.6718
vn -0.5606 -0.4268 -0.7096
vn -0.7752 -0.3463 -0.5283
vn -0.3835 -0.6222 -0.6825
vn -0.5049 -0.4378 -0.7440
vn -0.5061 0.0214 -0.8622
vn -0.4347 0.2189 -0.8736
vn -0.3193 0.0832 -0.9440
vn -0.0000 0.1699 -0.9855
vn -0.3636 -0.0703 -0.9289
vn -0.0000 0.0401 -0.9992
vn -0.0000 -0.5528 -0.8333
vn -0.3997 -0.2843 -0.8714
vn -0.2890 -0.9070 0.3064
vn -0.5185 -0.2569 -0.8156
vn -0.8345 0.1881 -0.5180
vn -0.5231 0.3282 -0.7865
vn -0.0000 -0.9560 0.2932
vn -0.0000 -0.9897 0.1430
vn -0.1317 -0.9843 0.1177
vn -0.5729 0.3125 -0.7577
vn -0.3664 -0.8728 0.3226
vn -0.5044 -0.8487 0.1591
vn -0.0000 -0.8108 -0.5853
vn 0.1340 -0.8762 0.4630
vn 0.1472 -0.8964 0.4181
vn 0.2890 -0.9070 0.3064
vn 0.9275 -0.1540 0.3406
vn -0.2451 0.2514 -0.9363
vn -0.6552 -0.6937 0.2991
vn -0.9123 -0.0910 -0.3992
vn -0.3275 -0.8136 0.4804
vn -0.1198 -0.8354 0.5365
vn -0.1472 -0.8964 0.4181
vn -0.2965 0.3109 -0.9030
vn -0.9275 -0.1540 0.3406
vn -0.9444 0.0528 -0.3245
vn -0.3650 0.3076 -0.8787
vn -0.4123 0.0910 -0.9065
vn -0.4208 0.1944 -0.8861
vn -0.3566 0.1233 -0.9261
vn -0.0000 0.2573 -0.9663
vn -0.0000 0.2449 -0.9695
vn -0.0000 0.2198 -0.9756
vn 0.3636 -0.0703 -0.9289
vn 0.3193 0.0832 -0.9440
vn 0.5185 -0.2569 -0.8156
vn 0.7325 -0.1104 -0.6718
vn 0.5061 0.0214 -0.8622
vn 0.4347 0.2189 -0.8736
vn 0.1954 -0.9029 0.3829
vn 0.3997 -0.2843 -0.8714
vn 0.2451 0.2514 -0.9363
vn 0.0836 -0.9570 0.2776
vn 0.1317 -0.9843 0.1177
vn 0.5606 -0.4268 -0.7096
vn 0.8345 0.1881 -0.5180
vn 0.5729 0.3125 -0.7577
vn 0.5231 0.3282 -0.7865
vn 0.7752 -0.3463 -0.5283
vn 0.5049 -0.4378 -0.7440
vn 0.3835 -0.6222 -0.6825
vn 0.4123 0.0910 -0.9065
vn 0.3566 0.1233 -0.9261
vn 0.9123 -0.0910 -0.3992
vn 0.5044 -0.8487 0.1591
vn 0.6552 -0.6937 0.2991
vn 0.3664 -0.8728 0.3226
vn 0.3275 -0.8136 0.4804
vn 0.1198 -0.8354 0.5365
vn 0.2965 0.3109 -0.9030
vn 0.3650 0.3076 -0.8787
vn 0.4208 0.1944 -0.8861
vn 0.9444 0.0528 -0.3245
vt 0.729042 0.308957
vt 0.732537 0.362412
vt 0.798488 0.338947
vt 0.670456 0.361880
vt 0.680308 0.449508
vt 0.731856 0.422408
vt 0.787777 0.456659
vt 0.858450 0.467177
vt 0.862861 0.437534
vt 0.797319 0.366733
vt 0.789638 0.426441
vt 0.733345 0.478381
vt 0.930255 0.370420
vt 0.970867 0.387138
vt 0.964370 0.362577
vt 0.837935 0.267738
vt 0.855768 0.308714
vt 0.905334 0.302105
vt 0.923904 0.347274
vt 0.939491 0.288661
vt 0.495527 0.367063
vt 0.560041 0.394175
vt 0.551223 0.365433
vt 0.447483 0.369324
vt 0.445369 0.343687
vt 0.616127 0.393287
vt 0.607793 0.300247
vt 0.576967 0.465463
vt 0.628867 0.469425
vt 0.788863 0.512643
vt 0.781506 0.565542
vt 0.855726 0.524008
vt 0.973657 0.492343
vt 0.960527 0.545823
vt 0.984617 0.530478
vt 0.910783 0.562876
vt 0.454816 0.393335
vt 0.521769 0.461874
vt 0.412227 0.348487
vt 0.471362 0.436961
vt 0.986999 0.402820
vt 0.953203 0.287395
vt 0.870505 0.379342
vt 0.931805 0.424465
vt 0.932609 0.396965
vt 0.870340 0.352157
vt 0.924505 0.480668
vt 0.976091 0.465902
vt 0.419757 0.392864
vt 0.435142 0.433545
vt 0.406275 0.392741
vt 0.424554 0.447357
vt 0.770527 0.255520
vt 0.786448 0.295488
vt 0.864787 0.329970
vt 0.398387 0.358679
vt 0.413514 0.371289
vt 0.437388 0.457971
vt 0.472480 0.459416
vt 0.466899 0.482176
vt 0.432798 0.483187
vt 0.419851 0.483992
vt 0.402728 0.526341
vt 0.414247 0.524879
vt 0.613013 0.511738
vt 0.670579 0.520086
vt 0.677099 0.497100
vt 0.607648 0.534777
vt 0.661446 0.542392
vt 0.728938 0.529591
vt 0.568976 0.485465
vt 0.622784 0.490791
vt 0.445393 0.522579
vt 0.514915 0.482405
vt 0.556597 0.505207
vt 0.554690 0.528733
vt 0.480001 0.542731
vt 0.502771 0.502654
vt 0.460750 0.601252
vt 0.467435 0.583462
vt 0.423647 0.582475
vt 0.446680 0.612282
vt 0.714967 0.554801
vt 0.732283 0.504376
vt 0.846720 0.577814
vt 0.853377 0.551388
vt 0.994107 0.488986
vt 0.903229 0.588680
vt 0.958066 0.599845
vt 0.943014 0.596552
vt 0.976448 0.439459
vt 0.992984 0.446684
vt 0.931086 0.640510
vt 0.923810 0.660587
vt 0.944968 0.661457
vt 0.884391 0.632878
vt 0.927403 0.690715
vt 0.912483 0.679145
vt 0.872525 0.652857
vt 0.858657 0.671476
vt 0.766741 0.591401
vt 0.747114 0.615455
vt 0.819534 0.623665
vt 0.785476 0.663526
vt 0.802383 0.644242
vt 0.725918 0.637895
vt 0.706432 0.658919
vt 0.632452 0.545274
vt 0.629549 0.544609
vt 0.616268 0.544135
vt 0.603697 0.544027
vt 0.655170 0.549606
vt 0.659168 0.546712
vt 0.578785 0.537032
vt 0.618983 0.539996
vt 0.699803 0.556848
vt 0.680326 0.558831
vt 0.668948 0.616090
vt 0.616226 0.614366
vt 0.576972 0.664411
vt 0.519293 0.667197
vt 0.566547 0.677384
vt 0.626763 0.675700
vt 0.639198 0.660227
vt 0.510912 0.677987
vt 0.700813 0.586616
vt 0.732683 0.589489
vt 0.704698 0.572102
vt 0.687993 0.601521
vt 0.716814 0.608541
vt 0.465485 0.664309
vt 0.842201 0.689251
vt 0.691601 0.676157
vt 0.895947 0.696448
vt 0.769494 0.681438
vt 0.668793 0.582040
vt 0.657993 0.593573
vt 0.639691 0.604605
vt 0.669770 0.570766
vt 0.741289 0.570065
vt 0.388705 0.573739
vt 0.399768 0.555169
vt 0.595260 0.583110
vt 0.594809 0.551401
vt 0.569751 0.550662
vt 0.372033 0.575323
vt 0.404227 0.605325
vt 0.495842 0.610389
vt 0.603439 0.560338
vt 0.556292 0.600186
vt 0.525611 0.607571
vt 0.530074 0.547418
vt 0.607065 0.549261
vt 0.974794 0.413144
vt 0.428791 0.569084
vt 0.516878 0.569849
vt 0.648227 0.550760
vt 0.370920 0.609202
vt 0.373621 0.596335
vt 0.364564 0.605802
vt 0.488105 0.625770
vt 0.394465 0.616755
vt 0.661404 0.559592
vt 0.443251 0.639093
vt 0.489678 0.232474
vt 0.535965 0.230262
vt 0.494183 0.220112
vt 0.461431 0.227968
vt 0.533992 0.207531
vt 0.502541 0.205790
vt 0.640668 0.187529
vt 0.584173 0.200511
vt 0.640551 0.199128
vt 0.593202 0.229855
vt 0.649890 0.233842
vt 0.487691 0.199311
vt 0.475322 0.209923
vt 0.662052 0.276543
vt 0.548118 0.266119
vt 0.549025 0.299639
vt 0.494188 0.245575
vt 0.457856 0.237772
vt 0.483834 0.191947
vt 0.462939 0.206287
vt 0.459237 0.204663
vt 0.765332 0.169535
vt 0.764345 0.188878
vt 0.832585 0.169681
vt 0.451467 0.218305
vt 0.437472 0.245814
vt 0.446469 0.218024
vt 0.493310 0.181527
vt 0.455967 0.255566
vt 0.496293 0.270924
vt 0.428490 0.269023
vt 0.417944 0.275464
vt 0.420908 0.295272
vt 0.409112 0.301021
vt 0.452049 0.282894
vt 0.415337 0.322291
vt 0.794289 0.316554
vt 0.888760 0.174490
vt 0.887477 0.197333
vt 0.926408 0.181141
vt 0.925134 0.231238
vt 0.938095 0.224984
vt 0.494385 0.304215
vt 0.930588 0.259982
vt 0.708240 0.244219
vt 0.714150 0.263994
vt 0.722127 0.285671
vt 0.655250 0.252630
vt 0.728121 0.098731
vt 0.723226 0.100470
vt 0.763260 0.091026
vt 0.800316 0.079238
vt 0.733119 0.095747
vt 0.786749 0.084466
vt 0.735031 0.116781
vt 0.743370 0.110858
vt 0.728675 0.108959
vt 0.688721 0.110606
vt 0.650237 0.122531
vt 0.656279 0.117995
vt 0.755607 0.117198
vt 0.835088 0.117151
vt 0.894162 0.118726
vt 0.847735 0.104149
vt 0.767662 0.108633
vt 0.788454 0.116776
vt 0.801457 0.104681
vt 0.753851 0.104798
vt 0.731987 0.102514
vt 0.782854 0.098388
vt 0.684747 0.105969
vt 0.688557 0.109907
vt 0.752413 0.100355
vt 0.718740 0.091957
vt 0.727172 0.095964
vt 0.755753 0.095193
vt 0.824523 0.091616
vt 0.802068 0.085926
vt 0.660737 0.111941
vt 0.889798 0.251453
vt 0.700146 0.191171
vt 0.766652 0.232568
vt 0.687965 0.169270
vt 0.832988 0.241442
vt 0.832213 0.191374
vt 0.694156 0.097153
vt 0.708062 0.093882
vt 0.732325 0.096665
vt 0.494235 0.654277
vt 0.527039 0.654373
vt 0.540179 0.616585
vt 0.503504 0.645106
vt 0.514215 0.643008
vt 0.523986 0.629860
vt 0.540597 0.624059
vt 0.480250 0.639767
vt 0.728736 0.144860
vt 0.703449 0.153901
vt 0.587767 0.621531
vt 0.604364 0.634931
vt 0.570414 0.651483
vt 0.557528 0.625913
vt 0.562070 0.608569
vt 0.939608 0.197779
vt 0.784602 0.079385
vt 0.751323 0.088556
vt 0.940350 0.184419
vt 0.846147 0.058633
vt 0.885565 0.132394
vt 0.829531 0.129683
vt 0.884696 0.145089
vt 0.926877 0.148980
vt 0.954265 0.151587
vt 0.928564 0.135587
vt 0.623615 0.127392
vt 0.631197 0.117644
vt 0.777292 0.129261
vt 0.548780 0.152186
vt 0.734416 0.132993
vt 0.772576 0.152037
vt 0.924256 0.164309
vt 0.948257 0.167399
vt 0.825585 0.143192
vt 0.429397 0.250765
vt 0.883771 0.158411
vt 0.570099 0.131672
vt 0.600127 0.124600
vt 0.513270 0.165265
vt 0.489702 0.186738
vt 0.488504 0.183514
vt 0.542269 0.138324
vt 0.504673 0.163149
vt 0.829855 0.159398
vt 0.420504 0.650212
vt 0.389490 0.628741
vt 0.374640 0.626013
vt 0.389701 0.662307
vt 0.391496 0.666043
vt 0.534720 0.714113
vt 0.588631 0.718328
vt 0.555818 0.689645
vt 0.614459 0.690021
vt 0.677555 0.692116
vt 0.647165 0.723339
vt 0.390754 0.642878
vt 0.418287 0.661596
vt 0.394779 0.658684
vt 0.596336 0.761779
vt 0.667962 0.765470
vt 0.623169 0.742728
vt 0.645300 0.782446
vt 0.833477 0.741348
vt 0.824063 0.705634
vt 0.737267 0.766745
vt 0.402672 0.692293
vt 0.415083 0.740978
vt 0.417347 0.673801
vt 0.876302 0.712308
vt 0.693391 0.747719
vt 0.896694 0.715477
vt 0.753353 0.698041
vt 0.404574 0.707405
vt 0.444247 0.704925
vt 0.454295 0.684549
vt 0.416464 0.698810
vt 0.459829 0.674281
vt 0.502235 0.688610
vt 0.832378 0.755596
vt 0.493836 0.699206
vt 0.493902 0.751574
vt 0.518734 0.774512
vt 0.542124 0.756850
vt 0.516653 0.732418
vt 0.472879 0.727378
vt 0.566998 0.737713
vt 0.472240 0.768505
vt 0.408520 0.705449
vt 0.436425 0.723130
vt 0.428321 0.744049
vt 0.419649 0.746438
vt 0.421979 0.761378
vt 0.788473 0.778342
vt 0.767685 0.779243
vt 0.715085 0.781428
vt 0.572950 0.779848
vt 0.454892 0.746965
vt 0.438360 0.763552
vt 0.353477 0.921564
vt 0.368453 0.923551
vt 0.364531 0.900701
vt 0.379418 0.943813
vt 0.383430 0.936396
vt 0.348652 0.938242
vt 0.309929 0.924301
vt 0.338501 0.923551
vt 0.341066 0.898745
vt 0.368453 0.949240
vt 0.298363 0.947916
vt 0.327536 0.928979
vt 0.327536 0.943813
vt 0.323524 0.936396
vt 0.353477 0.951228
vt 0.338501 0.949240
vt 0.308947 0.958140
vt 0.334897 0.957195
vt 0.379418 0.928979
vt 0.421505 0.921211
vt 0.411926 0.938862
vt 0.071801 0.886601
vt 0.028948 0.885040
vt 0.032209 0.886739
vt 0.397476 0.956546
vt 0.331839 0.882621
vt 0.319475 0.897338
vt 0.321166 0.868148
vt 0.314730 0.880738
vt 0.308736 0.866908
vt 0.347144 0.871108
vt 0.381574 0.874964
vt 0.385722 0.858372
vt 0.341803 0.860484
vt 0.417361 0.863890
vt 0.391693 0.991111
vt 0.355272 0.987307
vt 0.385957 0.993824
vt 0.010510 0.884361
vt 0.006366 0.882990
vt 0.005577 0.895552
vt 0.380254 0.996799
vt 0.389231 0.996716
vt 0.320926 0.969043
vt 0.313429 0.976927
vt 0.000000 0.895612
vt 0.026454 0.890524
vt 0.019628 0.892451
vt 0.048218 0.896409
vt 0.071557 0.903845
vt 0.435894 0.986872
vt 0.394469 0.985780
vt 0.295018 0.976262
vt 0.396043 0.999097
vt 0.449485 0.998728
vt 0.441310 0.996654
vt 0.410761 0.998690
vt 0.350569 0.991780
vt 0.276448 0.972155
vt 0.068358 0.890949
vt 0.531314 0.991998
vt 0.535683 0.988398
vt 0.494296 0.996394
vt 0.534654 0.985911
vt 0.517564 0.984129
vt 0.496063 0.993628
vt 0.488109 0.997375
vt 0.443556 1.000000
vt 0.407694 0.999562
vt 0.481584 0.991667
vt 0.071096 0.887127
vt 0.587913 0.916042
vt 0.595452 0.927654
vt 0.607060 0.901626
vt 0.619801 0.923900
vt 0.009345 0.902342
vt 0.003999 0.902515
vt 0.568614 0.929376
vt 0.573072 0.891688
vt 0.644065 0.925122
vt 0.631254 0.911418
vt 0.022447 0.902328
vt 0.028939 0.907818
vt 0.043074 0.905671
vt 0.050121 0.915380
vt 0.029000 0.914930
vt 0.626006 0.931908
vt 0.421148 0.894011
vt 0.419372 0.878888
vt 0.387028 0.890198
vt 0.453271 0.926974
vt 0.458016 0.910375
vt 0.279182 0.886447
vt 0.276434 0.874938
vt 0.222119 0.883600
vt 0.017707 0.908951
vt 0.563489 0.941384
vt 0.598464 0.938641
vt 0.338745 0.851886
vt 0.315778 0.861115
vt 0.219780 0.892112
vt 0.331393 0.851200
vt 0.305762 0.861750
vt 0.243437 0.876714
vt 0.060818 0.910188
vt 0.025961 0.916062
vt 0.250700 0.919540
vt 0.288456 0.920096
vt 0.279958 0.900073
vt 0.239966 0.901592
vt 0.495424 0.919631
vt 0.421336 0.905899
vt 0.390927 0.903114
vt 0.458157 0.883823
vt 0.457405 0.869128
vt 0.458814 0.898728
vt 0.497223 0.905062
vt 0.497425 0.890343
vt 0.297489 0.969027
vt 0.280531 0.969864
vt 0.287230 0.960346
vt 0.271722 0.954544
vt 0.279539 0.939463
vt 0.589712 0.964052
vt 0.572875 0.965081
vt 0.555019 0.977102
vt 0.527613 0.938892
vt 0.532611 0.925460
vt 0.535115 0.911609
vt 0.497091 0.875688
vt 0.535838 0.883299
vt 0.251517 0.950039
vt 0.250446 0.965912
vt 0.145598 0.893615
vt 0.041985 0.918896
vt 0.038743 0.920237
vt 0.152142 0.888303
vt 0.255215 0.937353
vt 0.224665 0.954412
vt 0.217901 0.930840
vt 0.233276 0.943005
vt 0.538563 0.974387
vt 0.545952 0.964685
vt 0.510560 0.964075
vt 0.489288 0.982952
vt 0.503959 0.974421
vt 0.467439 0.972598
vt 0.565899 0.977696
vt 0.473781 0.961092
vt 0.490092 0.947990
vt 0.452491 0.943828
vt 0.434734 0.957880
vt 0.523431 0.952178
vt 0.384693 0.970425
vt 0.186346 0.950418
vt 0.088816 0.931019
vt 0.145518 0.938608
vt 0.076029 0.925934
vt 0.207129 0.941859
vt 0.197090 0.949676
vt 0.188831 0.902053
vt 0.140045 0.920693
vt 0.192782 0.927408
vt 0.127709 0.909267
vt 0.128000 0.928536
vt 0.567647 0.980942
vt 0.602344 0.961933
vt 0.622535 0.944007
vt 0.606130 0.949335
vt 0.178783 0.914192
vt 0.195347 0.891665
vt 0.350936 0.969915
vt 0.079778 0.897370
vt 0.116383 0.900162
vt 0.176203 0.886526
vt 0.661019 0.911854
vt 0.377501 0.409154
vt 0.363995 0.378589
vt 0.449405 0.426386
vt 0.362764 0.380550
vt 0.463239 0.466921
vt 0.560520 0.534084
vt 0.450650 0.475923
vt 0.278163 0.411164
vt 0.295000 0.410397
vt 0.262966 0.368743
vt 0.518997 0.484749
vt 0.335701 0.402133
vt 0.317732 0.370558
vt 0.364784 0.415047
vt 0.167564 0.297355
vt 0.155477 0.286668
vt 0.168682 0.285270
vt 0.210389 0.322824
vt 0.181427 0.295961
vt 0.195807 0.299942
vt 0.195257 0.324201
vt 0.339553 0.395416
vt 0.438248 0.480682
vt 0.352594 0.418059
vt 0.363751 0.441580
vt 0.338360 0.420465
vt 0.234042 0.361021
vt 0.327193 0.397816
vt 0.312936 0.399472
vt 0.265550 0.360262
vt 0.298716 0.364559
vt 0.233102 0.369917
vt 0.241798 0.330498
vt 0.518691 0.606795
vt 0.376909 0.537396
vt 0.540639 0.598628
vt 0.438341 0.581369
vt 0.276791 0.449212
vt 0.339938 0.496269
vt 0.310305 0.498652
vt 0.250503 0.426141
vt 0.278637 0.425316
vt 0.419602 0.528583
vt 0.331111 0.445765
vt 0.567172 0.589636
vt 0.369628 0.538875
vt 0.444580 0.523264
vt 0.395301 0.533628
vt 0.178083 0.297184
vt 0.227836 0.310880
vt 0.164652 0.298587
vt 0.219108 0.426612
vt 0.305189 0.423890
vt 0.360265 0.469666
vt 0.377022 0.466789
vt 0.459852 0.518862
vt 0.483787 0.563046
vt 0.556377 0.587153
vt 0.419555 0.482850
vt 0.458922 0.464193
vt 0.440455 0.436861
vt 0.593733 0.535389
vt 0.560478 0.508496
vt 0.554836 0.518743
vt 0.584629 0.561205
vt 0.602645 0.530256
vt 0.567064 0.504009
vt 0.471019 0.565287
vt 0.550049 0.615510
vt 0.572072 0.602714
vt 0.508286 0.601879
vt 0.589472 0.546646
vt 0.250569 0.359757
vt 0.296954 0.400654
vt 0.279413 0.401630
vt 0.224933 0.325243
vt 0.518335 0.476420
vt 0.511903 0.485229
vt 0.478460 0.515516
vt 0.424079 0.484387
vt 0.491999 0.510849
vt 0.541231 0.547264
vt 0.525109 0.552558
vt 0.462521 0.519453
vt 0.149976 0.301003
vt 0.588171 0.582398
vt 0.604918 0.574869
vt 0.291326 0.345028
vt 0.299716 0.345057
vt 0.332079 0.362055
vt 0.321218 0.366321
vt 0.241958 0.401008
vt 0.174672 0.366121
vt 0.198029 0.402647
vt 0.157516 0.329865
vt 0.267823 0.329898
vt 0.291143 0.340692
vt 0.616193 0.538496
vt 0.618114 0.547697
vt 0.570700 0.506748
vt 0.611622 0.532100
vt 0.619073 0.557951
vt 0.553328 0.541314
vt 0.278351 0.431190
vt 0.307049 0.473553
vt 0.209379 0.381522
vt 0.243024 0.393414
vt 0.264850 0.330315
vt 0.322434 0.422372
vt 0.169237 0.337649
vt 0.197578 0.356357
vt 0.192707 0.334746
vt 0.162824 0.310680
vt 0.343959 0.000331
vt 0.340676 0.002669
vt 0.351969 0.002701
vt 0.407322 0.000738
vt 0.412452 0.000682
vt 0.326756 0.000000
vt 0.309196 0.006509
vt 0.307082 0.002831
vt 0.326028 0.002792
vt 0.435114 0.025514
vt 0.374063 0.017867
vt 0.355784 0.009943
vt 0.338656 0.009864
vt 0.314674 0.009334
vt 0.321711 0.009707
vt 0.523878 0.003492
vt 0.369177 0.001153
vt 0.345613 0.006542
vt 0.630460 0.004837
vt 0.617696 0.007654
vt 0.668244 0.006859
vt 0.327522 0.006533
vt 0.680768 0.003952
vt 0.695185 0.009274
vt 0.639667 0.002494
vt 0.301074 0.006367
vt 0.298391 0.002846
vt 0.421251 0.021949
vt 0.363370 0.010090
vt 0.575717 0.003176
vt 0.517240 0.004903
vt 0.512148 0.007351
vt 0.479278 0.027168
vt 0.486141 0.031465
vt 0.497975 0.033357
vt 0.514459 0.030210
vt 0.605430 0.020256
vt 0.636919 0.014180
vt 0.588669 0.014998
vt 0.663109 0.017028
vt 0.557189 0.036384
vt 0.592512 0.031857
vt 0.566909 0.026476
vt 0.473048 0.020118
vt 0.483764 0.024351
vt 0.494292 0.017388
vt 0.440145 0.013379
vt 0.434621 0.016689
vt 0.522281 0.021328
vt 0.296846 0.002643
vt 0.288291 0.002639
vt 0.718857 0.008681
vt 0.717467 0.005926
vt 0.725166 0.006179
vt 0.588598 0.041936
vt 0.610997 0.039206
vt 0.611660 0.044977
vt 0.610048 0.034900
vt 0.680510 0.016887
vt 0.695974 0.016631
vt 0.693978 0.026872
vt 0.708531 0.009257
vt 0.594508 0.047160
vt 0.636332 0.035523
vt 0.643139 0.030297
vt 0.579645 0.038594
vt 0.573063 0.043675
vt 0.559247 0.040953
vt 0.660699 0.030960
vt 0.560840 0.044672
vt 0.545290 0.042077
vt 0.545022 0.042367
vt 0.551139 0.041098
vt 0.512514 0.038675
vt 0.645690 0.022624
vt 0.510912 0.039086
vt 0.560694 0.044862
vt 0.723296 0.003626
vt 0.696280 0.013084
vt 0.460783 0.003833
vt 0.520777 0.003807
vt 0.506675 0.010316
vt 0.500746 0.013696
vt 0.603166 0.011019
vt 0.680434 0.013161
vt 0.653281 0.010322
vt 0.689628 0.001840
vt 0.715902 0.003626
vt 0.652178 0.038106
vt 0.528298 0.037155
vt 0.504847 0.033242
vt 0.543049 0.031610
vt 0.353017 0.006633
vt 0.344551 0.002744
vt 0.353247 0.010256
vt 0.312804 0.010536
vt 0.335334 0.014351
vt 0.341972 0.006784
vt 0.299373 0.006963
vt 0.291152 0.006985
vt 0.305067 0.010578
vt 0.349902 0.002656
vt 0.300167 0.002637
vt 0.335372 0.000062
vt 0.381687 0.001137
vt 0.415952 0.022518
vt 0.365174 0.019400
vt 0.472546 0.032646
vt 0.392412 0.023615
vt 0.388236 0.023799
vt 0.454582 0.031079
vt 0.471395 0.031861
vt 0.472682 0.028065
vt 0.428354 0.021963
vt 0.351344 0.002850
vt 0.331257 0.002942
vt 0.336654 0.005872
vt 0.367190 0.019440
vt 0.394460 0.023647
vt 0.400877 0.019150
vt 0.357273 0.007910
vt 0.407731 0.017206
vt 0.355060 0.008818
vt 0.353867 0.006307
vt 0.374288 0.009730
vt 0.364658 0.006522
vt 0.365240 0.002701
vt 0.363413 0.002771
vt 0.365893 0.006672
vt 0.360557 0.010380
vt 0.350813 0.006791
vt 0.315829 0.010568
vt 0.302666 0.006959
vt 0.426691 0.020894
vt 0.374927 0.010105
vt 0.520984 0.037317
vt 0.462117 0.012445
vt 0.487442 0.014645
vt 0.492116 0.019504
vt 0.437294 0.018777
vt 0.443932 0.013571
vt 0.524526 0.003541
vt 0.427194 0.014250
vt 0.513501 0.016452
vt 0.448836 0.003227
vt 0.524254 0.004902
vt 0.427335 0.009881
vt 0.376881 0.001380
vt 0.345773 0.002053
vt 0.401276 0.002140
vt 0.465729 0.010953
vt 0.334376 0.000877
vt 0.409408 0.001840
vt 0.316511 0.001859
vt 0.354661 0.001699
vt 0.365480 0.007690
vt 0.361707 0.001271
vt 0.727191 0.001522
vt 0.729075 0.004634
vt 0.727120 0.002047
vt 0.728783 0.007929
vt 0.725904 0.004677
vt 0.715569 0.018276
vt 0.718613 0.006239
vt 0.696773 0.012520
vt 0.709382 0.008750
vt 0.663476 0.033125
vt 0.684653 0.027111
vt 0.668009 0.026934
vt 0.723466 0.002049
vt 0.702824 0.021765
vt 0.704750 0.017202
vt 0.647705 0.031620
vt 0.687786 0.021784
vt 0.641678 0.038545
vt 0.361205 0.012311
vt 0.619420 0.003605
vt 0.516174 0.038573
vt 0.411884 0.004819
vt 0.510475 0.012008
vt 0.484652 0.006241
vt 0.517559 0.009080
vt 0.620754 0.010459
vt 0.691728 0.003862
vt 0.682638 0.006688
vt 0.697459 0.001737
vt 0.632503 0.007207
vt 0.580805 0.006239
vt 0.700217 0.000423
vt 0.698530 0.000631
vt 0.582379 0.026216
vt 0.554056 0.025437
vt 0.539667 0.020842
vt 0.720910 0.018221
vt 0.564912 0.044521
vt 0.582388 0.048679
vt 0.577155 0.048931
vt 0.565786 0.043910
vt 0.571851 0.050016
vt 0.572490 0.049781
vt 0.710486 0.021648
vt 0.673764 0.032758
vt 0.575172 0.049647
vt 0.681379 0.016859
vt 0.578884 0.042275
vt 0.599478 0.039719
vt 0.623700 0.036175
vt 0.621591 0.042439
vt 0.587156 0.047505
vt 0.602696 0.045386
vt 0.670433 0.010084
vt 0.655367 0.013924
vt 0.606812 0.055602
vt 0.551909 0.081832
vt 0.580316 0.056695
vt 0.591370 0.056130
vt 0.565669 0.083933
vt 0.624644 0.054557
vt 0.584789 0.088262
vt 0.592183 0.074347
vt 0.609795 0.073999
vt 0.592234 0.058558
vt 0.581721 0.059315
vt 0.606901 0.057371
vt 0.568469 0.073799
vt 0.588420 0.092392
vt 0.610542 0.092213
vt 0.607126 0.092680
vt 0.581101 0.108277
vt 0.557640 0.102126
vt 0.642876 0.052452
vt 0.630544 0.095044
vt 0.540940 0.098656
vt 0.573796 0.057810
vt 0.561897 0.069263
vt 0.562643 0.071621
vt 0.572307 0.058912
vt 0.548527 0.086699
vt 0.546371 0.083198
vt 0.575177 0.059564
vt 0.633917 0.091293
vt 0.629187 0.072955
vt 0.648715 0.070698
vt 0.624127 0.055423
vt 0.642312 0.052396
vt 0.533865 0.099909
vt 0.721450 0.034429
vt 0.721070 0.033176
vt 0.714690 0.059769
vt 0.700306 0.056277
vt 0.708433 0.057196
vt 0.699319 0.068609
vt 0.680387 0.069947
vt 0.687537 0.043875
vt 0.705544 0.039687
vt 0.682877 0.082882
vt 0.691714 0.080125
vt 0.679814 0.062251
vt 0.712158 0.066326
vt 0.657740 0.070990
vt 0.665773 0.048351
vt 0.675328 0.097209
vt 0.716715 0.063108
vt 0.655649 0.096105
vt 0.698774 0.079234
vt 0.691667 0.058360
vt 0.671410 0.086337
vt 0.665312 0.066768
vt 0.662611 0.047343
vt 0.681844 0.041672
vt 0.698159 0.036672
vt 0.656438 0.089300
vt 0.716184 0.086531
vt 0.710467 0.081708
vt 0.718777 0.091636
vt 0.608925 0.114296
vt 0.720943 0.113123
vt 0.714103 0.095446
vt 0.631202 0.177073
vt 0.560318 0.129831
vt 0.657627 0.157073
vt 0.666459 0.137861
vt 0.566059 0.161719
vt 0.610311 0.159630
vt 0.608052 0.109500
vt 0.635341 0.106553
vt 0.660944 0.103889
vt 0.678024 0.099995
vt 0.581829 0.111849
vt 0.535218 0.104357
vt 0.559599 0.112333
vt 0.529548 0.162346
vt 0.698878 0.098535
vt 0.544078 0.109460
vt 0.528735 0.191016
vt 0.638672 0.117752
vt 0.537144 0.126521
vt 0.528416 0.134462
vt 0.522454 0.130097
vt 0.502353 0.162090
vt 0.500981 0.190163
vt 0.669352 0.118646
vt 0.690473 0.117970
vt 0.708658 0.117548
vt 0.707597 0.128539
vt 0.691817 0.133464
vt 0.525001 0.126981
vt 0.509320 0.162060
vt 0.684662 0.853745
vt 0.674717 0.869631
vt 0.651712 0.866242
vt 0.658097 0.851731
vt 0.639898 0.896396
vt 0.658595 0.902611
vt 0.414031 0.844392
vt 0.378497 0.845168
vt 0.619618 0.835661
vt 0.618448 0.847754
vt 0.569474 0.841061
vt 0.561009 0.819441
vt 0.682962 0.871029
vt 0.694382 0.854542
vt 0.665871 0.837508
vt 0.458575 0.819646
vt 0.424826 0.801811
vt 0.425676 0.817781
vt 0.364639 0.839341
vt 0.388513 0.825573
vt 0.384839 0.822101
vt 0.402183 0.812022
vt 0.409465 0.826132
vt 0.411160 0.798535
vt 0.510273 0.821016
vt 0.503372 0.800658
vt 0.459392 0.800739
vt 0.517705 0.842336
vt 0.616390 0.860838
vt 0.571189 0.853395
vt 0.613929 0.874341
vt 0.572551 0.866042
vt 0.525297 0.855294
vt 0.438825 0.832263
vt 0.468811 0.836496
vt 0.491388 0.859279
vt 0.451688 0.850616
vt 0.573274 0.878856
vt 0.532221 0.869115
vt 0.729958 0.806530
vt 0.748237 0.792016
vt 0.768324 0.790543
vt 0.622699 0.810699
vt 0.629751 0.797875
vt 0.684164 0.809252
vt 0.559308 0.796296
vt 0.674111 0.823308
vt 0.697384 0.795454
vt 0.713398 0.821792
vt 0.698361 0.837598
vt 0.728624 0.821085
vt 0.457461 0.780138
vt 0.429308 0.772016
vt 0.419433 0.768804
vt 0.950483 0.037784
vt 0.952673 0.033611
vt 0.922203 0.040395
vt 0.925618 0.037968
vt 0.921644 0.062296
vt 0.943977 0.043142
vt 0.907058 0.054300
vt 0.970566 0.034357
vt 0.953701 0.059086
vt 0.952987 0.069700
vt 0.977505 0.057669
vt 0.993613 0.058978
vt 0.981488 0.046872
vt 1.000000 0.046256
vt 0.998471 0.035962
vt 0.981911 0.039321
vt 0.956327 0.051544
vt 0.891240 0.077575
vt 0.933280 0.079031
vt 0.952940 0.033330
vt 0.981545 0.031062
vt 0.903459 0.103678
vt 0.888370 0.054496
vt 0.902412 0.046981
vt 0.841891 0.078767
vt 0.974132 0.071175
vt 0.869330 0.066542
vt 0.848190 0.064967
vt 0.850107 0.060849
vt 0.959992 0.083485
vt 0.948961 0.097288
vt 0.937527 0.122840
vt 0.939106 0.109511
vt 0.961335 0.124016
vt 0.983297 0.075564
vt 0.977749 0.087292
vt 0.971867 0.099123
s 1
usemtl Penguin.mtl
f 21/1/1 32/2/2 27/3/3
f 56/4/4 71/5/5 32/2/2
f 71/5/5 47/6/6 32/2/2
f 64/7/7 97/8/8 93/9/9
f 56/4/4 32/2/2 21/1/1
f 32/2/2 47/6/6 36/10/10
f 53/11/11 64/7/7 93/9/9
f 71/5/5 58/12/12 47/6/6
f 136/13/13 209/14/14 205/15/15
f 83/16/16 76/17/17 133/18/18
f 134/19/19 205/15/15 206/20/20
f 134/19/19 136/13/13 205/15/15
f 47/6/6 53/11/11 36/10/10
f 47/6/6 58/12/12 53/11/11
f 58/12/12 64/7/7 53/11/11
f 32/2/2 36/10/10 27/3/3
f 167/21/21 118/22/22 121/23/23
f 197/24/24 167/21/21 196/25/25
f 121/23/23 95/26/26 87/27/27
f 122/28/28 100/29/29 95/26/26
f 69/30/30 61/31/31 103/32/32
f 216/33/33 218/34/34 272/35/35
f 218/34/34 216/33/33 158/36/36
f 121/23/23 118/22/22 95/26/26
f 197/24/24 195/37/37 167/21/21
f 167/21/21 163/38/38 118/22/22
f 163/38/38 122/28/28 118/22/22
f 196/25/25 245/39/39 197/24/24
f 118/22/22 122/28/28 95/26/26
f 195/37/37 193/40/40 167/21/21
f 193/40/40 163/38/38 167/21/21
f 205/15/15 266/41/41 262/42/42
f 85/43/43 144/44/44 139/45/45
f 27/3/3 36/10/10 82/46/46
f 144/44/44 151/47/47 214/48/48
f 85/43/43 139/45/45 136/13/13
f 241/49/49 240/50/50 195/37/37
f 240/50/50 193/40/40 195/37/37
f 265/51/51 268/52/52 241/49/49
f 151/47/47 216/33/33 214/48/48
f 36/10/10 85/43/43 82/46/46
f 85/43/43 93/9/9 144/44/44
f 93/9/9 97/8/8 144/44/44
f 53/11/11 93/9/9 85/43/43
f 82/46/46 85/43/43 136/13/13
f 97/8/8 151/47/47 144/44/44
f 36/10/10 53/11/11 85/43/43
f 133/18/18 134/19/19 206/20/20
f 76/17/17 134/19/19 133/18/18
f 31/53/53 24/54/54 83/16/16
f 24/54/54 76/17/17 83/16/16
f 82/46/46 136/13/13 134/19/19
f 205/15/15 209/14/14 266/41/41
f 76/17/17 80/55/55 134/19/19
f 80/55/55 82/46/46 134/19/19
f 245/39/39 264/56/56 244/57/57
f 241/49/49 195/37/37 197/24/24
f 268/52/52 240/50/50 241/49/49
f 206/20/20 205/15/15 262/42/42
f 244/57/57 241/49/49 197/24/24
f 244/57/57 264/56/56 241/49/49
f 265/51/51 241/49/49 264/56/56
f 244/57/57 197/24/24 245/39/39
f 242/58/58 194/59/59 193/40/40
f 194/59/59 242/58/58 198/60/60
f 246/61/61 198/60/60 242/58/58
f 269/62/62 246/61/61 268/52/52
f 194/59/59 198/60/60 163/38/38
f 268/52/52 242/58/58 240/50/50
f 242/58/58 268/52/52 246/61/61
f 271/63/63 247/64/64 269/62/62
f 106/65/65 78/66/66 79/67/67
f 106/65/65 98/68/68 78/66/66
f 78/66/66 73/69/69 57/70/70
f 127/71/71 102/72/72 100/29/29
f 198/60/60 246/61/61 203/73/73
f 247/64/64 203/73/73 246/61/61
f 246/61/61 269/62/62 247/64/64
f 127/71/71 122/28/28 168/74/74
f 95/26/26 56/4/4 87/27/27
f 106/65/65 102/72/72 129/75/75
f 106/65/65 129/75/75 123/76/76
f 169/77/77 171/78/78 203/73/73
f 156/79/79 161/80/80 187/81/81
f 157/82/82 156/79/79 187/81/81
f 168/74/74 198/60/60 203/73/73
f 98/68/68 106/65/65 123/76/76
f 129/75/75 127/71/71 168/74/74
f 171/78/78 168/74/74 203/73/73
f 168/74/74 122/28/28 163/38/38
f 168/74/74 163/38/38 198/60/60
f 100/29/29 102/72/72 79/67/67
f 102/72/72 106/65/65 79/67/67
f 127/71/71 129/75/75 102/72/72
f 73/69/69 50/83/83 57/70/70
f 60/84/84 57/70/70 69/30/30
f 57/70/70 61/31/31 69/30/30
f 99/85/85 104/86/86 61/31/31
f 79/67/67 60/84/84 58/12/12
f 57/70/70 50/83/83 61/31/31
f 79/67/67 78/66/66 60/84/84
f 78/66/66 57/70/70 60/84/84
f 103/32/32 104/86/86 158/36/36
f 151/47/47 158/36/36 216/33/33
f 272/35/35 270/87/87 216/33/33
f 158/36/36 151/47/47 103/32/32
f 104/86/86 99/85/85 158/36/36
f 104/86/86 103/32/32 61/31/31
f 158/36/36 154/88/88 218/34/34
f 154/88/88 158/36/36 99/85/85
f 64/7/7 69/30/30 97/8/8
f 98/68/68 73/69/69 78/66/66
f 193/40/40 194/59/59 163/38/38
f 171/78/78 129/75/75 168/74/74
f 240/50/50 242/58/58 193/40/40
f 122/28/28 127/71/71 100/29/29
f 129/75/75 171/78/78 123/76/76
f 169/77/77 123/76/76 171/78/78
f 274/89/89 272/35/35 217/90/90
f 71/5/5 79/67/67 58/12/12
f 97/8/8 103/32/32 151/47/47
f 103/32/32 97/8/8 69/30/30
f 58/12/12 60/84/84 69/30/30
f 218/34/34 217/90/90 272/35/35
f 217/90/90 218/34/34 154/88/88
f 58/12/12 69/30/30 64/7/7
f 212/91/91 267/92/92 266/41/41
f 204/93/93 201/94/94 275/95/95
f 204/93/93 131/96/96 201/94/94
f 581/97/97 275/95/95 199/98/98
f 124/99/99 119/100/100 201/94/94
f 154/88/88 131/96/96 217/90/90
f 42/101/101 20/102/102 75/103/103
f 131/96/96 154/88/88 75/103/103
f 201/94/94 199/98/98 275/95/95
f 131/96/96 124/99/99 201/94/94
f 119/100/100 124/99/99 49/104/104
f 55/105/105 49/104/104 124/99/99
f 131/96/96 75/103/103 124/99/99
f 199/98/98 201/94/94 119/100/100
f 55/105/105 13/106/106 49/104/104
f 13/106/106 11/107/107 49/104/104
f 61/31/31 42/101/101 99/85/85
f 30/108/108 65/109/109 34/110/110
f 84/111/111 34/110/110 65/109/109
f 48/112/112 66/113/113 65/109/109
f 109/114/114 84/111/111 89/115/115
f 45/116/116 66/113/113 40/117/117
f 89/115/115 65/109/109 66/113/113
f 65/109/109 89/115/115 84/111/111
f 275/95/95 274/89/89 204/93/93
f 20/102/102 13/106/106 55/105/105
f 99/85/85 75/103/103 154/88/88
f 75/103/103 99/85/85 42/101/101
f 75/103/103 20/102/102 55/105/105
f 217/90/90 204/93/93 274/89/89
f 204/93/93 217/90/90 131/96/96
f 75/103/103 55/105/105 124/99/99
f 5/118/118 1/119/119 13/106/106
f 15/120/120 46/121/121 532/122/122
f 532/122/122 12/123/123 15/120/120
f 8/124/124 15/120/120 12/123/123
f 535/125/125 532/122/122 46/121/121
f 16/126/126 26/127/127 33/128/128
f 16/126/126 7/129/129 26/127/127
f 7/129/129 14/130/130 26/127/127
f 46/121/121 96/131/131 535/125/125
f 199/98/98 119/100/100 554/132/132
f 12/123/123 530/133/133 8/124/124
f 11/107/107 8/124/124 530/133/133
f 202/134/134 199/98/98 554/132/132
f 554/132/132 119/100/100 62/135/135
f 119/100/100 49/104/104 62/135/135
f 581/97/97 199/98/98 202/134/134
f 10/136/136 6/137/137 16/126/126
f 5/118/118 13/106/106 14/130/130
f 2/138/138 5/118/118 7/129/129
f 2/138/138 1/119/119 5/118/118
f 7/129/129 5/118/118 14/130/130
f 1/119/119 11/107/107 13/106/106
f 6/137/137 2/138/138 7/129/129
f 6/137/137 7/129/129 16/126/126
f 14/130/130 20/102/102 42/101/101
f 26/127/127 14/130/130 42/101/101
f 1625/139/139 10/136/136 33/128/128
f 10/136/136 16/126/126 33/128/128
f 26/127/127 42/101/101 43/140/140
f 14/130/130 13/106/106 20/102/102
f 43/140/140 33/128/128 26/127/127
f 61/31/31 43/140/140 42/101/101
f 230/141/141 237/142/142 271/63/63
f 237/142/142 230/141/141 187/81/81
f 28/143/143 77/144/144 108/145/145
f 271/63/63 237/142/142 247/64/64
f 271/63/63 273/146/146 230/141/141
f 178/147/147 187/81/81 230/141/141
f 156/79/79 157/82/82 114/148/148
f 28/143/143 1629/149/149 77/144/144
f 63/150/150 28/143/143 91/151/151
f 169/77/77 128/152/152 123/76/76
f 169/77/77 161/80/80 128/152/152
f 35/153/153 34/110/154 84/111/111
f 1629/149/149 35/153/153 77/144/144
f 77/144/144 84/111/111 108/145/145
f 77/144/144 35/153/153 84/111/111
f 161/80/80 156/79/79 114/148/148
f 212/91/91 214/48/48 267/92/92
f 214/48/48 216/33/33 270/87/87
f 144/44/44 214/48/48 212/91/91
f 211/154/155 212/91/91 266/41/41
f 136/13/13 139/45/45 209/14/14
f 139/45/45 211/154/155 209/14/14
f 209/14/14 211/154/155 266/41/41
f 139/45/45 144/44/44 211/154/155
f 237/142/142 187/81/81 191/155/156
f 161/80/80 125/156/157 128/152/152
f 161/80/80 114/148/148 125/156/157
f 247/64/64 237/142/142 191/155/156
f 144/44/44 212/91/91 211/154/155
f 270/87/87 267/92/92 214/48/48
f 247/64/64 191/155/156 203/73/73
f 91/151/151 125/156/157 114/148/148
f 108/145/145 109/114/114 128/152/152
f 128/152/152 125/156/157 108/145/145
f 109/114/114 108/145/145 84/111/111
f 50/83/83 73/69/69 45/116/116
f 98/68/68 89/115/115 73/69/69
f 61/31/31 50/83/83 43/140/140
f 50/83/83 45/116/116 43/140/140
f 89/115/115 98/68/68 109/114/114
f 65/109/109 30/108/108 48/112/112
f 43/140/140 45/116/116 33/128/128
f 45/116/116 40/117/117 33/128/128
f 29/157/158 48/112/112 30/108/108
f 123/76/76 109/114/114 98/68/68
f 123/76/76 128/152/152 109/114/114
f 66/113/113 48/112/112 40/117/117
f 66/113/113 73/69/69 89/115/115
f 225/158/159 226/159/160 579/160/161
f 111/161/162 114/148/148 157/82/82
f 226/159/160 230/141/141 273/146/146
f 273/146/146 579/160/161 226/159/160
f 125/156/157 91/151/151 108/145/145
f 28/143/143 108/145/145 91/151/151
f 176/162/163 178/147/147 226/159/160
f 230/141/141 226/159/160 178/147/147
f 48/112/112 29/157/158 1628/163/164
f 33/128/128 40/117/117 1625/139/139
f 73/69/69 66/113/113 45/116/116
f 40/117/117 48/112/112 1628/163/164
f 226/159/160 225/158/159 176/162/163
f 178/147/147 176/162/163 552/164/165
f 40/117/117 1628/163/164 1625/139/139
f 161/80/80 191/155/156 187/81/81
f 142/165/166 110/166/167 148/167/168
f 148/167/168 180/168/169 142/165/166
f 148/167/168 110/166/167 117/169/170
f 180/168/169 148/167/168 155/170/171
f 72/171/172 94/172/173 68/173/174
f 94/172/173 81/174/175 68/173/174
f 81/174/175 41/175/176 68/173/174
f 1932/176/177 185/177/178 155/170/171
f 81/174/175 87/27/27 39/178/179
f 113/179/180 116/180/181 81/174/175
f 116/180/181 87/27/27 81/174/175
f 110/166/167 145/181/182 113/179/180
f 185/177/178 180/168/169 155/170/171
f 116/180/181 121/23/23 87/27/27
f 145/181/182 110/166/167 142/165/166
f 155/170/171 148/167/168 117/169/170
f 179/182/183 142/165/166 180/168/169
f 236/183/184 235/184/185 1932/176/177
f 235/184/185 185/177/178 1932/176/177
f 235/184/185 236/183/184 257/185/186
f 70/186/187 54/187/188 101/188/189
f 235/184/185 233/189/190 185/177/178
f 233/189/190 180/168/169 185/177/178
f 228/190/191 180/168/169 233/189/190
f 258/191/192 233/189/190 235/184/185
f 117/169/170 110/166/167 94/172/173
f 110/166/167 81/174/175 94/172/173
f 257/185/186 258/191/192 235/184/185
f 180/168/169 228/190/191 179/182/183
f 233/189/190 258/191/192 228/190/191
f 254/192/193 257/185/186 236/183/184
f 145/181/182 181/193/194 152/194/195
f 229/195/196 261/196/197 234/197/198
f 263/198/199 234/197/198 261/196/197
f 186/199/200 234/197/198 196/25/25
f 234/197/198 263/198/199 239/200/201
f 21/1/1 27/3/3 25/201/202
f 239/200/201 196/25/25 234/197/198
f 245/39/39 196/25/25 239/200/201
f 147/202/203 140/203/204 213/204/205
f 213/204/205 210/205/206 259/206/207
f 152/194/195 186/199/200 160/207/208
f 196/25/25 160/207/208 186/199/200
f 239/200/201 264/56/56 245/39/39
f 140/203/204 210/205/206 213/204/205
f 210/205/206 207/208/209 259/206/207
f 264/56/56 239/200/201 263/198/199
f 21/1/1 25/201/202 24/54/54
f 181/193/194 145/181/182 179/182/183
f 23/209/210 19/210/211 31/53/53
f 19/210/211 24/54/54 31/53/53
f 142/165/166 179/182/183 145/181/182
f 186/199/200 152/194/195 181/193/194
f 113/179/180 152/194/195 116/180/181
f 152/194/195 113/179/180 145/181/182
f 19/210/211 18/211/212 24/54/54
f 81/174/175 39/178/179 37/212/213
f 110/166/167 113/179/180 81/174/175
f 18/211/212 21/1/1 24/54/54
f 81/174/175 37/212/213 41/175/176
f 25/201/202 80/55/55 76/17/17
f 25/201/202 27/3/3 80/55/55
f 27/3/3 82/46/46 80/55/55
f 188/213/214 200/214/215 174/215/216
f 1946/216/217 183/217/218 165/218/219
f 1918/219/220 138/220/221 132/221/222
f 165/218/223 188/213/214 174/215/216
f 183/217/218 188/213/224 165/218/219
f 188/213/214 232/222/225 200/214/215
f 252/223/226 250/224/227 232/222/228
f 1918/219/220 126/225/229 138/220/221
f 159/226/230 189/227/231 1947/228/232
f 126/225/229 137/229/233 138/220/221
f 126/225/229 130/230/234 137/229/233
f 130/230/234 159/226/230 141/231/235
f 138/220/221 149/232/236 153/233/237
f 138/220/221 137/229/233 149/232/236
f 137/229/233 150/234/238 149/232/236
f 232/222/228 222/235/239 200/214/240
f 231/236/241 232/222/242 188/213/243
f 231/236/241 252/223/244 232/222/242
f 149/232/236 150/234/238 166/237/245
f 183/217/218 231/236/246 188/213/224
f 175/238/247 170/239/248 173/240/249
f 166/237/245 173/240/249 170/239/248
f 166/237/245 150/234/238 173/240/249
f 150/234/238 146/241/250 162/242/251
f 222/235/239 232/222/228 1942/243/252
f 250/224/227 1942/243/252 232/222/228
f 165/218/253 174/215/254 162/242/251
f 149/232/236 166/237/245 153/233/237
f 132/221/222 138/220/221 153/233/237
f 150/234/238 162/242/251 173/240/249
f 170/239/248 153/233/237 166/237/245
f 130/230/234 141/231/235 137/229/233
f 135/244/255 207/208/209 210/205/206
f 135/244/255 133/18/18 207/208/209
f 133/18/18 206/20/20 207/208/209
f 68/173/174 41/175/176 44/245/256
f 23/209/210 31/53/53 38/246/257
f 67/247/258 72/171/172 44/245/256
f 68/173/174 44/245/256 72/171/172
f 207/208/209 262/42/42 259/206/207
f 86/248/259 135/244/255 140/203/204
f 147/202/203 101/188/189 140/203/204
f 92/249/260 140/203/204 101/188/189
f 92/249/260 86/248/259 140/203/204
f 207/208/209 206/20/20 262/42/42
f 140/203/204 135/244/255 210/205/206
f 54/187/188 92/249/260 101/188/189
f 23/209/210 38/246/257 54/187/188
f 200/214/240 222/235/239 208/250/261
f 200/214/240 208/250/261 192/251/262
f 162/242/251 174/215/263 173/240/249
f 174/215/264 200/214/240 184/252/265
f 173/240/266 184/252/265 175/238/267
f 184/252/265 192/251/262 175/238/267
f 184/252/265 200/214/240 192/251/262
f 174/215/263 184/252/268 173/240/249
f 83/16/16 133/18/18 135/244/255
f 54/187/188 38/246/257 92/249/260
f 44/245/256 23/209/210 54/187/188
f 86/248/259 83/16/16 135/244/255
f 38/246/257 86/248/259 92/249/260
f 38/246/257 31/53/53 86/248/259
f 31/53/53 83/16/16 86/248/259
f 160/207/208 196/25/25 167/21/21
f 96/131/131 46/121/121 59/253/269
f 22/254/270 59/253/269 46/121/121
f 111/161/162 51/255/271 91/151/151
f 51/255/272 59/253/272 52/256/272
f 17/257/273 1614/258/274 1626/259/275
f 1626/259/275 51/255/271 17/257/273
f 52/256/276 17/257/273 51/255/271
f 111/161/162 107/260/277 51/255/271
f 146/241/278 141/231/235 1947/228/232
f 88/261/279 74/262/280 70/186/187
f 74/262/280 67/247/258 70/186/187
f 141/231/235 159/226/230 1947/228/232
f 107/260/277 59/253/269 51/255/271
f 1/119/119 1609/263/281 4/264/282
f 141/231/235 146/241/250 150/234/238
f 114/148/148 111/161/162 91/151/151
f 46/121/121 15/120/120 22/254/270
f 9/265/283 22/254/270 15/120/120
f 59/253/269 22/254/270 17/257/284
f 3/266/285 1614/258/286 9/265/283
f 28/143/143 63/150/150 1627/267/287
f 1614/258/286 17/257/284 22/254/270
f 22/254/270 9/265/283 1614/258/286
f 9/265/283 4/264/282 3/266/285
f 11/107/107 4/264/282 8/124/124
f 59/253/288 17/257/273 52/256/276
f 63/150/150 91/151/151 51/255/271
f 4/264/282 9/265/283 15/120/120
f 1609/263/281 3/266/285 4/264/282
f 11/107/107 1/119/119 4/264/282
f 8/124/124 4/264/282 15/120/120
f 137/229/233 141/231/235 150/234/238
f 552/164/165 59/253/269 107/260/277
f 71/5/5 100/29/29 79/67/67
f 256/268/289 259/206/207 309/204/290
f 552/164/165 107/260/277 111/161/162
f 190/269/291 243/270/292 183/217/218
f 243/270/292 231/236/246 183/217/218
f 552/164/165 96/131/131 59/253/269
f 191/155/156 169/77/77 203/73/73
f 157/82/82 187/81/81 178/147/147
f 552/164/165 157/82/82 178/147/147
f 157/82/82 552/164/165 111/161/162
f 309/204/290 255/271/293 256/268/289
f 161/80/80 169/77/77 191/155/156
f 256/268/289 255/271/293 213/204/205
f 213/204/205 259/206/207 256/268/289
f 190/269/291 183/217/218 1946/216/217
f 100/29/29 71/5/5 95/26/26
f 41/175/176 37/212/213 23/209/210
f 54/187/188 70/186/187 67/247/258
f 71/5/5 56/4/4 95/26/26
f 19/210/211 23/209/210 37/212/213
f 39/178/179 19/210/211 37/212/213
f 18/211/212 19/210/211 39/178/179
f 67/247/258 44/245/256 54/187/188
f 243/270/292 252/223/294 231/236/246
f 1978/272/295 243/270/292 190/269/291
f 1978/272/295 252/223/294 243/270/292
f 56/4/4 39/178/179 87/27/27
f 23/209/210 44/245/256 41/175/176
f 18/211/212 39/178/179 21/1/1
f 56/4/4 21/1/1 39/178/179
f 177/273/296 143/274/297 172/275/298
f 221/276/299 1984/277/300 227/278/301
f 250/224/227 251/279/302 1943/280/303
f 143/274/297 177/273/296 159/226/230
f 159/226/230 130/230/234 143/274/297
f 115/281/304 143/274/297 130/230/234
f 189/227/231 159/226/230 177/273/296
f 251/279/302 252/223/226 249/282/305
f 227/278/301 177/273/296 221/276/299
f 105/283/306 88/261/279 90/284/307
f 88/261/279 70/186/187 90/284/307
f 220/285/308 253/286/309 221/276/299
f 250/224/227 252/223/226 251/279/302
f 172/275/298 221/276/299 177/273/296
f 1984/277/300 221/276/299 253/286/309
f 120/287/310 172/275/298 143/274/297
f 228/190/191 260/288/311 229/195/196
f 261/196/197 229/195/196 260/288/311
f 179/182/183 228/190/191 181/193/194
f 234/197/198 186/199/200 229/195/196
f 160/207/208 116/180/181 152/194/195
f 116/180/181 160/207/208 121/23/23
f 167/21/21 121/23/23 160/207/208
f 229/195/196 181/193/194 228/190/191
f 253/286/309 220/285/308 255/271/293
f 213/204/205 255/271/293 220/285/308
f 221/276/299 172/275/298 220/285/308
f 147/202/203 213/204/205 164/289/312
f 181/193/194 229/195/196 186/199/200
f 164/289/312 220/285/308 172/275/298
f 220/285/308 164/289/312 213/204/205
f 126/225/229 1918/219/220 105/283/306
f 252/223/226 254/192/193 249/282/305
f 223/290/313 238/291/314 249/282/305
f 1942/243/252 250/224/227 1943/280/303
f 249/282/305 254/192/193 248/292/315
f 182/293/316 224/294/317 1932/176/177
f 224/294/317 236/183/184 1932/176/177
f 224/294/317 254/192/193 236/183/184
f 1943/280/303 251/279/302 238/291/314
f 24/54/54 25/201/202 76/17/17
f 51/255/271 1627/267/287 63/150/150
f 1627/267/287 51/255/271 1626/259/275
f 249/282/305 248/292/315 223/290/313
f 251/279/302 249/282/305 238/291/314
f 219/295/318 248/292/315 215/296/319
f 219/295/318 223/290/313 248/292/315
f 260/288/311 228/190/191 258/191/192
f 90/284/307 120/287/310 115/281/304
f 172/275/298 120/287/310 164/289/312
f 130/230/234 126/225/229 115/281/304
f 143/274/297 115/281/304 120/287/310
f 112/297/320 164/289/312 120/287/310
f 164/289/312 112/297/320 147/202/203
f 101/188/189 147/202/203 112/297/320
f 105/283/306 115/281/304 126/225/229
f 248/292/315 254/192/193 224/294/317
f 215/296/319 224/294/317 182/293/316
f 215/296/319 248/292/315 224/294/317
f 70/186/187 101/188/189 112/297/320
f 105/283/306 90/284/307 115/281/304
f 90/284/307 112/297/320 120/287/310
f 90/284/307 70/186/187 112/297/320
f 463/7/321 469/12/322 475/11/323
f 456/5/324 471/4/325 494/2/326
f 481/6/327 456/5/324 494/2/326
f 409/22/328 406/23/329 432/26/330
f 494/2/326 471/4/325 506/1/331
f 469/12/322 456/5/324 481/6/327
f 432/26/330 406/23/329 440/27/332
f 451/17/333 444/16/334 391/18/335
f 313/14/336 388/13/337 316/15/338
f 388/13/337 445/46/339 390/19/340
f 502/201/341 503/54/342 451/17/333
f 388/13/337 390/19/340 316/15/338
f 390/19/340 451/17/333 391/18/335
f 503/54/342 495/53/343 444/16/334
f 313/14/336 316/15/338 266/41/41
f 492/10/344 494/2/326 498/3/345
f 409/22/328 355/21/346 406/23/329
f 282/39/347 325/25/348 324/24/349
f 324/24/349 283/57/350 282/39/347
f 427/29/351 405/28/352 432/26/330
f 326/37/353 324/24/349 355/21/346
f 359/38/354 355/21/346 409/22/328
f 405/28/352 409/22/328 432/26/330
f 286/49/355 283/57/350 324/24/349
f 475/11/323 481/6/327 492/10/344
f 469/12/322 481/6/327 475/11/323
f 494/2/326 506/1/331 498/3/345
f 481/6/327 494/2/326 492/10/344
f 405/28/352 359/38/354 409/22/328
f 328/40/356 326/37/353 355/21/346
f 359/38/354 328/40/356 355/21/346
f 447/55/357 502/201/341 451/17/333
f 385/45/358 442/43/359 388/13/337
f 380/44/360 442/43/359 385/45/358
f 434/9/361 475/11/323 442/43/359
f 442/43/359 445/46/339 388/13/337
f 492/10/344 498/3/345 445/46/339
f 442/43/359 492/10/344 445/46/339
f 434/9/361 442/43/359 380/44/360
f 463/7/321 475/11/323 434/9/361
f 311/154/362 385/45/358 313/14/336
f 380/44/360 385/45/358 311/154/362
f 310/91/363 380/44/360 311/154/362
f 475/11/323 492/10/344 442/43/359
f 430/8/364 463/7/321 434/9/361
f 430/8/364 434/9/361 380/44/360
f 373/47/365 430/8/364 380/44/360
f 311/154/362 313/14/336 266/41/41
f 287/50/366 286/49/355 326/37/353
f 328/40/356 287/50/366 326/37/353
f 326/37/353 286/49/355 324/24/349
f 286/49/355 265/51/51 264/56/56
f 451/17/333 503/54/342 444/16/334
f 447/55/357 451/17/333 390/19/340
f 445/46/339 447/55/357 390/19/340
f 264/56/56 282/39/347 283/57/350
f 268/52/52 265/51/51 286/49/355
f 287/50/366 268/52/52 286/49/355
f 316/15/338 315/20/367 262/42/42
f 266/41/41 316/15/338 262/42/42
f 264/56/56 283/57/350 286/49/355
f 390/19/340 391/18/335 315/20/367
f 316/15/338 390/19/340 315/20/367
f 280/64/368 271/63/63 269/62/62
f 429/68/369 421/65/370 449/66/371
f 454/69/372 429/68/369 449/66/371
f 269/62/62 281/61/373 280/64/368
f 323/60/374 281/61/373 285/58/375
f 285/58/375 268/52/52 287/50/366
f 268/52/52 285/58/375 281/61/373
f 327/59/376 328/40/356 359/38/354
f 327/59/376 285/58/375 328/40/356
f 285/58/375 327/59/376 323/60/374
f 395/75/377 351/78/378 354/74/379
f 285/58/375 287/50/366 328/40/356
f 397/71/380 405/28/352 427/29/351
f 425/72/381 397/71/380 427/29/351
f 449/66/371 421/65/370 448/67/382
f 318/73/383 280/64/368 281/61/373
f 395/75/377 397/71/380 425/72/381
f 425/72/381 421/65/370 395/75/377
f 395/75/377 421/65/370 403/76/384
f 405/28/352 397/71/380 354/74/379
f 456/5/324 427/29/351 432/26/330
f 421/65/370 429/68/369 403/76/384
f 405/28/352 354/74/379 359/38/354
f 354/74/379 351/78/378 318/73/383
f 397/71/380 395/75/377 354/74/379
f 281/61/373 269/62/62 268/52/52
f 281/61/373 323/60/374 318/73/383
f 359/38/354 354/74/379 323/60/374
f 323/60/374 354/74/379 318/73/383
f 351/78/378 353/77/385 318/73/383
f 323/60/374 327/59/376 359/38/354
f 351/78/378 395/75/377 403/76/384
f 305/34/386 307/33/387 272/35/35
f 428/85/388 423/86/389 366/36/390
f 423/86/389 428/85/388 466/31/391
f 466/31/391 458/30/392 424/32/393
f 478/83/394 470/70/395 466/31/391
f 449/66/371 448/67/382 467/84/396
f 424/32/393 423/86/389 466/31/391
f 423/86/389 424/32/393 366/36/390
f 366/36/390 373/47/365 307/33/387
f 270/87/87 272/35/35 307/33/387
f 355/21/346 324/24/349 325/25/348
f 307/33/387 305/34/386 366/36/390
f 373/47/365 366/36/390 424/32/393
f 424/32/393 430/8/364 373/47/365
f 430/8/364 424/32/393 458/30/392
f 466/31/391 470/70/395 458/30/392
f 272/35/35 274/89/89 306/90/397
f 306/90/397 305/34/386 272/35/35
f 448/67/382 456/5/324 469/12/322
f 366/36/390 370/88/398 428/85/388
f 403/76/384 353/77/385 351/78/378
f 305/34/386 306/90/397 370/88/398
f 370/88/398 366/36/390 305/34/386
f 467/84/396 448/67/382 469/12/322
f 470/70/395 449/66/371 467/84/396
f 454/69/372 449/66/371 470/70/395
f 478/83/394 454/69/372 470/70/395
f 467/84/396 469/12/322 458/30/392
f 470/70/395 467/84/396 458/30/392
f 458/30/392 463/7/321 430/8/364
f 458/30/392 469/12/322 463/7/321
f 310/91/363 311/154/362 266/41/41
f 320/94/399 322/98/400 408/100/401
f 408/100/401 401/99/402 320/94/399
f 320/94/399 317/93/403 275/95/95
f 401/99/402 408/100/401 479/104/404
f 428/85/388 452/103/405 486/101/406
f 393/96/407 317/93/403 320/94/399
f 401/99/402 393/96/407 320/94/399
f 452/103/405 393/96/407 401/99/402
f 517/107/408 516/106/409 479/104/404
f 527/138/410 523/137/411 521/129/412
f 524/118/413 527/138/410 521/129/412
f 516/106/409 472/105/414 479/104/404
f 472/105/414 452/103/405 401/99/402
f 507/102/415 452/103/405 472/105/414
f 479/104/404 472/105/414 401/99/402
f 452/103/405 428/85/388 370/88/398
f 438/115/416 462/109/417 443/111/418
f 306/90/397 317/93/403 393/96/407
f 393/96/407 370/88/398 306/90/397
f 462/109/417 438/115/416 461/113/419
f 478/83/394 466/31/391 485/140/420
f 482/116/421 478/83/394 485/140/420
f 461/113/419 480/112/422 462/109/417
f 507/102/415 486/101/406 452/103/405
f 485/140/420 466/31/391 486/101/406
f 486/101/406 499/127/423 485/140/420
f 370/88/398 393/96/407 452/103/405
f 486/101/406 466/31/391 428/85/388
f 516/106/409 507/102/415 472/105/414
f 274/89/89 275/95/95 317/93/403
f 317/93/403 306/90/397 274/89/89
f 529/119/424 527/138/410 524/118/413
f 431/131/425 483/121/426 473/125/427
f 322/98/400 319/134/428 399/132/429
f 322/98/400 581/97/97 319/134/428
f 625/122/430 473/125/427 483/121/426
f 627/133/431 628/123/432 520/124/433
f 628/123/432 625/122/430 514/120/434
f 514/120/434 520/124/433 628/123/432
f 275/95/95 581/97/97 322/98/400
f 479/104/404 408/100/401 465/135/435
f 465/135/435 627/133/431 517/107/408
f 517/107/408 479/104/404 465/135/435
f 408/100/401 399/132/429 465/135/435
f 322/98/400 320/94/399 275/95/95
f 408/100/401 322/98/400 399/132/429
f 520/124/433 517/107/408 627/133/431
f 483/121/426 514/120/434 625/122/430
f 499/127/423 513/126/436 493/128/437
f 521/129/412 513/126/436 499/127/423
f 515/130/438 499/127/423 486/101/406
f 493/128/437 485/140/420 499/127/423
f 516/106/409 524/118/413 515/130/438
f 529/119/424 524/118/413 516/106/409
f 517/107/408 529/119/424 516/106/409
f 507/102/415 515/130/438 486/101/406
f 515/130/438 521/129/412 499/127/423
f 518/136/439 512/139/440 493/128/437
f 513/126/436 518/136/439 493/128/437
f 524/118/413 521/129/412 515/130/438
f 516/106/409 515/130/438 507/102/415
f 523/137/411 518/136/439 513/126/436
f 521/129/412 523/137/411 513/126/436
f 947/153/441 948/149/442 450/144/443
f 400/156/444 436/151/445 413/148/446
f 436/151/445 400/156/444 419/145/447
f 335/81/448 344/147/449 296/141/450
f 296/141/450 300/159/451 273/146/146
f 296/141/450 289/142/452 335/81/448
f 273/146/146 271/63/63 296/141/450
f 949/110/453 947/153/441 443/111/418
f 413/148/446 362/80/454 400/156/444
f 419/145/447 497/143/455 436/151/445
f 497/143/455 464/150/456 436/151/445
f 400/156/444 362/80/454 396/152/457
f 450/144/443 497/143/455 419/145/447
f 948/149/442 497/143/455 450/144/443
f 362/80/454 353/77/385 396/152/457
f 413/148/446 416/161/458 367/82/459
f 307/33/387 373/47/365 308/48/460
f 267/92/92 270/87/87 308/48/460
f 308/48/460 310/91/363 267/92/92
f 373/47/365 380/44/360 308/48/460
f 267/92/92 310/91/363 266/41/41
f 385/45/358 388/13/337 313/14/336
f 308/48/460 380/44/360 310/91/363
f 307/33/387 308/48/460 270/87/87
f 330/155/461 280/64/368 318/73/383
f 289/142/452 280/64/368 330/155/461
f 367/82/459 368/79/462 413/148/446
f 368/79/462 362/80/454 413/148/446
f 335/81/448 289/142/452 330/155/461
f 289/142/452 271/63/63 280/64/368
f 289/142/452 296/141/450 271/63/63
f 396/152/457 353/77/385 403/76/384
f 947/153/441 450/144/443 443/111/418
f 396/152/457 403/76/384 418/114/463
f 418/114/463 419/145/447 396/152/457
f 443/111/418 450/144/443 419/145/447
f 461/113/419 454/69/372 482/116/421
f 454/69/372 461/113/419 438/115/416
f 419/145/447 418/114/463 443/111/418
f 400/156/444 396/152/457 419/145/447
f 480/112/422 461/113/419 488/117/464
f 480/112/422 496/157/465 950/108/466
f 443/111/418 418/114/463 438/115/416
f 461/113/419 482/116/421 488/117/464
f 950/108/466 462/109/417 480/112/422
f 462/109/417 950/108/466 949/110/467
f 949/110/467 443/111/418 462/109/417
f 454/69/372 478/83/394 482/116/421
f 579/160/161 273/146/146 300/159/451
f 346/162/468 344/147/449 404/164/469
f 496/157/465 480/112/422 500/163/470
f 344/147/449 346/162/468 300/159/451
f 300/159/451 301/158/471 579/160/161
f 301/158/471 300/159/451 346/162/468
f 300/159/451 296/141/450 344/147/449
f 482/116/421 485/140/420 493/128/437
f 438/115/416 429/68/369 454/69/372
f 429/68/369 438/115/416 418/114/463
f 418/114/463 403/76/384 429/68/369
f 480/112/422 488/117/464 500/163/470
f 488/117/464 482/116/421 493/128/437
f 488/117/464 493/128/437 512/139/440
f 500/163/470 488/117/464 512/139/440
f 471/4/325 456/5/324 432/26/330
f 342/168/472 376/167/473 382/165/474
f 382/165/474 343/182/475 342/168/472
f 291/184/476 290/183/477 333/176/478
f 446/174/479 417/166/480 433/172/481
f 337/177/482 333/176/478 369/170/483
f 487/175/484 446/174/479 459/173/485
f 417/166/480 410/169/486 433/172/481
f 342/168/472 337/177/482 369/170/483
f 343/182/475 382/165/474 379/181/487
f 440/27/332 411/180/488 446/174/479
f 406/23/329 411/180/488 440/27/332
f 414/179/489 372/194/490 379/181/487
f 376/167/473 342/168/472 369/170/483
f 417/166/480 382/165/474 376/167/473
f 379/181/487 417/166/480 414/179/489
f 417/166/480 376/167/473 410/169/486
f 257/185/186 254/192/193 290/183/477
f 258/191/192 257/185/186 291/184/476
f 337/177/482 291/184/476 333/176/478
f 290/183/477 291/184/476 257/185/186
f 474/187/491 457/186/492 426/188/493
f 435/249/494 474/187/491 426/188/493
f 441/248/495 435/249/494 384/203/496
f 293/189/497 291/184/476 337/177/482
f 342/168/472 298/190/498 293/189/497
f 298/190/498 342/168/472 343/182/475
f 376/167/473 369/170/483 410/169/486
f 293/189/497 258/191/192 291/184/476
f 342/168/472 293/189/497 337/177/482
f 258/191/192 293/189/497 298/190/498
f 298/190/498 260/288/311 258/191/192
f 417/166/480 379/181/487 382/165/474
f 264/56/56 288/200/499 282/39/347
f 292/197/500 336/199/501 325/25/348
f 325/25/348 288/200/499 292/197/500
f 288/200/499 264/56/56 263/198/199
f 491/212/502 446/174/479 487/175/484
f 489/178/503 446/174/479 491/212/502
f 263/198/199 292/197/500 288/200/499
f 325/25/348 282/39/347 288/200/499
f 384/203/496 377/202/504 309/204/290
f 312/205/505 384/203/496 309/204/290
f 325/25/348 364/207/506 355/21/346
f 312/205/505 309/204/290 259/206/207
f 314/208/507 312/205/505 259/206/207
f 262/42/42 314/208/507 259/206/207
f 315/20/367 314/208/507 262/42/42
f 498/3/345 506/1/331 502/201/341
f 341/193/508 379/181/487 372/194/490
f 372/194/490 336/199/501 341/193/508
f 510/211/509 508/210/510 503/54/342
f 379/181/487 341/193/508 343/182/475
f 372/194/490 414/179/489 411/180/488
f 411/180/488 364/207/506 372/194/490
f 364/207/506 411/180/488 406/23/329
f 506/1/331 510/211/509 503/54/342
f 414/179/489 417/166/480 446/174/479
f 440/27/332 446/174/479 489/178/503
f 411/180/488 414/179/489 446/174/479
f 503/54/342 508/210/510 495/53/343
f 502/201/341 506/1/331 503/54/342
f 445/46/339 498/3/345 447/55/357
f 508/210/510 504/209/511 495/53/343
f 277/224/512 252/223/226 294/222/513
f 295/236/514 339/217/515 334/213/516
f 294/222/517 295/236/518 334/213/519
f 1322/243/520 277/224/512 294/222/513
f 321/214/521 334/213/522 348/215/523
f 1325/235/524 294/222/513 321/214/525
f 294/222/513 1325/235/524 1322/243/520
f 339/217/515 363/216/526 357/218/527
f 394/230/528 398/225/529 387/229/530
f 374/234/531 387/229/530 375/232/532
f 386/220/533 402/219/534 392/221/535
f 387/229/530 398/225/529 386/220/533
f 334/213/516 339/217/515 357/218/527
f 294/222/536 334/213/522 321/214/521
f 398/225/529 402/219/534 386/220/533
f 334/213/522 357/218/537 348/215/523
f 371/233/538 352/239/539 356/237/540
f 252/223/541 295/236/518 294/222/517
f 352/239/539 347/238/542 349/240/543
f 360/242/544 374/234/531 349/240/543
f 49/104/104 11/107/107 62/135/135
f 530/133/133 62/135/135 11/107/107
f 374/234/531 356/237/540 349/240/543
f 349/240/543 356/237/540 352/239/539
f 374/234/531 375/232/532 356/237/540
f 378/241/545 374/234/531 360/242/544
f 348/215/546 357/218/547 360/242/544
f 356/237/540 375/232/532 371/233/538
f 386/220/533 392/221/535 371/233/538
f 375/232/532 386/220/533 371/233/538
f 387/229/530 386/220/533 375/232/532
f 383/231/548 394/230/528 387/229/530
f 504/209/511 484/245/549 474/187/491
f 490/246/550 504/209/511 474/187/491
f 315/20/367 391/18/335 314/208/507
f 487/175/484 459/173/485 484/245/549
f 495/53/343 504/209/511 490/246/550
f 433/172/481 455/171/551 459/173/485
f 446/174/479 433/172/481 459/173/485
f 426/188/493 377/202/504 384/203/496
f 389/244/552 441/248/495 384/203/496
f 444/16/334 441/248/495 389/244/552
f 391/18/335 444/16/334 389/244/552
f 391/18/335 389/244/552 314/208/507
f 384/203/496 435/249/494 426/188/493
f 389/244/552 384/203/496 312/205/505
f 314/208/507 389/244/552 312/205/505
f 495/53/343 490/246/550 441/248/495
f 348/215/553 360/242/544 349/240/543
f 338/252/554 349/240/555 347/238/556
f 329/251/557 338/252/554 347/238/556
f 1332/250/558 321/214/525 329/251/557
f 365/226/559 394/230/528 383/231/548
f 332/227/560 365/226/559 361/228/561
f 321/214/525 338/252/554 329/251/557
f 338/252/562 348/215/553 349/240/543
f 484/245/549 459/173/485 455/171/551
f 490/246/550 474/187/491 435/249/494
f 441/248/495 490/246/550 435/249/494
f 455/171/551 460/247/563 484/245/549
f 321/214/525 348/215/564 338/252/554
f 1325/235/524 321/214/525 1332/250/558
f 444/16/334 495/53/343 441/248/495
f 298/190/498 343/182/475 341/193/508
f 468/253/565 505/254/566 483/121/426
f 514/120/434 483/121/426 505/254/566
f 505/254/566 519/265/567 514/120/434
f 436/151/445 464/150/456 477/255/568
f 420/260/569 416/161/458 477/255/568
f 511/257/570 476/256/571 477/255/568
f 511/257/570 468/253/572 476/256/571
f 468/253/565 420/260/569 477/255/568
f 378/241/545 383/231/548 374/234/531
f 365/226/559 383/231/548 361/228/561
f 339/217/515 331/269/573 363/216/526
f 383/231/548 387/229/530 374/234/531
f 468/253/574 477/255/574 476/256/574
f 483/121/426 431/131/425 468/253/565
f 383/231/548 378/241/575 361/228/561
f 477/255/568 416/161/458 436/151/445
f 525/264/576 520/124/433 514/120/434
f 519/265/567 525/264/576 514/120/434
f 505/254/566 468/253/565 511/257/577
f 522/258/578 526/266/579 519/265/567
f 464/150/456 497/143/455 501/267/580
f 501/267/580 477/255/568 464/150/456
f 477/255/568 501/267/580 509/259/581
f 511/257/577 522/258/578 505/254/566
f 525/264/576 519/265/567 526/266/579
f 526/266/579 528/263/582 525/264/576
f 416/161/458 413/148/446 436/151/445
f 525/264/576 517/107/408 520/124/433
f 519/265/567 505/254/566 522/258/578
f 529/119/424 517/107/408 525/264/576
f 528/263/582 529/119/424 525/264/576
f 284/270/583 331/269/573 339/217/515
f 353/77/385 362/80/454 330/155/461
f 330/155/461 362/80/454 335/81/448
f 362/80/454 368/79/462 335/81/448
f 421/65/370 425/72/381 448/67/382
f 431/131/425 404/164/469 468/253/565
f 427/29/351 456/5/324 448/67/382
f 425/72/381 427/29/351 448/67/382
f 353/77/385 330/155/461 318/73/383
f 335/81/448 367/82/459 344/147/449
f 367/82/459 404/164/469 344/147/449
f 471/4/325 432/26/330 440/27/332
f 368/79/462 367/82/459 335/81/448
f 404/164/469 367/82/459 416/161/458
f 420/260/569 404/164/469 416/161/458
f 468/253/565 404/164/469 420/260/569
f 284/270/583 1978/272/295 331/269/573
f 504/209/511 508/210/510 491/212/502
f 508/210/510 489/178/503 491/212/502
f 484/245/549 504/209/511 487/175/484
f 491/212/502 487/175/484 504/209/511
f 508/210/510 510/211/509 489/178/503
f 489/178/503 510/211/509 506/1/331
f 506/1/331 471/4/325 489/178/503
f 453/262/584 439/261/585 457/186/492
f 252/223/294 1978/272/295 284/270/583
f 295/236/514 284/270/583 339/217/515
f 252/223/294 284/270/583 295/236/514
f 484/245/549 460/247/563 474/187/491
f 460/247/563 453/262/584 457/186/492
f 489/178/503 471/4/325 440/27/332
f 457/186/492 474/187/491 460/247/563
f 350/275/586 407/287/587 381/274/588
f 394/230/528 365/226/559 381/274/588
f 1984/277/300 303/276/589 299/278/590
f 381/274/588 345/273/591 350/275/586
f 381/274/588 412/281/592 394/230/528
f 412/281/592 381/274/588 407/287/587
f 407/287/587 437/284/593 412/281/592
f 252/223/226 277/224/512 276/279/594
f 303/276/589 350/275/586 345/273/591
f 303/276/589 1984/277/300 253/286/309
f 402/219/534 398/225/529 422/283/595
f 345/273/591 299/278/590 303/276/589
f 253/286/309 304/285/596 303/276/589
f 304/285/596 253/286/309 255/271/293
f 255/271/293 309/204/290 304/285/596
f 358/289/597 304/285/596 309/204/290
f 297/195/598 261/196/197 260/288/311
f 261/196/197 297/195/598 292/197/500
f 292/197/500 263/198/199 261/196/197
f 364/207/506 325/25/348 336/199/501
f 341/193/508 297/195/598 298/190/498
f 406/23/329 355/21/346 364/207/506
f 336/199/501 372/194/490 364/207/506
f 297/195/598 341/193/508 336/199/501
f 345/273/591 381/274/588 365/226/559
f 350/275/586 303/276/589 304/285/596
f 304/285/596 358/289/597 350/275/586
f 365/226/559 332/227/560 345/273/591
f 336/199/501 292/197/500 297/195/598
f 260/288/311 298/190/498 297/195/598
f 309/204/290 377/202/504 358/289/597
f 377/202/504 426/188/493 415/297/599
f 254/192/193 252/223/226 278/282/600
f 277/224/512 1322/243/520 1321/280/601
f 276/279/594 277/224/512 1321/280/601
f 254/192/193 278/282/600 279/292/602
f 290/183/477 302/294/603 333/176/478
f 276/279/594 1321/280/601 1323/291/604
f 1323/291/604 1324/290/605 278/282/600
f 252/223/226 276/279/594 278/282/600
f 498/3/345 502/201/341 447/55/357
f 522/258/606 511/257/570 509/259/581
f 477/255/568 509/259/581 511/257/570
f 1324/290/605 1330/295/607 279/292/602
f 278/282/600 276/279/594 1323/291/604
f 279/292/602 1330/295/607 1331/296/608
f 279/292/602 278/282/600 1324/290/605
f 302/294/603 340/293/609 333/176/478
f 415/297/599 358/289/597 377/202/504
f 437/284/593 422/283/595 412/281/592
f 439/261/585 422/283/595 437/284/593
f 358/289/597 415/297/599 407/287/587
f 415/297/599 437/284/593 407/287/587
f 457/186/492 437/284/593 415/297/599
f 407/287/587 350/275/586 358/289/597
f 457/186/492 439/261/585 437/284/593
f 254/192/193 279/292/602 302/294/603
f 254/192/193 302/294/603 290/183/477
f 302/294/603 1331/296/608 340/293/609
f 279/292/602 1331/296/608 302/294/603
f 426/188/493 457/186/492 415/297/599
f 398/225/529 394/230/528 412/281/592
f 412/281/592 422/283/595 398/225/529
f 557/298/610 552/164/165 566/299/611
f 574/300/612 225/158/159 579/160/161
f 566/299/611 176/162/163 225/158/159
f 579/160/161 580/301/613 574/300/612
f 576/302/614 574/300/612 580/301/613
f 176/162/163 566/299/611 552/164/165
f 540/303/615 536/304/616 534/305/617
f 531/306/618 533/307/619 12/123/123
f 533/307/619 531/306/618 538/308/620
f 534/305/617 531/306/618 532/122/122
f 531/306/618 534/305/617 536/304/616
f 536/304/616 538/308/620 531/306/618
f 532/122/122 535/125/125 534/305/617
f 566/299/611 567/309/621 557/298/610
f 559/310/622 557/298/610 567/309/621
f 567/309/621 568/311/623 559/310/622
f 547/312/624 551/313/625 543/314/626
f 551/313/625 547/312/624 1389/315/627
f 573/316/628 558/317/629 564/318/630
f 225/158/159 574/300/612 566/299/611
f 571/319/631 568/311/623 576/302/614
f 580/301/613 1447/320/632 576/302/614
f 560/321/633 559/310/622 568/311/623
f 567/309/621 566/299/611 574/300/612
f 568/311/623 567/309/621 574/300/612
f 574/300/612 576/302/614 568/311/623
f 12/123/123 532/122/122 531/306/618
f 581/97/97 202/134/134 572/322/634
f 202/134/134 554/132/132 558/317/629
f 538/308/620 549/323/635 533/307/619
f 572/322/634 202/134/134 558/317/629
f 573/316/628 572/322/634 558/317/629
f 582/324/636 581/97/97 572/322/634
f 539/325/637 533/307/619 549/323/635
f 554/132/132 62/135/135 539/325/637
f 533/307/619 539/325/637 530/133/133
f 62/135/135 530/133/133 539/325/637
f 549/323/635 558/317/629 539/325/637
f 530/133/133 12/123/123 533/307/619
f 558/317/629 554/132/132 539/325/637
f 578/326/638 576/302/614 1447/320/632
f 576/302/614 578/326/638 571/319/631
f 568/311/623 571/319/631 560/321/633
f 553/327/639 546/328/640 560/321/633
f 563/329/641 560/321/633 571/319/631
f 563/329/641 553/327/639 560/321/633
f 544/330/642 535/125/125 96/131/131
f 535/125/125 544/330/642 537/331/643
f 583/332/644 582/324/636 573/316/628
f 582/324/636 572/322/634 573/316/628
f 537/331/643 534/305/617 535/125/125
f 534/305/617 541/333/645 540/303/615
f 541/333/645 534/305/617 537/331/643
f 560/321/633 546/328/640 544/330/642
f 541/333/645 546/328/640 553/327/639
f 555/334/646 556/335/647 548/336/648
f 541/333/645 537/331/643 546/328/640
f 544/330/642 546/328/640 537/331/643
f 544/330/642 559/310/622 560/321/633
f 545/337/649 540/303/615 541/333/645
f 555/334/646 545/337/649 550/338/650
f 543/314/626 542/339/651 547/312/624
f 542/339/651 548/336/648 547/312/624
f 545/337/649 541/333/645 550/338/650
f 556/335/647 555/334/646 1400/340/652
f 545/337/649 555/334/646 548/336/648
f 563/329/641 570/341/653 561/342/654
f 578/326/638 570/341/653 571/319/631
f 569/343/655 561/342/654 570/341/653
f 570/341/653 578/326/638 569/343/655
f 577/344/656 569/343/655 578/326/638
f 578/326/638 1447/320/632 577/344/656
f 575/345/657 569/343/655 577/344/656
f 557/298/610 559/310/622 96/131/131
f 544/330/642 96/131/131 559/310/622
f 96/131/131 552/164/165 557/298/610
f 577/344/656 1447/320/632 575/345/657
f 571/319/631 570/341/653 563/329/641
f 561/342/654 553/327/639 563/329/641
f 542/339/651 545/337/649 548/336/648
f 1449/346/658 583/332/644 1430/347/659
f 583/332/644 573/316/628 1430/347/659
f 1430/347/659 573/316/628 565/348/660
f 549/323/635 543/314/626 551/313/625
f 543/314/626 549/323/635 538/308/620
f 551/313/625 564/318/630 549/323/635
f 573/316/628 564/318/630 565/348/660
f 553/327/639 561/342/654 550/338/650
f 1389/315/627 565/348/660 551/313/625
f 564/318/630 551/313/625 565/348/660
f 1387/349/661 1389/315/627 547/312/624
f 561/342/654 569/343/655 562/350/662
f 541/333/645 553/327/639 550/338/650
f 540/303/615 545/337/649 542/339/651
f 550/338/650 562/350/662 555/334/646
f 550/338/650 561/342/654 562/350/662
f 562/350/662 1421/351/663 1400/340/652
f 562/350/662 569/343/655 1421/351/663
f 569/343/655 575/345/657 1421/351/663
f 538/308/620 536/304/616 543/314/626
f 555/334/646 562/350/662 1400/340/652
f 548/336/648 556/335/647 1387/349/661
f 558/317/629 549/323/635 564/318/630
f 536/304/616 542/339/651 543/314/626
f 536/304/616 540/303/615 542/339/651
f 547/312/624 548/336/648 1387/349/661
f 301/158/471 588/300/664 579/160/161
f 588/300/664 301/158/471 596/299/665
f 596/299/665 595/309/666 588/300/664
f 586/302/667 588/300/664 594/311/668
f 594/311/668 591/319/669 586/302/667
f 346/162/468 596/299/665 301/158/471
f 596/299/665 346/162/468 404/164/469
f 626/306/670 623/305/671 625/122/430
f 622/304/672 618/303/673 623/305/671
f 623/305/671 626/306/670 622/304/672
f 404/164/469 604/298/674 596/299/665
f 620/308/675 622/304/672 626/306/670
f 626/306/670 624/307/676 620/308/675
f 594/311/668 595/309/666 602/310/677
f 602/310/677 601/321/678 594/311/668
f 580/301/613 579/160/161 588/300/664
f 609/323/679 615/314/680 620/308/675
f 1487/348/681 1506/315/682 607/313/683
f 607/313/683 597/318/684 1487/348/681
f 595/309/666 594/311/668 588/300/664
f 586/302/667 584/326/685 1447/320/632
f 584/326/685 586/302/667 591/319/669
f 588/300/664 586/302/667 580/301/613
f 595/309/666 596/299/665 604/298/674
f 604/298/674 602/310/677 595/309/666
f 1447/320/632 580/301/613 586/302/667
f 624/307/676 626/306/670 628/123/432
f 590/322/686 582/324/636 589/316/687
f 581/97/97 582/324/636 590/322/686
f 319/134/428 581/97/97 590/322/686
f 399/132/429 319/134/428 603/317/688
f 590/322/686 589/316/687 603/317/688
f 582/324/636 583/332/644 589/316/687
f 603/317/688 609/323/679 619/325/689
f 624/307/676 619/325/689 609/323/679
f 465/135/435 399/132/429 619/325/689
f 399/132/429 603/317/688 619/325/689
f 619/325/689 624/307/676 627/133/431
f 627/133/431 465/135/435 619/325/689
f 609/323/679 620/308/675 624/307/676
f 617/333/690 623/305/671 618/303/673
f 623/305/671 617/333/690 621/331/691
f 591/319/669 594/311/668 601/321/678
f 628/123/432 627/133/431 624/307/676
f 625/122/430 628/123/432 626/306/670
f 606/327/692 598/329/693 601/321/678
f 612/328/694 606/327/692 601/321/678
f 614/330/695 473/125/427 621/331/691
f 473/125/427 614/330/695 431/131/425
f 319/134/428 590/322/686 603/317/688
f 601/321/678 598/329/693 591/319/669
f 623/305/671 621/331/691 473/125/427
f 473/125/427 625/122/430 623/305/671
f 621/331/691 617/333/690 612/328/694
f 612/328/694 614/330/695 621/331/691
f 1508/335/696 605/334/697 610/336/698
f 404/164/469 431/131/425 604/298/674
f 602/310/677 604/298/674 431/131/425
f 612/328/694 617/333/690 606/327/692
f 605/334/697 1508/335/696 1495/340/699
f 617/333/690 613/337/700 608/338/701
f 613/337/700 616/339/702 610/336/698
f 622/304/672 620/308/675 615/314/680
f 605/334/697 613/337/700 610/336/698
f 613/337/700 605/334/697 608/338/701
f 618/303/673 613/337/700 617/333/690
f 600/342/703 593/343/704 592/341/705
f 584/326/685 592/341/705 593/343/704
f 593/343/704 585/344/706 584/326/685
f 1447/320/632 584/326/685 585/344/706
f 593/343/704 587/345/707 585/344/706
f 1447/320/632 585/344/706 587/345/707
f 606/327/692 600/342/703 598/329/693
f 431/131/425 614/330/695 602/310/677
f 602/310/677 614/330/695 601/321/678
f 612/328/694 601/321/678 614/330/695
f 592/341/705 598/329/693 600/342/703
f 592/341/705 584/326/685 591/319/669
f 592/341/705 591/319/669 598/329/693
f 616/339/702 622/304/672 615/314/680
f 597/318/684 607/313/683 609/323/679
f 609/323/679 603/317/688 597/318/684
f 589/316/687 583/332/644 1470/347/708
f 593/343/704 599/350/709 1477/351/710
f 589/316/687 1470/347/708 1487/348/681
f 597/318/684 589/316/687 1487/348/681
f 603/317/688 589/316/687 597/318/684
f 600/342/703 606/327/692 608/338/701
f 607/313/683 611/312/711 615/314/680
f 615/314/680 609/323/679 607/313/683
f 583/332/644 1449/346/658 1470/347/708
f 1506/315/682 1509/349/712 611/312/711
f 611/312/711 607/313/683 1506/315/682
f 600/342/703 608/338/701 599/350/709
f 593/343/704 600/342/703 599/350/709
f 606/327/692 617/333/690 608/338/701
f 587/345/707 593/343/704 1477/351/710
f 616/339/702 615/314/680 611/312/711
f 610/336/698 616/339/702 611/312/711
f 618/303/673 622/304/672 616/339/702
f 1508/335/696 610/336/698 1509/349/712
f 599/350/709 605/334/697 1495/340/699
f 1477/351/710 599/350/709 1495/340/699
f 613/337/700 618/303/673 616/339/702
f 599/350/709 608/338/701 605/334/697
f 610/336/698 611/312/711 1509/349/712
f 673/352/713 663/353/714 668/354/715
f 662/355/716 659/356/717 670/357/718
f 689/358/719 678/359/720 681/360/721
f 678/359/720 673/352/713 681/360/721
f 671/361/722 662/355/716 670/357/718
f 689/358/719 694/362/723 685/363/724
f 688/364/725 690/365/726 694/362/723
f 675/366/727 671/361/722 670/357/718
f 688/364/725 694/362/723 682/367/728
f 682/367/728 675/366/727 670/357/718
f 685/363/724 690/365/726 670/357/718
f 690/365/726 688/364/725 670/357/718
f 685/363/724 678/359/720 689/358/719
f 690/365/726 685/363/724 694/362/723
f 663/353/714 673/352/713 670/357/718
f 693/368/729 679/369/730 682/367/728
f 675/366/727 682/367/728 679/369/730
f 659/356/717 660/370/731 670/357/718
f 660/370/731 663/353/714 670/357/718
f 673/352/713 668/354/715 681/360/721
f 646/371/732 659/356/717 651/372/733
f 777/373/734 775/374/735 768/375/736
f 662/355/716 671/361/722 664/376/737
f 662/355/716 664/376/737 651/372/733
f 668/354/715 695/377/738 681/360/721
f 681/360/721 697/378/739 689/358/719
f 681/360/721 695/377/738 697/378/739
f 695/377/738 712/379/740 713/380/741
f 712/379/740 743/381/742 713/380/741
f 660/370/731 659/356/717 646/371/732
f 691/382/743 672/383/744 1428/384/745
f 1428/384/745 1438/385/746 691/382/743
f 688/364/725 682/367/728 670/357/718
f 693/368/729 682/367/728 694/362/723
f 1420/386/747 1428/384/745 672/383/744
f 659/356/717 662/355/716 651/372/733
f 663/353/714 660/370/731 646/371/732
f 664/376/737 671/361/722 679/369/730
f 675/366/727 679/369/730 671/361/722
f 717/387/748 729/388/749 732/389/750
f 770/390/751 774/391/752 769/392/753
f 792/393/754 753/394/755 732/389/750
f 701/395/756 727/396/757 729/388/749
f 774/391/752 779/397/758 769/392/753
f 759/398/759 770/390/751 761/399/760
f 770/390/751 769/392/753 761/399/760
f 768/375/736 770/390/751 759/398/759
f 747/400/761 759/398/759 737/401/762
f 717/387/748 692/402/763 703/403/764
f 729/388/749 727/396/757 749/404/765
f 794/405/766 753/394/755 792/393/754
f 725/406/767 718/407/768 748/408/769
f 729/388/749 749/404/765 790/409/770
f 732/389/750 790/409/770 792/393/754
f 729/388/749 717/387/748 701/395/756
f 703/403/764 701/395/756 717/387/748
f 749/404/765 788/410/771 790/409/770
f 732/389/750 729/388/749 790/409/770
f 756/411/772 768/375/736 759/398/759
f 791/412/773 716/413/774 752/414/775
f 737/401/762 759/398/759 761/399/760
f 696/415/776 680/416/777 707/417/778
f 793/418/779 791/412/773 752/414/775
f 796/419/780 725/406/767 795/420/781
f 673/352/713 678/359/720 670/357/718
f 678/359/720 685/363/724 670/357/718
f 796/419/780 793/418/779 725/406/767
f 793/418/779 752/414/775 725/406/767
f 702/421/782 707/417/778 680/416/777
f 768/375/736 775/374/735 770/390/751
f 775/374/735 774/391/783 770/390/751
f 767/422/784 768/375/736 756/411/772
f 767/422/784 777/373/734 768/375/736
f 756/411/772 759/398/759 747/400/761
f 716/413/774 696/415/776 707/417/778
f 707/417/778 702/421/782 725/406/767
f 752/414/775 707/417/778 725/406/767
f 752/414/775 716/413/774 707/417/778
f 641/423/785 649/424/786 1409/425/787
f 649/424/786 667/426/788 1409/425/787
f 766/427/789 769/392/753 780/428/790
f 638/429/791 641/423/785 632/430/792
f 667/426/788 1443/431/793 1426/432/794
f 757/433/795 755/434/796 745/435/797
f 751/436/798 755/434/796 765/437/799
f 667/426/788 684/438/800 1443/431/793
f 632/430/792 641/423/785 1409/425/787
f 769/392/753 766/427/789 757/433/795
f 672/383/744 691/382/743 668/354/715
f 650/439/801 655/440/802 661/441/803
f 639/442/804 634/443/805 646/371/732
f 661/441/803 672/383/744 668/354/715
f 726/444/806 750/445/807 758/446/808
f 1409/425/787 667/426/788 1426/432/794
f 745/435/797 761/399/760 757/433/795
f 779/397/758 780/428/790 769/392/753
f 757/433/795 761/399/760 769/392/753
f 764/447/809 765/437/799 755/434/796
f 643/448/810 658/449/811 638/429/791
f 734/450/812 733/451/813 1438/385/746
f 735/452/814 726/444/806 758/446/808
f 649/424/786 638/429/791 658/449/811
f 649/424/786 658/449/811 667/426/788
f 734/450/812 771/453/815 733/451/813
f 771/453/815 772/454/816 733/451/813
f 658/449/811 684/438/800 667/426/788
f 641/423/785 638/429/791 649/424/786
f 750/445/807 773/455/817 758/446/808
f 755/434/796 751/436/798 745/435/797
f 766/427/789 764/447/809 757/433/795
f 737/401/762 745/435/797 740/456/818
f 740/456/818 745/435/797 751/436/798
f 764/447/809 766/427/789 780/428/790
f 780/428/790 782/457/819 764/447/809
f 755/434/796 757/433/795 764/447/809
f 737/401/762 761/399/760 745/435/797
f 765/437/799 764/447/809 782/457/819
f 726/444/806 743/381/742 750/445/807
f 706/458/820 698/459/821 708/460/822
f 773/455/817 750/445/807 772/454/816
f 743/381/742 772/454/816 750/445/807
f 698/459/821 697/378/739 708/460/822
f 708/460/822 697/378/739 726/444/806
f 697/378/739 713/380/741 726/444/806
f 698/459/821 689/358/719 697/378/739
f 706/458/820 708/460/822 721/461/823
f 721/461/823 708/460/822 726/444/806
f 691/382/743 1438/385/746 712/379/740
f 1438/385/746 733/451/813 712/379/740
f 695/377/738 713/380/741 697/378/739
f 691/382/743 712/379/740 695/377/738
f 712/379/740 733/451/813 743/381/742
f 726/444/806 713/380/741 743/381/742
f 721/461/823 726/444/806 735/452/814
f 733/451/813 772/454/816 743/381/742
f 668/354/715 691/382/743 695/377/738
f 636/462/824 634/443/805 639/442/804
f 644/463/825 650/439/801 652/464/826
f 650/439/801 661/441/803 652/464/826
f 642/465/827 1410/466/828 655/440/802
f 644/463/825 652/464/826 646/371/732
f 646/371/732 652/464/826 663/353/714
f 655/440/802 672/383/744 661/441/803
f 655/440/802 1420/386/747 672/383/744
f 652/464/826 668/354/715 663/353/714
f 652/464/826 661/441/803 668/354/715
f 642/465/827 655/440/802 650/439/801
f 634/443/805 644/463/825 646/371/732
f 634/443/805 640/467/829 644/463/825
f 636/462/824 633/468/830 634/443/805
f 633/468/830 640/467/829 634/443/805
f 640/467/829 650/439/801 644/463/825
f 635/469/831 642/465/827 640/467/829
f 640/467/829 642/465/827 650/439/801
f 1410/466/828 1420/386/747 655/440/802
f 633/468/830 635/469/831 640/467/829
f 794/405/766 748/408/769 753/394/755
f 719/470/832 738/471/833 749/404/765
f 709/472/834 694/362/723 710/473/835
f 689/358/719 698/459/821 700/474/836
f 788/410/771 749/404/765 738/471/833
f 694/362/723 700/474/836 710/473/835
f 719/470/832 701/395/756 693/368/729
f 679/369/730 693/368/729 701/395/756
f 694/362/723 689/358/719 700/474/836
f 701/395/756 719/470/832 727/396/757
f 699/475/837 674/476/838 683/477/839
f 637/478/840 631/479/841 639/442/804
f 630/480/842 635/469/831 633/468/830
f 635/469/831 1403/481/843 642/465/827
f 1403/481/843 1410/466/828 642/465/827
f 630/480/842 629/482/844 635/469/831
f 638/429/791 631/479/841 637/478/840
f 638/429/791 630/480/842 631/479/841
f 629/482/844 1403/481/843 635/469/831
f 643/448/810 638/429/791 637/478/840
f 738/471/833 719/470/832 709/472/834
f 709/472/834 710/473/835 738/471/833
f 710/473/835 700/474/836 714/483/845
f 698/459/821 706/458/820 700/474/836
f 787/484/846 788/410/771 738/471/833
f 756/411/772 746/485/847 767/422/784
f 765/437/799 763/486/848 751/436/798
f 763/486/848 765/437/799 783/487/849
f 767/422/784 778/488/850 777/373/734
f 746/485/847 778/488/850 767/422/784
f 705/489/851 700/474/836 706/458/820
f 738/471/833 744/490/852 787/484/846
f 738/471/833 710/473/835 744/490/852
f 693/368/729 709/472/834 719/470/832
f 749/404/765 727/396/757 719/470/832
f 710/473/835 714/483/845 744/490/852
f 711/491/853 705/489/851 706/458/820
f 700/474/836 705/489/851 714/483/845
f 714/483/845 705/489/851 715/492/854
f 705/489/851 711/491/853 715/492/854
f 696/415/776 683/477/839 680/416/777
f 669/493/855 657/494/856 654/495/857
f 677/496/858 680/416/777 666/497/859
f 680/416/777 669/493/855 666/497/859
f 692/402/763 677/496/858 665/498/860
f 704/499/861 683/477/839 696/415/776
f 704/499/861 699/475/837 683/477/839
f 677/496/858 666/497/859 665/498/860
f 716/413/774 704/499/861 696/415/776
f 653/500/862 645/501/863 648/502/864
f 664/376/737 656/503/865 651/372/733
f 646/371/732 651/372/733 639/442/804
f 648/502/864 639/442/804 651/372/733
f 645/501/863 639/442/804 648/502/864
f 639/442/804 645/501/863 637/478/840
f 656/503/865 648/502/864 651/372/733
f 656/503/865 653/500/862 648/502/864
f 647/504/866 637/478/840 645/501/863
f 647/504/866 657/494/856 637/478/840
f 683/477/839 669/493/855 680/416/777
f 703/403/764 692/402/763 676/505/867
f 692/402/763 665/498/860 676/505/867
f 666/497/859 669/493/855 654/495/857
f 665/498/860 653/500/862 656/503/865
f 638/429/791 632/430/792 630/480/842
f 631/479/841 630/480/842 636/462/824
f 630/480/842 633/468/830 636/462/824
f 632/430/792 629/482/844 630/480/842
f 631/479/841 636/462/824 639/442/804
f 666/497/859 654/495/857 653/500/862
f 654/495/857 657/494/856 647/504/866
f 676/505/867 665/498/860 664/376/737
f 683/477/839 674/476/838 669/493/855
f 674/476/838 657/494/856 669/493/855
f 665/498/860 656/503/865 664/376/737
f 654/495/857 647/504/866 645/501/863
f 665/498/860 666/497/859 653/500/862
f 657/494/856 643/448/810 637/478/840
f 653/500/862 654/495/857 645/501/863
f 785/506/868 787/484/846 744/490/852
f 714/483/845 715/492/854 744/490/852
f 784/507/869 760/508/870 762/509/871
f 715/492/854 724/510/872 744/490/852
f 785/506/868 754/511/873 760/508/870
f 706/458/820 721/461/823 728/512/874
f 730/513/875 720/514/876 731/515/877
f 744/490/852 754/511/873 785/506/868
f 754/511/873 744/490/852 724/510/872
f 762/509/871 760/508/870 742/516/878
f 789/517/879 786/518/880 704/499/861
f 786/518/880 699/475/837 704/499/861
f 723/519/881 687/520/882 699/475/837
f 687/520/882 723/519/881 684/438/800
f 791/412/773 789/517/879 716/413/774
f 784/507/869 785/506/868 760/508/870
f 762/509/871 742/516/878 751/436/798
f 760/508/870 754/511/873 742/516/878
f 754/511/873 724/510/872 742/516/878
f 720/514/876 722/521/883 731/515/877
f 702/421/782 677/496/858 692/402/763
f 702/421/782 680/416/777 677/496/858
f 732/389/750 718/407/768 717/387/748
f 748/408/769 718/407/768 732/389/750
f 717/387/748 718/407/768 692/402/763
f 718/407/768 725/406/767 702/421/782
f 732/389/750 753/394/755 748/408/769
f 794/405/766 795/420/781 748/408/769
f 795/420/781 725/406/767 748/408/769
f 718/407/768 702/421/782 692/402/763
f 722/521/883 706/458/820 728/512/874
f 711/491/853 706/458/820 722/521/883
f 728/512/874 735/452/814 739/522/884
f 728/512/874 721/461/823 735/452/814
f 742/516/878 724/510/872 720/514/876
f 742/516/878 720/514/876 730/513/875
f 720/514/876 711/491/853 722/521/883
f 724/510/872 711/491/853 720/514/876
f 751/436/798 742/516/878 730/513/875
f 701/395/756 703/403/764 686/523/885
f 731/515/877 737/401/762 740/456/818
f 709/472/834 693/368/729 694/362/723
f 701/395/756 686/523/885 679/369/730
f 763/486/848 762/509/871 751/436/798
f 730/513/875 740/456/818 751/436/798
f 783/487/849 784/507/869 762/509/871
f 762/509/871 763/486/848 783/487/849
f 740/456/818 730/513/875 731/515/877
f 664/376/737 679/369/730 676/505/867
f 737/401/762 731/515/877 741/524/886
f 731/515/877 736/525/887 741/524/886
f 782/457/819 783/487/849 765/437/799
f 737/401/762 741/524/886 747/400/761
f 747/400/761 741/524/886 756/411/772
f 676/505/867 686/523/885 703/403/764
f 686/523/885 676/505/867 679/369/730
f 741/524/886 736/525/887 756/411/772
f 736/525/887 746/485/847 756/411/772
f 724/510/872 715/492/854 711/491/853
f 674/476/838 687/520/882 658/449/811
f 684/438/800 658/449/811 687/520/882
f 739/522/884 735/452/814 758/446/808
f 736/525/887 728/512/874 746/485/847
f 789/517/879 704/499/861 716/413/774
f 699/475/837 687/520/882 674/476/838
f 786/518/880 723/519/881 699/475/837
f 657/494/856 674/476/838 643/448/810
f 658/449/811 643/448/810 674/476/838
f 758/446/808 773/455/817 776/526/888
f 739/522/884 758/446/808 746/485/847
f 1443/431/793 684/438/800 723/519/881
f 746/485/847 776/526/888 778/488/850
f 746/485/847 758/446/808 776/526/888
f 723/519/881 786/518/880 1443/431/793
f 731/515/877 728/512/874 736/525/887
f 731/515/877 722/521/883 728/512/874
f 781/527/889 1443/431/793 786/518/880
f 728/512/874 739/522/884 746/485/847
f 908/353/890 898/352/891 903/354/892
f 913/356/893 909/355/894 901/357/895
f 892/359/896 880/358/897 889/360/898
f 898/352/891 892/359/896 889/360/898
f 909/355/894 900/361/899 901/357/895
f 875/362/900 880/358/897 884/363/901
f 879/365/902 881/364/903 875/362/900
f 900/361/899 895/366/904 901/357/895
f 875/362/900 881/364/903 888/367/905
f 895/366/904 888/367/905 901/357/895
f 879/365/902 884/363/901 901/357/895
f 881/364/903 879/365/902 901/357/895
f 892/359/896 884/363/901 880/358/897
f 884/363/901 879/365/902 875/362/900
f 898/352/891 908/353/890 901/357/895
f 891/369/906 876/368/907 888/367/905
f 888/367/905 895/366/904 891/369/906
f 912/370/908 913/356/893 901/357/895
f 908/353/890 912/370/908 901/357/895
f 903/354/892 898/352/891 889/360/898
f 913/356/893 928/371/909 921/372/910
f 775/374/735 777/373/734 799/375/911
f 900/361/899 909/355/894 907/376/912
f 907/376/912 909/355/894 921/372/910
f 874/377/913 903/354/892 889/360/898
f 872/378/914 889/360/898 880/358/897
f 874/377/913 889/360/898 872/378/914
f 856/379/915 874/377/913 855/380/916
f 824/381/917 856/379/915 855/380/916
f 913/356/893 912/370/908 928/371/909
f 899/383/918 878/382/919 887/384/920
f 863/385/921 887/384/920 878/382/919
f 888/367/905 881/364/903 901/357/895
f 888/367/905 876/368/907 875/362/900
f 887/384/920 910/386/922 899/383/918
f 909/355/894 913/356/893 921/372/910
f 912/370/908 908/353/890 928/371/909
f 900/361/899 907/376/912 891/369/906
f 891/369/906 895/366/904 900/361/899
f 838/388/923 851/387/924 835/389/925
f 774/391/926 797/390/927 798/392/928
f 814/394/929 792/393/754 835/389/925
f 840/396/930 867/395/931 838/388/923
f 779/397/932 774/391/926 798/392/928
f 797/390/927 808/398/933 806/399/934
f 798/392/928 797/390/927 806/399/934
f 797/390/927 799/375/911 808/398/933
f 808/398/933 820/400/935 830/401/936
f 877/402/937 851/387/924 866/403/938
f 840/396/930 838/388/923 818/404/939
f 814/394/929 794/405/766 792/393/754
f 850/407/940 842/406/941 819/408/942
f 818/404/939 838/388/923 790/409/770
f 790/409/770 835/389/925 792/393/754
f 851/387/924 838/388/923 867/395/931
f 867/395/931 866/403/938 851/387/924
f 788/410/771 818/404/939 790/409/770
f 838/388/923 835/389/925 790/409/770
f 799/375/911 811/411/943 808/398/933
f 852/413/944 791/412/773 815/414/945
f 808/398/933 830/401/936 806/399/934
f 890/416/946 873/415/947 861/417/948
f 791/412/773 793/418/779 815/414/945
f 842/406/941 796/419/780 795/420/781
f 892/359/896 898/352/891 901/357/895
f 884/363/901 892/359/896 901/357/895
f 793/418/779 796/419/780 842/406/941
f 815/414/945 793/418/779 842/406/941
f 861/417/948 868/421/949 890/416/946
f 775/374/735 799/375/911 797/390/927
f 774/391/783 775/374/735 797/390/927
f 799/375/911 800/422/950 811/411/943
f 777/373/734 800/422/950 799/375/911
f 808/398/933 811/411/943 820/400/935
f 873/415/947 852/413/944 861/417/948
f 868/421/949 861/417/948 842/406/941
f 861/417/948 815/414/945 842/406/941
f 852/413/944 815/414/945 861/417/948
f 923/424/951 933/423/952 925/425/953
f 904/426/954 923/424/951 925/425/953
f 798/392/928 801/427/955 780/428/790
f 933/423/952 936/429/956 943/430/957
f 845/431/958 904/426/954 896/432/959
f 812/434/960 810/433/961 822/435/962
f 812/434/960 816/436/963 802/437/964
f 885/438/965 904/426/954 845/431/958
f 933/423/952 943/430/957 925/425/953
f 801/427/955 798/392/928 810/433/961
f 878/382/919 899/383/918 903/354/892
f 917/440/966 922/439/967 911/441/968
f 941/443/969 935/442/970 928/371/909
f 899/383/918 911/441/968 903/354/892
f 817/445/971 841/444/972 809/446/973
f 904/426/954 925/425/953 896/432/959
f 806/399/934 822/435/962 810/433/961
f 780/428/790 779/397/932 798/392/928
f 806/399/934 810/433/961 798/392/928
f 802/437/964 803/447/974 812/434/960
f 914/449/975 931/448/976 936/429/956
f 834/451/977 833/450/978 863/385/921
f 841/444/972 832/452/979 809/446/973
f 936/429/956 923/424/951 914/449/975
f 914/449/975 923/424/951 904/426/954
f 771/453/815 833/450/978 834/451/977
f 772/454/816 771/453/815 834/451/977
f 885/438/965 914/449/975 904/426/954
f 936/429/956 933/423/952 923/424/951
f 773/455/980 817/445/971 809/446/973
f 816/436/963 812/434/960 822/435/962
f 803/447/974 801/427/955 810/433/961
f 822/435/962 830/401/936 827/456/981
f 822/435/962 827/456/981 816/436/963
f 801/427/955 803/447/974 780/428/790
f 782/457/819 780/428/790 803/447/974
f 810/433/961 812/434/960 803/447/974
f 806/399/934 830/401/936 822/435/962
f 803/447/974 802/437/964 782/457/819
f 824/381/917 841/444/972 817/445/971
f 871/459/982 862/458/983 860/460/984
f 817/445/971 773/455/980 772/454/816
f 772/454/816 824/381/917 817/445/971
f 872/378/914 871/459/982 860/460/984
f 872/378/914 860/460/984 841/444/972
f 855/380/916 872/378/914 841/444/972
f 880/358/897 871/459/982 872/378/914
f 860/460/984 862/458/983 847/461/985
f 860/460/984 847/461/985 841/444/972
f 863/385/921 878/382/919 856/379/915
f 834/451/977 863/385/921 856/379/915
f 855/380/916 874/377/913 872/378/914
f 856/379/915 878/382/919 874/377/913
f 834/451/977 856/379/915 824/381/917
f 855/380/916 841/444/972 824/381/917
f 841/444/972 847/461/985 832/452/979
f 772/454/816 834/451/977 824/381/917
f 878/382/919 903/354/892 874/377/913
f 941/443/969 939/462/986 935/442/970
f 922/439/967 930/463/987 920/464/988
f 911/441/968 922/439/967 920/464/988
f 924/466/989 932/465/990 917/440/966
f 920/464/988 930/463/987 928/371/909
f 920/464/988 928/371/909 908/353/890
f 899/383/918 917/440/966 911/441/968
f 910/386/922 917/440/966 899/383/918
f 903/354/892 920/464/988 908/353/890
f 911/441/968 920/464/988 903/354/892
f 917/440/966 932/465/990 922/439/967
f 930/463/987 941/443/969 928/371/909
f 934/467/991 941/443/969 930/463/987
f 942/468/992 939/462/986 941/443/969
f 934/467/991 942/468/992 941/443/969
f 922/439/967 934/467/991 930/463/987
f 932/465/990 940/469/993 934/467/991
f 932/465/990 934/467/991 922/439/967
f 910/386/922 924/466/989 917/440/966
f 940/469/993 942/468/992 934/467/991
f 819/408/942 794/405/766 814/394/929
f 829/471/994 849/470/995 818/404/939
f 875/362/900 859/472/996 858/473/997
f 871/459/982 880/358/897 869/474/998
f 818/404/939 788/410/771 829/471/994
f 869/474/998 875/362/900 858/473/997
f 867/395/931 849/470/995 876/368/907
f 876/368/907 891/369/906 867/395/931
f 880/358/897 875/362/900 869/474/998
f 849/470/995 867/395/931 840/396/930
f 897/476/999 870/475/1000 886/477/1001
f 944/479/1002 937/478/1003 935/442/970
f 940/469/993 945/480/1004 942/468/992
f 938/481/1005 940/469/993 932/465/990
f 924/466/989 938/481/1005 932/465/990
f 946/482/1006 945/480/1004 940/469/993
f 944/479/1002 936/429/956 937/478/1003
f 945/480/1004 936/429/956 944/479/1002
f 938/481/1005 946/482/1006 940/469/993
f 936/429/956 931/448/976 937/478/1003
f 849/470/995 829/471/994 859/472/996
f 858/473/997 859/472/996 829/471/994
f 869/474/998 858/473/997 854/483/1007
f 862/458/983 871/459/982 869/474/998
f 788/410/771 787/484/846 829/471/994
f 821/485/1008 811/411/943 800/422/950
f 804/486/1009 802/437/964 816/436/963
f 802/437/964 804/486/1009 783/487/849
f 778/488/850 800/422/950 777/373/734
f 778/488/850 821/485/1008 800/422/950
f 869/474/998 864/489/1010 862/458/983
f 823/490/1011 829/471/994 787/484/846
f 858/473/997 829/471/994 823/490/1011
f 859/472/996 876/368/907 849/470/995
f 840/396/930 818/404/939 849/470/995
f 854/483/1007 858/473/997 823/490/1011
f 864/489/1010 857/491/1012 862/458/983
f 864/489/1010 869/474/998 854/483/1007
f 864/489/1010 854/483/1007 853/492/1013
f 857/491/1012 864/489/1010 853/492/1013
f 886/477/1001 873/415/947 890/416/946
f 915/494/1014 902/493/1015 918/495/1016
f 890/416/946 893/496/1017 905/497/1018
f 902/493/1015 890/416/946 905/497/1018
f 893/496/1017 877/402/937 906/498/1019
f 886/477/1001 865/499/1020 873/415/947
f 870/475/1000 865/499/1020 886/477/1001
f 905/497/1018 893/496/1017 906/498/1019
f 865/499/1020 852/413/944 873/415/947
f 929/501/1021 919/500/1022 926/502/1023
f 916/503/1024 907/376/912 921/372/910
f 921/372/910 928/371/909 935/442/970
f 935/442/970 926/502/1023 921/372/910
f 935/442/970 929/501/1021 926/502/1023
f 929/501/1021 935/442/970 937/478/1003
f 926/502/1023 916/503/1024 921/372/910
f 919/500/1022 916/503/1024 926/502/1023
f 937/478/1003 927/504/1025 929/501/1021
f 915/494/1014 927/504/1025 937/478/1003
f 902/493/1015 886/477/1001 890/416/946
f 877/402/937 866/403/938 894/505/1026
f 906/498/1019 877/402/937 894/505/1026
f 902/493/1015 905/497/1018 918/495/1016
f 919/500/1022 906/498/1019 916/503/1024
f 943/430/957 936/429/956 945/480/1004
f 945/480/1004 944/479/1002 939/462/986
f 942/468/992 945/480/1004 939/462/986
f 946/482/1006 943/430/957 945/480/1004
f 939/462/986 944/479/1002 935/442/970
f 918/495/1016 905/497/1018 919/500/1022
f 915/494/1014 918/495/1016 927/504/1025
f 906/498/1019 894/505/1026 907/376/912
f 897/476/999 886/477/1001 902/493/1015
f 915/494/1014 897/476/999 902/493/1015
f 916/503/1024 906/498/1019 907/376/912
f 927/504/1025 918/495/1016 929/501/1021
f 905/497/1018 906/498/1019 919/500/1022
f 931/448/976 915/494/1014 937/478/1003
f 918/495/1016 919/500/1022 929/501/1021
f 787/484/846 785/506/1027 823/490/1011
f 853/492/1013 854/483/1007 823/490/1011
f 807/508/1028 784/507/869 805/509/1029
f 843/510/1030 853/492/1013 823/490/1011
f 813/511/1031 785/506/1027 807/508/1028
f 847/461/985 862/458/983 839/512/1032
f 848/514/1033 837/513/1034 836/515/1035
f 813/511/1031 823/490/1011 785/506/1027
f 823/490/1011 813/511/1031 843/510/1030
f 807/508/1028 805/509/1029 825/516/1036
f 786/518/880 789/517/879 865/499/1020
f 870/475/1000 786/518/880 865/499/1020
f 882/520/1037 844/519/1038 870/475/1000
f 844/519/1038 882/520/1037 885/438/965
f 789/517/879 791/412/773 852/413/944
f 785/506/1027 784/507/869 807/508/1028
f 825/516/1036 805/509/1029 816/436/963
f 813/511/1031 807/508/1028 825/516/1036
f 843/510/1030 813/511/1031 825/516/1036
f 846/521/1039 848/514/1033 836/515/1035
f 893/496/1017 868/421/949 877/402/937
f 890/416/946 868/421/949 893/496/1017
f 850/407/940 835/389/925 851/387/924
f 850/407/940 819/408/942 835/389/925
f 850/407/940 851/387/924 877/402/937
f 842/406/941 850/407/940 868/421/949
f 814/394/929 835/389/925 819/408/942
f 795/420/781 794/405/766 819/408/942
f 842/406/941 795/420/781 819/408/942
f 868/421/949 850/407/940 877/402/937
f 862/458/983 846/521/1039 839/512/1032
f 862/458/983 857/491/1012 846/521/1039
f 832/452/979 839/512/1032 828/522/1040
f 847/461/985 839/512/1032 832/452/979
f 843/510/1030 825/516/1036 848/514/1033
f 848/514/1033 825/516/1036 837/513/1034
f 857/491/1012 848/514/1033 846/521/1039
f 857/491/1012 843/510/1030 848/514/1033
f 825/516/1036 816/436/963 837/513/1034
f 866/403/938 867/395/931 883/523/1041
f 830/401/936 836/515/1035 827/456/981
f 876/368/907 859/472/996 875/362/900
f 883/523/1041 867/395/931 891/369/906
f 805/509/1029 804/486/1009 816/436/963
f 827/456/981 837/513/1034 816/436/963
f 784/507/869 783/487/849 805/509/1029
f 804/486/1009 805/509/1029 783/487/849
f 837/513/1034 827/456/981 836/515/1035
f 891/369/906 907/376/912 894/505/1026
f 836/515/1035 830/401/936 826/524/1042
f 831/525/1043 836/515/1035 826/524/1042
f 783/487/849 782/457/819 802/437/964
f 826/524/1042 830/401/936 820/400/935
f 826/524/1042 820/400/935 811/411/943
f 883/523/1041 894/505/1026 866/403/938
f 894/505/1026 883/523/1041 891/369/906
f 831/525/1043 826/524/1042 811/411/943
f 821/485/1008 831/525/1043 811/411/943
f 853/492/1013 843/510/1030 857/491/1012
f 882/520/1037 897/476/999 914/449/975
f 914/449/975 885/438/965 882/520/1037
f 832/452/979 828/522/1040 809/446/973
f 839/512/1032 831/525/1043 821/485/1008
f 865/499/1020 789/517/879 852/413/944
f 882/520/1037 870/475/1000 897/476/999
f 844/519/1038 786/518/880 870/475/1000
f 897/476/999 915/494/1014 931/448/976
f 931/448/976 914/449/975 897/476/999
f 773/455/980 809/446/973 776/526/1044
f 809/446/973 828/522/1040 821/485/1008
f 885/438/965 845/431/958 844/519/1038
f 776/526/1044 821/485/1008 778/488/850
f 809/446/973 821/485/1008 776/526/1044
f 786/518/880 844/519/1038 845/431/958
f 839/512/1032 836/515/1035 831/525/1043
f 846/521/1039 836/515/1035 839/512/1032
f 845/431/958 781/527/889 786/518/880
f 828/522/1040 839/512/1032 821/485/1008
f 1007/528/1045 1003/529/1046 985/530/1047
f 1003/529/1046 1007/528/1045 1004/531/1048
f 993/532/1049 969/533/1050 996/534/1051
f 1019/535/1052 1014/536/1053 1031/537/1054
f 993/532/1049 1007/528/1045 979/538/1055
f 1014/536/1053 1006/539/1056 1009/540/1057
f 1031/537/1054 1014/536/1053 1009/540/1057
f 1011/541/1058 1007/528/1045 993/532/1049
f 1062/542/1059 1063/543/1060 1059/544/1061
f 1051/545/1062 1058/546/1063 1054/547/1064
f 1058/546/1063 1051/545/1062 1056/548/1065
f 1059/544/1061 1058/546/1063 1062/542/1059
f 1007/528/1045 1011/541/1058 1021/549/1066
f 985/530/1047 979/538/1055 1007/528/1045
f 1059/544/1061 1054/547/1064 1058/546/1063
f 997/550/1067 1011/541/1058 996/534/1051
f 1016/551/1068 997/550/1067 1010/552/1069
f 1022/553/1070 1016/551/1068 1010/552/1069
f 1011/541/1058 997/550/1067 1016/551/1068
f 1047/554/1071 1056/548/1065 1051/545/1062
f 1025/555/1072 1016/551/1068 1022/553/1070
f 1033/556/1073 1025/555/1072 1022/553/1070
f 1025/555/1072 1042/557/1074 1035/558/1075
f 1035/558/1075 1021/549/1066 1025/555/1072
f 1039/559/1076 1019/535/1052 1031/537/1054
f 993/532/1049 996/534/1051 1011/541/1058
f 1025/555/1072 1021/549/1066 1011/541/1058
f 1042/557/1074 1025/555/1072 1033/556/1073
f 1045/560/1077 1035/558/1075 1042/557/1074
f 1011/541/1058 1016/551/1068 1025/555/1072
f 968/561/1078 987/562/1079 971/563/1080
f 522/258/578 968/561/1078 526/266/579
f 977/564/1081 968/561/1078 522/258/578
f 1015/565/1082 1002/566/1083 1001/567/1084
f 1015/565/1082 1027/568/1085 1029/569/1086
f 994/570/1087 1029/569/1086 1013/571/1088
f 1029/569/1086 994/570/1087 1015/565/1082
f 528/263/582 971/563/1080 972/572/1089
f 986/573/1090 987/562/1079 968/561/1078
f 995/574/1091 972/572/1089 971/563/1080
f 971/563/1080 994/570/1087 995/574/1091
f 991/575/1092 1002/566/1083 994/570/1087
f 971/563/1080 528/263/582 526/266/579
f 526/266/579 968/561/1078 971/563/1080
f 987/562/1079 991/575/1092 971/563/1080
f 1059/544/1093 1052/576/1094 1041/577/1095
f 1031/537/1054 1009/540/1057 1052/576/1094
f 1057/578/1096 1052/576/1094 1059/544/1093
f 1057/578/1096 1039/559/1076 1052/576/1094
f 1056/548/1065 1062/542/1059 1058/546/1063
f 1063/543/1097 1057/578/1096 1059/544/1093
f 1039/559/1076 1031/537/1054 1052/576/1094
f 986/573/1090 1001/567/1084 1002/566/1083
f 1002/566/1083 987/562/1079 986/573/1090
f 1001/567/1084 1024/579/1098 1015/565/1082
f 1026/580/1099 1013/571/1088 1029/569/1086
f 1002/566/1083 991/575/1092 987/562/1079
f 1013/571/1088 995/574/1091 994/570/1087
f 1002/566/1083 1015/565/1082 994/570/1087
f 977/564/1081 986/573/1090 968/561/1078
f 972/572/1089 529/119/424 528/263/582
f 1000/581/1100 998/582/1101 1014/536/1053
f 1014/536/1053 1019/535/1052 1000/581/1100
f 981/583/1102 973/584/1103 956/585/1104
f 998/582/1101 973/584/1103 981/583/1102
f 981/583/1102 956/585/1104 497/143/1105
f 990/586/1106 981/583/1102 497/143/1105
f 983/587/1107 989/588/1108 990/586/1106
f 955/589/1109 963/590/1110 962/591/1111
f 983/587/1107 952/592/1112 962/591/1111
f 952/592/1112 983/587/1107 990/586/1106
f 963/590/1110 955/589/1109 957/593/1113
f 1006/539/1056 998/582/1101 990/586/1106
f 1006/539/1056 1014/536/1053 998/582/1101
f 957/593/1113 964/594/1114 963/590/1110
f 1000/581/1100 978/595/1115 973/584/1103
f 998/582/1101 1000/581/1100 973/584/1103
f 509/259/581 954/596/1116 522/258/606
f 990/586/1106 998/582/1101 981/583/1102
f 951/597/1117 501/267/580 497/143/455
f 501/267/580 951/597/1117 954/596/1116
f 954/596/1116 509/259/581 501/267/580
f 966/598/1118 954/596/1116 951/597/1117
f 956/585/1104 951/597/1117 497/143/1105
f 966/598/1118 522/258/606 954/596/1116
f 973/584/1103 978/595/1115 966/598/1118
f 952/592/1112 497/143/1105 948/149/1119
f 956/585/1104 966/598/1118 951/597/1117
f 973/584/1103 966/598/1118 956/585/1104
f 948/149/1119 953/599/1120 952/592/1112
f 1046/600/1121 1036/601/1122 1038/602/1123
f 1038/602/1123 1047/554/1071 1046/600/1121
f 1049/603/1124 1042/557/1074 1046/600/1121
f 963/590/1110 974/604/1125 975/605/1126
f 962/591/1111 975/605/1126 983/587/1107
f 964/594/1114 985/530/1127 974/604/1125
f 974/604/1125 963/590/1110 964/594/1114
f 1042/557/1074 1049/603/1124 1045/560/1077
f 1054/547/1064 1049/603/1124 1051/545/1062
f 1046/600/1121 1051/545/1062 1049/603/1124
f 1051/545/1062 1046/600/1121 1047/554/1071
f 1054/547/1064 1059/544/1061 1041/577/1128
f 1042/557/1074 1033/556/1073 1036/601/1122
f 1036/601/1122 1046/600/1121 1042/557/1074
f 1054/547/1064 1045/560/1077 1049/603/1124
f 962/591/1111 953/599/1120 955/589/1109
f 949/110/1129 957/593/1113 955/589/1109
f 955/589/1109 947/153/1130 949/110/1129
f 953/599/1120 962/591/1111 952/592/1112
f 990/586/1106 497/143/1105 952/592/1112
f 947/153/1130 955/589/1109 953/599/1120
f 953/599/1120 948/149/1119 947/153/1130
f 985/530/1127 1003/529/1131 1006/539/1056
f 1006/539/1056 989/588/1108 985/530/1127
f 975/605/1126 962/591/1111 963/590/1110
f 975/605/1126 989/588/1108 983/587/1107
f 989/588/1108 974/604/1125 985/530/1127
f 1009/540/1057 1006/539/1056 1003/529/1131
f 989/588/1108 975/605/1126 974/604/1125
f 1006/539/1056 990/586/1106 989/588/1108
f 991/575/1092 994/570/1087 971/563/1080
f 988/606/1132 999/607/1133 984/608/1134
f 988/606/1132 980/609/1135 982/610/1136
f 982/610/1136 992/611/1137 988/606/1132
f 999/607/1133 988/606/1132 992/611/1137
f 1057/578/1096 1063/543/1097 1061/612/1138
f 992/611/1137 982/610/1136 972/572/1089
f 972/572/1089 995/574/1091 992/611/1137
f 992/611/1137 995/574/1091 999/607/1133
f 972/572/1089 970/613/1139 527/138/410
f 529/119/424 972/572/1089 527/138/410
f 980/609/1135 988/606/1132 984/608/1134
f 527/138/410 970/613/1139 523/137/411
f 980/609/1135 967/614/1140 970/613/1139
f 970/613/1139 982/610/1136 980/609/1135
f 972/572/1089 982/610/1136 970/613/1139
f 1028/615/1141 1017/616/1142 1008/617/1143
f 1021/549/1066 1035/558/1075 1020/618/1144
f 1028/615/1141 1020/618/1144 1035/558/1075
f 1008/617/1143 1004/531/1048 1028/615/1141
f 1032/619/1145 1044/620/1146 1037/621/1147
f 1032/619/1145 1053/622/1148 1044/620/1146
f 1008/617/1143 1003/529/1046 1004/531/1048
f 1035/558/1075 1045/560/1077 1028/615/1141
f 1028/615/1141 1034/623/1149 1017/616/1142
f 1034/623/1149 1028/615/1141 1045/560/1077
f 1061/612/1138 1053/622/1148 1057/578/1096
f 1017/616/1142 1018/624/1150 1008/617/1143
f 1045/560/1077 1054/547/1064 1034/623/1149
f 1018/624/1150 1017/616/1142 1034/623/1149
f 1034/623/1149 1041/577/1128 1018/624/1150
f 959/625/1151 496/157/465 960/626/1152
f 965/627/1153 958/628/1154 959/625/1151
f 959/625/1151 960/626/1152 969/533/1050
f 496/157/465 500/163/470 960/626/1152
f 959/625/1151 969/533/1050 993/532/1049
f 979/538/1055 959/625/1151 993/532/1049
f 985/530/1047 965/627/1153 979/538/1055
f 500/163/470 512/139/440 961/629/1155
f 961/629/1155 512/139/440 518/136/439
f 518/136/439 967/614/1140 961/629/1155
f 967/614/1140 518/136/439 523/137/411
f 967/614/1140 980/609/1135 976/630/1156
f 960/626/1152 500/163/470 961/629/1155
f 976/630/1156 969/533/1050 961/629/1155
f 967/614/1140 976/630/1156 961/629/1155
f 984/608/1134 976/630/1156 980/609/1135
f 970/613/1139 967/614/1140 523/137/411
f 958/628/1154 950/108/466 959/625/1151
f 976/630/1156 984/608/1134 969/533/1050
f 984/608/1134 997/550/1067 996/534/1051
f 999/607/1133 997/550/1067 984/608/1134
f 984/608/1134 996/534/1051 969/533/1050
f 949/110/467 950/108/466 958/628/1157
f 965/627/1153 959/625/1151 979/538/1055
f 985/530/1047 964/594/1158 965/627/1153
f 960/626/1152 961/629/1155 969/533/1050
f 950/108/466 496/157/465 959/625/1151
f 957/593/1159 949/110/467 958/628/1157
f 957/593/1159 958/628/1157 965/627/1160
f 964/594/1158 957/593/1161 965/627/1153
f 1012/631/1162 1032/619/1145 1005/632/1163
f 1019/535/1052 1032/619/1145 1012/631/1162
f 1024/579/1098 1037/621/1164 1043/633/1165
f 1005/632/1163 1024/579/1166 1001/567/1167
f 1038/602/1123 1026/580/1099 1029/569/1086
f 1029/569/1086 1040/634/1168 1038/602/1123
f 1040/634/1168 1029/569/1086 1027/568/1085
f 1032/619/1145 1037/621/1147 1024/579/1166
f 1008/617/1169 1018/624/1170 1030/635/1171
f 1030/635/1171 1052/576/1094 1009/540/1057
f 1018/624/1170 1041/577/1095 1030/635/1171
f 1052/576/1094 1030/635/1171 1041/577/1095
f 1024/579/1166 1005/632/1163 1032/619/1145
f 1003/529/1131 1008/617/1169 1009/540/1057
f 1008/617/1169 1030/635/1171 1009/540/1057
f 1005/632/1163 1000/581/1100 1012/631/1162
f 1013/571/1088 1023/636/1172 995/574/1091
f 1033/556/1073 1022/553/1070 1023/636/1172
f 1012/631/1162 1000/581/1100 1019/535/1052
f 1010/552/1069 999/607/1133 995/574/1091
f 1023/636/1172 1010/552/1069 995/574/1091
f 1026/580/1099 1023/636/1172 1013/571/1088
f 1036/601/1122 1033/556/1073 1023/636/1172
f 1027/568/1085 1015/565/1082 1024/579/1098
f 1027/568/1085 1043/633/1165 1040/634/1168
f 1043/633/1165 1027/568/1085 1024/579/1098
f 1022/553/1070 1010/552/1069 1023/636/1172
f 1010/552/1069 997/550/1067 999/607/1133
f 1036/601/1122 1023/636/1172 1026/580/1099
f 1038/602/1123 1036/601/1122 1026/580/1099
f 1044/620/1173 1053/622/1174 1050/637/1175
f 1001/567/1167 966/598/1118 978/595/1115
f 966/598/1118 1001/567/1167 986/573/1176
f 1050/637/1175 1043/633/1165 1044/620/1173
f 1047/554/1071 1040/634/1168 1048/638/1177
f 1048/638/1177 1055/639/1178 1047/554/1071
f 1043/633/1165 1050/637/1175 1048/638/1177
f 986/573/1176 977/564/1179 966/598/1118
f 1053/622/1148 1032/619/1145 1039/559/1076
f 1039/559/1076 1057/578/1096 1053/622/1148
f 977/564/1179 522/258/1180 966/598/1118
f 1019/535/1052 1039/559/1076 1032/619/1145
f 1041/577/1128 1034/623/1149 1054/547/1064
f 1005/632/1163 978/595/1115 1000/581/1100
f 978/595/1115 1005/632/1163 1001/567/1167
f 1055/639/1178 1048/638/1177 1050/637/1175
f 1050/637/1175 1060/640/1181 1055/639/1178
f 1007/528/1045 1020/618/1144 1004/531/1048
f 1055/639/1178 1056/548/1065 1047/554/1071
f 1060/640/1181 1050/637/1175 1053/622/1174
f 1053/622/1174 1061/612/1182 1060/640/1181
f 1056/548/1065 1055/639/1178 1060/640/1181
f 1020/618/1144 1028/615/1141 1004/531/1048
f 1043/633/1165 1048/638/1177 1040/634/1168
f 1037/621/1164 1044/620/1173 1043/633/1165
f 1047/554/1071 1038/602/1123 1040/634/1168
f 1061/612/1182 1063/543/1060 1062/542/1059
f 1020/618/1144 1007/528/1045 1021/549/1066
f 1060/640/1181 1062/542/1059 1056/548/1065
f 1062/542/1059 1060/640/1181 1061/612/1182
f 1159/641/1183 1156/642/1184 1144/643/1185
f 1159/641/1183 1149/644/1186 1179/645/1187
f 1179/645/1187 1175/646/1188 1159/641/1183
f 1091/647/1189 1083/648/1190 1104/649/1191
f 1120/650/1192 1118/651/1193 1121/652/1194
f 1118/651/1193 1112/653/1195 1121/652/1194
f 1118/651/1193 1090/654/1196 1098/655/1197
f 1118/651/1193 1098/655/1197 1112/653/1195
f 1098/655/1197 1090/654/1196 1091/647/1189
f 1149/644/1186 1154/656/1198 1179/645/1187
f 1149/644/1186 1159/641/1183 1143/657/1199
f 1144/643/1185 1143/657/1199 1159/641/1183
f 1121/652/1194 1112/653/1195 1123/658/1200
f 1096/659/1201 1081/660/1202 1085/661/1203
f 1112/653/1195 1098/655/1197 1107/662/1204
f 1098/655/1197 1091/647/1189 1107/662/1204
f 1094/663/1205 1085/661/1203 1089/664/1206
f 1117/665/1207 1096/659/1201 1094/663/1205
f 1094/663/1205 1096/659/1201 1085/661/1203
f 1079/666/1208 1073/667/1209 1083/648/1190
f 1120/650/1192 1121/652/1194 1131/668/1210
f 1131/668/1210 1121/652/1194 1137/669/1211
f 1107/662/1204 1091/647/1189 1104/649/1191
f 1090/654/1196 1079/666/1208 1091/647/1189
f 1091/647/1189 1079/666/1208 1083/648/1190
f 1129/670/1212 1126/671/1213 1108/672/1214
f 1114/673/1215 1127/674/1216 1124/675/1217
f 1124/675/1217 1106/676/1218 1114/673/1215
f 1096/659/1201 1108/672/1214 1081/660/1202
f 1074/677/1219 1071/678/1220 1066/679/1221
f 1074/677/1219 1077/680/1222 1071/678/1220
f 1114/673/1215 1120/650/1223 1127/674/1216
f 1109/681/1224 1095/682/1225 1086/683/1226
f 1070/684/1227 1092/685/1228 1106/676/1218
f 1114/673/1215 1106/676/1218 1092/685/1228
f 1065/686/1229 1064/687/1230 1070/684/1227
f 1092/685/1228 1120/650/1223 1114/673/1215
f 1129/670/1212 1108/672/1214 1096/659/1201
f 1064/687/1230 1067/688/1231 1070/684/1227
f 1070/684/1227 1067/688/1231 1092/685/1228
f 1072/689/1232 1066/679/1221 1065/686/1229
f 1159/641/1183 1172/690/1233 1156/642/1184
f 1172/690/1233 1159/641/1183 1175/646/1188
f 1175/646/1188 1184/691/1234 1172/690/1233
f 1086/683/1226 1074/677/1219 1072/689/1232
f 1065/686/1229 1070/684/1227 1072/689/1232
f 1117/665/1207 1129/670/1212 1096/659/1201
f 1066/679/1221 1072/689/1232 1074/677/1219
f 1074/677/1219 1086/683/1226 1095/682/1225
f 1072/689/1232 1106/676/1218 1086/683/1226
f 1176/692/1235 1178/693/1236 1166/694/1237
f 1183/695/1238 1192/696/1239 1304/697/1240
f 1192/696/1239 1183/695/1238 1198/698/1241
f 1208/699/1242 1197/700/1243 1302/701/1244
f 1197/700/1243 1193/702/1245 1176/692/1235
f 1193/702/1245 1178/693/1236 1176/692/1235
f 1304/697/1240 1301/703/1246 1183/695/1238
f 1195/704/1247 1192/696/1239 1198/698/1241
f 1198/698/1241 1201/705/1248 1195/704/1247
f 1183/695/1238 1189/706/1249 1198/698/1241
f 1183/695/1238 1173/707/1250 1189/706/1249
f 1173/707/1250 1174/708/1251 1189/706/1249
f 1194/709/1252 1208/699/1242 1302/701/1244
f 1145/710/1253 1142/711/1254 1151/712/1255
f 1132/713/1256 1139/714/1257 1142/711/1254
f 1208/699/1242 1201/705/1248 1212/715/1258
f 1151/712/1255 1142/711/1254 1150/716/1259
f 1142/711/1254 1139/714/1257 1150/716/1259
f 1152/717/1260 1145/710/1253 1151/712/1255
f 1201/705/1248 1208/699/1242 1194/709/1252
f 1198/698/1241 1212/715/1258 1201/705/1248
f 1178/693/1236 1168/718/1261 1166/694/1237
f 1208/699/1242 1203/719/1262 1197/700/1243
f 1203/719/1262 1193/702/1245 1197/700/1243
f 1194/709/1252 1195/704/1247 1201/705/1248
f 1134/720/1263 1126/671/1213 1136/721/1264
f 1088/722/1265 1068/723/1266 1069/724/1267
f 1069/724/1267 1068/723/1266 1066/679/1221
f 1149/644/1186 1136/721/1264 1154/656/1198
f 1082/725/1268 1075/726/1269 1077/680/1222
f 1075/726/1269 1071/678/1220 1077/680/1222
f 1081/660/1202 1088/722/1265 1069/724/1267
f 1115/727/1270 1094/663/1205 1110/728/1271
f 1110/728/1271 1094/663/1205 1089/664/1206
f 1115/727/1270 1117/665/1207 1094/663/1205
f 1108/672/1214 1088/722/1265 1081/660/1202
f 1068/723/1266 1065/686/1229 1066/679/1221
f 1134/720/1263 1136/721/1264 1149/644/1186
f 1192/696/1239 1195/704/1247 1308/729/1272
f 1180/730/1273 1191/731/1274 1205/732/1275
f 1069/724/1267 1066/679/1221 1071/678/1220
f 1195/704/1247 1194/709/1252 1308/729/1272
f 1174/708/1251 1180/730/1273 1189/706/1249
f 1308/729/1272 1304/697/1240 1192/696/1239
f 1081/660/1202 1069/724/1267 1075/726/1269
f 1075/726/1269 1069/724/1267 1071/678/1220
f 1143/657/1199 1134/720/1263 1149/644/1186
f 1089/664/1206 1085/661/1203 1082/725/1268
f 1085/661/1203 1075/726/1269 1082/725/1268
f 1085/661/1203 1081/660/1202 1075/726/1269
f 1140/733/1276 1123/658/1200 1125/734/1277
f 1112/653/1195 1107/662/1204 1123/658/1200
f 1123/658/1200 1107/662/1204 1125/734/1277
f 1148/735/1278 1167/736/1279 1163/737/1280
f 1137/669/1211 1121/652/1194 1140/733/1281
f 1121/652/1194 1123/658/1200 1140/733/1281
f 1140/733/1282 1153/738/1283 1148/735/1278
f 1125/734/1277 1144/643/1284 1140/733/1276
f 1140/733/1282 1144/643/1285 1153/738/1283
f 1107/662/1204 1104/649/1191 1125/734/1277
f 1153/738/1283 1156/642/1286 1169/739/1287
f 1137/669/1211 1140/733/1282 1148/735/1278
f 1131/668/1210 1137/669/1211 1148/735/1278
f 1172/690/1288 1184/691/1289 1185/740/1290
f 1167/736/1279 1169/739/1291 1181/741/1292
f 1148/735/1278 1153/738/1283 1167/736/1279
f 1209/742/1293 1199/743/1294 1190/744/1295
f 1218/745/1296 1190/744/1295 1179/645/1187
f 1169/739/1287 1172/690/1288 1185/740/1290
f 1138/746/1297 1148/735/1278 1160/747/1298
f 1148/735/1278 1163/737/1280 1160/747/1298
f 1169/739/1291 1185/740/1299 1181/741/1292
f 1153/738/1283 1169/739/1287 1167/736/1279
f 1156/642/1286 1172/690/1288 1169/739/1287
f 1131/668/1210 1148/735/1278 1138/746/1297
f 1163/737/1280 1167/736/1279 1181/741/1292
f 1160/747/1298 1163/737/1280 1181/741/1292
f 1146/748/1300 1127/674/1216 1131/668/1210
f 1131/668/1210 1138/746/1297 1146/748/1300
f 1138/746/1297 1158/749/1301 1146/748/1300
f 1138/746/1297 1160/747/1298 1158/749/1301
f 1146/748/1300 1171/750/1302 1165/751/1303
f 1171/750/1302 1146/748/1300 1158/749/1301
f 1171/750/1302 1158/749/1301 1160/747/1298
f 1160/747/1298 1181/741/1292 1171/750/1302
f 1191/731/1274 1177/752/1304 1207/753/1305
f 1215/754/1306 1207/753/1305 1177/752/1304
f 1240/755/1307 1250/756/1308 1251/757/1309
f 1187/758/1310 1182/759/1311 1171/750/1302
f 1177/752/1304 1182/759/1311 1215/754/1306
f 1165/751/1303 1171/750/1302 1177/752/1304
f 1144/643/1285 1156/642/1286 1153/738/1283
f 1182/759/1311 1206/760/1312 1215/754/1306
f 1182/759/1311 1187/758/1310 1206/760/1312
f 1252/761/1313 1234/762/1314 1244/763/1315
f 1171/750/1302 1181/741/1292 1187/758/1310
f 1252/761/1313 1244/763/1315 1251/757/1316
f 1182/759/1311 1177/752/1304 1171/750/1302
f 1251/757/1309 1239/764/1317 1240/755/1307
f 1239/764/1317 1251/757/1309 1244/763/1315
f 1244/763/1315 1229/765/1318 1233/766/1319
f 1220/767/1320 1231/768/1321 1223/769/1322
f 1231/768/1321 1233/766/1319 1223/769/1322
f 1211/770/1323 1210/771/1324 1223/769/1325
f 1210/771/1324 1211/770/1323 1196/772/1326
f 1196/772/1326 1200/773/1327 1210/771/1324
f 1234/762/1314 1225/774/1328 1229/765/1318
f 1229/765/1318 1215/754/1306 1222/775/1329
f 1215/754/1306 1229/765/1318 1225/774/1328
f 1231/768/1321 1240/755/1307 1233/766/1319
f 1240/755/1307 1239/764/1317 1233/766/1319
f 1233/766/1319 1239/764/1317 1244/763/1315
f 1209/742/1330 1210/771/1324 1200/773/1327
f 1086/683/1226 1106/676/1218 1109/681/1224
f 1211/770/1323 1206/760/1312 1196/772/1326
f 1196/772/1326 1187/758/1310 1181/741/1292
f 1106/676/1218 1072/689/1232 1070/684/1227
f 1106/676/1218 1124/675/1217 1122/776/1331
f 1122/776/1331 1109/681/1224 1106/676/1218
f 1206/760/1312 1211/770/1323 1222/775/1329
f 1220/767/1332 1223/769/1325 1210/771/1324
f 1210/771/1324 1209/742/1330 1220/767/1332
f 1223/769/1325 1222/775/1329 1211/770/1323
f 1187/758/1310 1196/772/1326 1206/760/1312
f 1222/775/1329 1215/754/1306 1206/760/1312
f 1185/740/1333 1184/691/1334 1199/743/1335
f 1220/767/1336 1209/742/1293 1218/745/1296
f 1200/773/1327 1199/743/1335 1209/742/1330
f 1246/777/1337 1242/778/1338 1238/779/1339
f 1207/753/1305 1236/780/1340 1238/779/1339
f 1199/743/1335 1200/773/1327 1185/740/1333
f 1199/743/1294 1184/691/1234 1175/646/1188
f 1190/744/1295 1175/646/1188 1179/645/1187
f 1218/745/1296 1209/742/1293 1190/744/1295
f 1200/773/1327 1196/772/1326 1181/741/1292
f 1181/741/1292 1185/740/1341 1200/773/1327
f 1190/744/1295 1199/743/1294 1175/646/1188
f 1238/779/1339 1248/781/1342 1246/777/1337
f 1179/645/1187 1154/656/1198 1162/782/1343
f 1236/780/1340 1252/761/1313 1247/783/1344
f 1248/781/1342 1238/779/1339 1247/783/1344
f 1223/769/1325 1233/766/1319 1229/765/1318
f 1229/765/1318 1222/775/1329 1223/769/1325
f 1229/765/1318 1244/763/1315 1234/762/1314
f 1236/780/1340 1247/783/1344 1238/779/1339
f 1242/778/1338 1237/784/1345 1238/779/1339
f 1189/706/1249 1180/730/1273 1205/732/1275
f 1218/745/1296 1162/782/1343 1216/785/1346
f 1162/782/1343 1218/745/1296 1179/645/1187
f 1188/786/1347 1216/785/1346 1162/782/1343
f 1247/783/1344 1252/761/1348 1249/787/1349
f 1231/768/1350 1228/788/1351 1245/789/1352
f 1245/789/1353 1240/755/1307 1231/768/1321
f 1232/790/1354 1228/788/1351 1218/745/1296
f 1249/787/1349 1246/777/1337 1248/781/1342
f 1249/787/1349 1248/781/1342 1247/783/1344
f 1068/723/1266 1088/722/1265 1078/791/1355
f 1073/667/1356 1078/791/1355 1080/792/1357
f 1102/793/1358 1080/792/1357 1078/791/1355
f 1245/789/1353 1250/756/1359 1240/755/1307
f 1078/791/1355 1073/667/1356 1064/687/1230
f 1064/687/1230 1065/686/1229 1068/723/1266
f 1218/745/1296 1216/785/1346 1232/790/1354
f 1143/657/1199 1084/794/1360 1105/795/1361
f 1144/643/1185 1125/734/1362 1143/657/1199
f 1105/795/1361 1134/720/1263 1143/657/1199
f 1250/756/1359 1249/787/1363 1253/796/1364
f 1250/756/1365 1253/796/1366 1252/761/1367
f 1073/667/1368 1080/792/1369 1084/794/1360
f 1220/767/1336 1218/745/1296 1228/788/1351
f 1228/788/1351 1231/768/1350 1220/767/1336
f 1243/797/1370 1250/756/1359 1245/789/1353
f 1080/792/1369 1102/793/1371 1105/795/1361
f 1105/795/1361 1084/794/1360 1080/792/1369
f 1232/790/1354 1245/789/1352 1228/788/1351
f 1141/798/1372 1290/799/1373 1155/800/1374
f 1284/801/1375 1130/802/1376 1276/803/1377
f 1130/802/1376 1116/804/1378 1276/803/1377
f 1093/805/1379 1100/806/1380 1089/664/1206
f 1100/806/1380 1110/728/1271 1089/664/1206
f 1264/807/1381 1268/808/1382 1097/809/1383
f 1128/810/1384 1110/728/1271 1116/804/1378
f 1271/811/1385 1276/803/1377 1111/812/1386
f 1276/803/1377 1116/804/1378 1111/812/1386
f 1290/799/1373 1166/694/1237 1168/718/1261
f 1168/718/1261 1155/800/1374 1290/799/1373
f 1290/799/1373 1141/798/1372 1284/801/1375
f 1264/807/1381 1097/809/1383 1099/813/1387
f 1078/791/1355 1108/672/1214 1126/671/1213
f 1100/806/1380 1116/804/1378 1110/728/1271
f 1101/814/1388 1111/812/1386 1093/805/1379
f 1078/791/1355 1126/671/1213 1102/793/1358
f 1064/687/1230 1068/723/1266 1078/791/1355
f 1088/722/1265 1108/672/1214 1078/791/1355
f 1111/812/1386 1116/804/1378 1100/806/1380
f 1268/808/1382 1101/814/1388 1097/809/1383
f 1265/815/1389 1264/807/1381 1099/813/1387
f 1111/812/1386 1100/806/1380 1093/805/1379
f 1268/808/1382 1271/811/1385 1101/814/1388
f 1271/811/1385 1111/812/1386 1101/814/1388
f 1076/816/1390 1092/685/1228 1067/688/1231
f 1076/816/1390 1067/688/1231 1073/667/1391
f 1067/688/1231 1064/687/1230 1073/667/1391
f 1084/794/1360 1143/657/1199 1125/734/1362
f 1125/734/1362 1104/649/1392 1084/794/1360
f 1073/667/1368 1084/794/1360 1083/648/1393
f 1129/670/1394 1115/727/1394 1110/728/1394
f 1154/656/1198 1136/721/1264 1133/817/1395
f 1133/817/1395 1136/721/1264 1110/728/1396
f 1090/654/1196 1120/650/1223 1076/816/1390
f 1120/650/1223 1092/685/1228 1076/816/1390
f 1090/654/1196 1076/816/1390 1079/666/1397
f 1090/654/1196 1118/651/1193 1120/650/1223
f 1079/666/1397 1076/816/1390 1073/667/1391
f 1124/675/1217 1127/674/1216 1146/748/1300
f 1122/776/1331 1124/675/1217 1146/748/1300
f 1122/776/1331 1146/748/1300 1165/751/1303
f 1165/751/1303 1180/730/1273 1164/818/1398
f 1165/751/1303 1164/818/1398 1150/716/1259
f 1177/752/1304 1191/731/1274 1180/730/1273
f 1083/648/1393 1084/794/1360 1104/649/1392
f 1131/668/1210 1127/674/1399 1120/650/1192
f 1177/752/1304 1180/730/1273 1165/751/1303
f 1139/714/1257 1122/776/1331 1165/751/1303
f 1165/751/1303 1150/716/1259 1139/714/1257
f 1241/819/1400 1235/820/1401 1246/777/1402
f 1235/820/1401 1241/819/1400 1226/821/1403
f 1243/797/1370 1226/821/1403 1241/819/1400
f 1226/821/1403 1227/822/1404 1235/820/1401
f 1226/821/1403 1188/786/1347 1227/822/1404
f 1246/777/1402 1249/787/1363 1241/819/1400
f 1102/793/1371 1126/671/1213 1134/720/1263
f 1134/720/1263 1105/795/1361 1102/793/1371
f 1253/796/1405 1249/787/1349 1252/761/1348
f 1226/821/1403 1243/797/1370 1216/785/1346
f 1216/785/1346 1188/786/1347 1226/821/1403
f 1250/756/1365 1252/761/1367 1251/757/1406
f 1242/778/1407 1246/777/1402 1235/820/1401
f 1234/762/1314 1252/761/1313 1236/780/1340
f 1243/797/1370 1232/790/1354 1216/785/1346
f 1243/797/1370 1245/789/1353 1232/790/1408
f 1136/721/1264 1126/671/1213 1129/670/1212
f 1129/670/1212 1117/665/1207 1115/727/1270
f 1136/721/1264 1129/670/1212 1110/728/1396
f 1237/784/1345 1242/778/1407 1235/820/1401
f 1249/787/1363 1250/756/1359 1243/797/1370
f 1243/797/1370 1241/819/1400 1249/787/1363
f 1215/754/1306 1225/774/1328 1207/753/1305
f 1225/774/1328 1234/762/1314 1207/753/1305
f 1207/753/1305 1234/762/1314 1236/780/1340
f 1224/823/1409 1235/820/1401 1227/822/1404
f 1178/693/1410 1193/702/1411 1186/824/1412
f 1193/702/1411 1202/825/1413 1186/824/1412
f 1186/824/1414 1202/825/1413 1170/826/1415
f 1202/825/1413 1214/827/1416 1170/826/1415
f 1168/718/1417 1178/693/1410 1170/826/1415
f 1178/693/1410 1186/824/1412 1170/826/1415
f 1170/826/1415 1214/827/1416 1204/828/1418
f 1204/828/1418 1214/827/1416 1227/822/1404
f 1204/828/1418 1227/822/1404 1188/786/1347
f 1188/786/1347 1157/829/1419 1204/828/1418
f 1157/829/1419 1188/786/1347 1162/782/1343
f 1154/656/1198 1133/817/1395 1110/728/1396
f 1155/800/1420 1157/829/1419 1147/830/1421
f 1170/826/1415 1204/828/1418 1157/829/1419
f 1157/829/1419 1162/782/1343 1154/656/1198
f 1217/831/1422 1221/832/1423 1230/833/1424
f 1168/718/1417 1170/826/1415 1157/829/1419
f 1157/829/1419 1155/800/1420 1168/718/1417
f 1290/799/1373 1294/834/1425 1166/694/1237
f 1147/830/1421 1141/798/1426 1155/800/1420
f 1147/830/1421 1154/656/1198 1110/728/1396
f 1157/829/1419 1154/656/1198 1147/830/1421
f 1141/798/1426 1147/830/1421 1128/810/1427
f 1128/810/1427 1147/830/1421 1110/728/1396
f 1161/835/1428 1180/730/1273 1174/708/1251
f 1180/730/1273 1151/712/1255 1164/818/1398
f 1132/713/1256 1142/711/1254 1145/710/1253
f 1301/703/1246 1297/836/1429 1183/695/1238
f 1297/836/1429 1173/707/1250 1183/695/1238
f 1173/707/1250 1161/835/1428 1174/708/1251
f 1278/837/1430 1135/838/1431 1145/710/1253
f 1145/710/1253 1135/838/1431 1132/713/1256
f 1139/714/1257 1132/713/1256 1122/776/1331
f 1289/839/1432 1282/840/1433 1145/710/1253
f 1145/710/1253 1152/717/1260 1289/839/1432
f 1282/840/1433 1278/837/1430 1145/710/1253
f 1151/712/1255 1150/716/1259 1164/818/1398
f 1302/701/1244 1197/700/1243 1298/841/1434
f 1308/729/1272 1194/709/1252 1307/842/1435
f 1194/709/1252 1302/701/1244 1307/842/1435
f 1298/841/1434 1197/700/1243 1294/834/1425
f 1197/700/1243 1176/692/1235 1294/834/1425
f 1294/834/1425 1176/692/1235 1166/694/1237
f 1293/843/1436 1289/839/1432 1152/717/1260
f 1152/717/1260 1161/835/1428 1293/843/1436
f 1161/835/1428 1152/717/1260 1180/730/1273
f 1152/717/1260 1151/712/1255 1180/730/1273
f 1297/836/1429 1293/843/1436 1161/835/1428
f 1161/835/1428 1173/707/1250 1297/836/1429
f 1097/809/1383 1087/844/1437 1077/680/1222
f 1087/844/1437 1082/725/1268 1077/680/1222
f 1097/809/1383 1101/814/1388 1087/844/1437
f 1119/845/1438 1132/713/1256 1135/838/1431
f 1119/845/1438 1113/846/1439 1095/682/1225
f 1093/805/1379 1089/664/1206 1082/725/1268
f 1103/847/1440 1099/813/1440 1113/846/1440
f 1099/813/1387 1097/809/1383 1074/677/1219
f 1270/848/1441 1265/815/1389 1103/847/1442
f 1101/814/1388 1093/805/1379 1087/844/1437
f 1087/844/1437 1093/805/1379 1082/725/1268
f 1270/848/1441 1103/847/1442 1113/846/1439
f 1119/845/1438 1135/838/1431 1278/837/1430
f 1275/849/1443 1272/850/1444 1113/846/1439
f 1113/846/1439 1119/845/1438 1275/849/1443
f 1278/837/1430 1275/849/1443 1119/845/1438
f 1130/802/1376 1284/801/1375 1141/798/1372
f 1141/798/1372 1128/810/1384 1130/802/1376
f 1116/804/1378 1130/802/1376 1128/810/1384
f 1095/682/1225 1109/681/1224 1119/845/1438
f 1132/713/1256 1119/845/1438 1109/681/1224
f 1109/681/1224 1122/776/1331 1132/713/1256
f 1097/809/1383 1077/680/1222 1074/677/1219
f 1113/846/1439 1099/813/1387 1095/682/1225
f 1095/682/1225 1099/813/1387 1074/677/1219
f 1191/731/1274 1207/753/1305 1238/779/1339
f 1198/698/1241 1189/706/1249 1217/831/1422
f 1189/706/1249 1205/732/1275 1217/831/1422
f 1202/825/1413 1213/851/1445 1214/827/1416
f 1221/832/1423 1205/732/1275 1238/779/1339
f 1205/732/1275 1191/731/1274 1238/779/1339
f 1212/715/1258 1230/833/1424 1237/784/1345
f 1198/698/1241 1217/831/1422 1212/715/1258
f 1212/715/1258 1217/831/1422 1230/833/1424
f 1217/831/1422 1205/732/1275 1221/832/1423
f 1208/699/1242 1212/715/1258 1219/852/1446
f 1219/852/1446 1212/715/1258 1237/784/1345
f 1203/719/1262 1213/851/1445 1202/825/1413
f 1213/851/1445 1219/852/1446 1224/823/1409
f 1219/852/1446 1237/784/1345 1224/823/1409
f 1221/832/1423 1238/779/1339 1230/833/1424
f 1265/815/1389 1099/813/1387 1103/847/1442
f 1272/850/1444 1270/848/1441 1113/846/1439
f 1208/699/1242 1219/852/1446 1213/851/1445
f 1224/823/1409 1237/784/1345 1235/820/1401
f 1214/827/1416 1224/823/1409 1227/822/1404
f 1193/702/1411 1203/719/1262 1202/825/1413
f 1230/833/1424 1238/779/1339 1237/784/1345
f 1203/719/1262 1208/699/1242 1213/851/1445
f 1213/851/1445 1224/823/1409 1214/827/1416
f 1301/703/1246 1304/697/1240 1306/853/1447
f 1295/854/1448 1296/855/1449 1300/856/1450
f 1300/856/1450 1305/857/1451 1295/854/1448
f 1306/853/1447 1304/697/1240 1310/858/1452
f 1293/843/1436 1297/836/1429 1296/855/1449
f 1305/857/1451 1300/856/1450 1313/859/1453
f 1300/856/1450 1306/853/1447 1313/859/1453
f 1346/860/1454 1258/861/1455 1273/862/1456
f 1277/863/1457 1273/862/1456 1275/849/1443
f 1258/861/1455 1266/864/1458 1273/862/1456
f 1273/862/1456 1266/864/1458 1275/849/1443
f 1273/862/1456 1277/863/1457 1350/865/1459
f 1341/866/1460 1337/867/1461 1346/860/1454
f 1337/867/1461 1258/861/1455 1346/860/1454
f 1350/865/1459 1346/860/1454 1273/862/1456
f 1313/859/1453 1306/853/1447 1377/868/1462
f 1313/859/1453 1376/869/1463 1369/870/1464
f 1376/869/1463 1313/859/1453 1377/868/1462
f 1310/858/1452 1308/729/1272 1311/871/1465
f 1377/868/1462 1310/858/1452 1379/872/1466
f 1310/858/1452 1311/871/1465 1379/872/1466
f 1304/697/1240 1308/729/1272 1310/858/1452
f 1364/873/1467 1295/854/1448 1305/857/1451
f 1300/856/1450 1301/703/1246 1306/853/1447
f 1292/874/1468 1296/855/1449 1295/854/1448
f 1296/855/1449 1292/874/1468 1293/843/1436
f 1297/836/1429 1301/703/1246 1300/856/1450
f 1305/857/1451 1369/870/1464 1364/873/1467
f 1369/870/1464 1305/857/1451 1313/859/1453
f 1296/855/1449 1297/836/1429 1300/856/1450
f 1266/864/1458 1272/850/1444 1275/849/1443
f 1291/875/1469 1283/876/1470 1285/877/1471
f 1285/877/1471 1292/874/1468 1291/875/1469
f 1350/865/1459 1283/876/1470 1354/878/1472
f 1295/854/1448 1287/879/1473 1291/875/1469
f 1292/874/1468 1285/877/1471 1289/839/1474
f 1289/839/1474 1293/843/1436 1292/874/1468
f 1295/854/1448 1291/875/1469 1292/874/1468
f 1277/863/1457 1280/880/1475 1350/865/1459
f 1280/880/1475 1277/863/1457 1278/837/1430
f 1278/837/1430 1282/840/1433 1280/880/1475
f 1283/876/1470 1350/865/1459 1280/880/1475
f 1282/840/1433 1289/839/1474 1285/877/1471
f 1275/849/1443 1278/837/1430 1277/863/1457
f 1280/880/1475 1285/877/1471 1283/876/1470
f 1285/877/1471 1280/880/1475 1282/840/1433
f 1335/881/1476 1255/882/1477 1258/861/1455
f 1255/882/1477 1254/883/1478 1262/884/1479
f 1262/884/1479 1270/848/1441 1272/850/1444
f 1337/867/1461 1335/881/1476 1258/861/1455
f 1254/883/1478 1260/885/1480 1262/884/1479
f 1262/884/1479 1260/885/1480 1270/848/1441
f 1260/885/1480 1265/815/1389 1270/848/1441
f 1258/861/1455 1255/882/1477 1266/864/1458
f 1287/879/1473 1295/854/1448 1364/873/1467
f 1354/878/1472 1287/879/1473 1357/886/1481
f 1287/879/1473 1354/878/1472 1283/876/1470
f 1364/873/1467 1357/886/1481 1287/879/1473
f 1255/882/1477 1262/884/1479 1266/864/1458
f 1266/864/1458 1262/884/1479 1272/850/1444
f 1283/876/1470 1291/875/1469 1287/879/1473
f 1306/853/1447 1310/858/1452 1377/868/1462
f 1288/887/1482 1281/888/1483 1279/889/1484
f 1276/803/1377 1267/890/1485 1284/801/1375
f 1279/889/1484 1281/888/1483 1274/891/1486
f 1274/891/1486 1284/801/1375 1267/890/1485
f 1288/887/1482 1290/799/1373 1281/888/1483
f 1290/799/1373 1284/801/1375 1281/888/1483
f 1281/888/1483 1284/801/1375 1274/891/1486
f 1365/892/1487 1368/893/1488 1303/894/1489
f 1299/895/1490 1303/894/1489 1302/701/1244
f 1302/701/1244 1298/841/1434 1299/895/1490
f 1338/896/1491 1342/897/1492 1257/898/1493
f 1303/894/1489 1299/895/1490 1365/892/1487
f 1359/899/1494 1365/892/1487 1299/895/1490
f 1299/895/1490 1294/834/1425 1359/899/1494
f 1294/834/1425 1299/895/1490 1298/841/1434
f 1312/900/1495 1379/872/1466 1311/871/1465
f 1311/871/1465 1309/901/1496 1312/900/1495
f 1309/901/1496 1303/894/1489 1368/893/1488
f 1312/900/1495 1368/893/1488 1372/902/1497
f 1309/901/1496 1311/871/1465 1308/729/1272
f 1308/729/1272 1307/842/1435 1309/901/1496
f 1368/893/1488 1312/900/1495 1309/901/1496
f 1303/894/1489 1309/901/1496 1307/842/1435
f 1294/834/1425 1288/887/1482 1286/903/1498
f 1286/903/1498 1288/887/1482 1279/889/1484
f 1294/834/1425 1290/799/1373 1288/887/1482
f 1359/899/1494 1294/834/1425 1286/903/1498
f 1307/842/1435 1302/701/1244 1303/894/1489
f 1372/902/1497 1375/904/1499 1312/900/1495
f 1379/872/1466 1312/900/1495 1375/904/1499
f 1342/897/1492 1344/905/1500 1259/906/1501
f 1336/907/1502 1256/908/1503 1254/883/1478
f 1256/908/1503 1257/898/1493 1261/909/1504
f 1257/898/1493 1263/910/1505 1261/909/1504
f 1269/911/1506 1271/811/1385 1268/808/1382
f 1336/907/1502 1338/896/1491 1256/908/1503
f 1338/896/1491 1257/898/1493 1256/908/1503
f 1263/910/1505 1269/911/1506 1268/808/1382
f 1334/912/1507 1336/907/1502 1254/883/1478
f 1274/891/1486 1267/890/1485 1344/905/1500
f 1352/913/1508 1279/889/1484 1348/914/1509
f 1279/889/1484 1274/891/1486 1348/914/1509
f 1348/914/1509 1274/891/1486 1344/905/1500
f 1359/899/1494 1286/903/1498 1356/915/1510
f 1356/915/1510 1286/903/1498 1352/913/1508
f 1286/903/1498 1279/889/1484 1352/913/1508
f 1342/897/1492 1259/906/1501 1257/898/1493
f 1259/906/1501 1267/890/1485 1269/911/1506
f 1269/911/1506 1267/890/1485 1271/811/1385
f 1259/906/1501 1269/911/1506 1263/910/1505
f 1344/905/1500 1267/890/1485 1259/906/1501
f 1267/890/1485 1276/803/1377 1271/811/1385
f 1257/898/1493 1259/906/1501 1263/910/1505
f 1256/908/1503 1261/909/1504 1260/885/1480
f 1254/883/1478 1256/908/1503 1260/885/1480
f 1334/912/1507 1254/883/1478 1255/882/1477
f 1335/881/1476 1334/912/1507 1255/882/1477
f 1263/910/1505 1268/808/1382 1264/807/1381
f 1260/885/1480 1261/909/1504 1265/815/1389
f 1261/909/1504 1264/807/1381 1265/815/1389
f 1261/909/1504 1263/910/1505 1264/807/1381
f 371/233/1511 1352/913/1508 352/239/1512
f 1356/915/1510 1352/913/1508 371/233/1511
f 1377/868/1462 1381/916/1513 1376/869/1463
f 392/221/535 1356/915/1510 371/233/1511
f 402/219/534 1360/917/1514 392/221/535
f 1360/917/1514 1358/918/1515 392/221/535
f 1358/918/1515 1356/915/1510 392/221/535
f 455/171/551 1385/919/1516 460/247/563
f 1370/920/1517 1369/870/1464 1376/869/1463
f 453/262/584 1386/921/1518 1384/922/1519
f 1386/921/1518 1381/916/1513 1384/922/1519
f 1371/923/1520 1370/920/1517 1376/869/1463
f 460/247/563 1385/919/1516 1386/921/1518
f 1385/919/1516 1383/924/1521 1386/921/1518
f 1383/924/1521 1371/923/1520 1376/869/1463
f 1328/925/1522 1327/926/1523 1337/867/1461
f 1327/926/1523 1335/881/1476 1337/867/1461
f 1327/926/1523 1326/927/1524 1335/881/1476
f 329/251/557 347/238/556 1342/897/1492
f 1326/927/1524 1322/243/520 1325/235/524
f 1325/235/524 1329/928/1525 1326/927/1524
f 1329/928/1525 1325/235/524 1332/250/558
f 1326/927/1524 1334/912/1507 1335/881/1476
f 1352/913/1508 1348/914/1509 352/239/1512
f 352/239/1512 1348/914/1509 347/238/556
f 1348/914/1509 1344/905/1500 347/238/556
f 1329/928/1525 1336/907/1502 1334/912/1507
f 1332/250/558 1338/896/1491 1336/907/1502
f 1329/928/1525 1332/250/558 1336/907/1502
f 1326/927/1524 1329/928/1525 1334/912/1507
f 1333/929/1526 1328/925/1522 1341/866/1460
f 1328/925/1522 1337/867/1461 1341/866/1460
f 1357/886/1481 1349/930/1527 1354/878/1472
f 1340/931/1528 1333/929/1526 1341/866/1460
f 1371/923/1520 1361/932/1529 1370/920/1517
f 1340/931/1528 1341/866/1460 1346/860/1454
f 1346/860/1454 1350/865/1459 1340/931/1528
f 1350/865/1459 1354/878/1472 1349/930/1527
f 1318/899/1530 1319/918/1531 1320/915/1532
f 1316/933/1533 1319/918/1531 1317/892/1534
f 1318/899/1530 1317/892/1534 1319/918/1531
f 1317/892/1534 1315/893/1535 1316/933/1533
f 1340/931/1528 1350/865/1459 1345/934/1536
f 1349/930/1527 1345/934/1536 1350/865/1459
f 1314/902/1537 1316/933/1533 1315/893/1535
f 410/169/486 1362/935/1538 1371/923/1520
f 1362/935/1538 1361/932/1529 1371/923/1520
f 455/171/551 433/172/481 1385/919/1516
f 1383/924/1521 1376/869/1463 1381/916/1513
f 1384/922/1519 1381/916/1513 1382/936/1539
f 460/247/563 1386/921/1518 453/262/584
f 1386/921/1518 1383/924/1521 1381/916/1513
f 1381/916/1513 1377/868/1462 1379/872/1466
f 1363/937/1540 1364/873/1467 1369/870/1464
f 433/172/481 1371/923/1520 1385/919/1516
f 1385/919/1516 1371/923/1520 1383/924/1521
f 1370/920/1517 1363/937/1540 1369/870/1464
f 1379/872/1466 1382/936/1539 1381/916/1513
f 433/172/481 410/169/486 1371/923/1520
f 1361/932/1529 1363/937/1540 1370/920/1517
f 1330/295/607 1340/931/1528 1339/938/1541
f 1340/931/1528 1345/934/1536 1339/938/1541
f 1339/938/1541 1345/934/1536 1347/939/1542
f 1330/295/607 1339/938/1541 1331/296/608
f 1324/290/605 1323/291/604 1328/925/1522
f 1328/925/1522 1333/929/1526 1324/290/605
f 1345/934/1536 1349/930/1527 1347/939/1542
f 1321/280/601 1322/243/520 1327/926/1523
f 1331/296/608 1343/940/1543 340/293/609
f 333/176/478 340/293/609 1351/941/1544
f 1351/941/1544 369/170/483 333/176/478
f 340/293/609 1343/940/1543 1351/941/1544
f 1322/243/520 1326/927/1524 1327/926/1523
f 1323/291/604 1321/280/601 1327/926/1523
f 1327/926/1523 1328/925/1522 1323/291/604
f 1378/942/1545 1375/904/1499 1372/902/1497
f 1378/942/1545 1382/936/1539 1375/904/1499
f 1382/936/1539 1379/872/1466 1375/904/1499
f 1373/943/1546 1378/942/1545 1372/902/1497
f 1367/944/1547 1373/943/1546 1366/933/1548
f 1373/943/1546 1372/902/1497 1366/933/1548
f 1366/933/1548 1372/902/1497 1368/893/1488
f 1358/918/1515 1359/899/1494 1356/915/1510
f 1366/933/1548 1358/918/1515 1360/917/1514
f 1330/295/607 1324/290/605 1333/929/1526
f 1333/929/1526 1340/931/1528 1330/295/607
f 1360/917/1514 1367/944/1547 1366/933/1548
f 1358/918/1515 1366/933/1548 1365/892/1487
f 1365/892/1487 1359/899/1494 1358/918/1515
f 1368/893/1488 1365/892/1487 1366/933/1548
f 1373/943/1546 1374/945/1549 1380/946/1550
f 1360/917/1514 402/219/534 1374/945/1549
f 422/283/595 1374/945/1549 402/219/534
f 1380/946/1550 1378/942/1545 1373/943/1546
f 1380/946/1550 439/261/585 453/262/584
f 439/261/585 1380/946/1550 1374/945/1549
f 1378/942/1545 1380/946/1550 1384/922/1519
f 1374/945/1549 422/283/595 439/261/585
f 1332/250/558 329/251/557 1338/896/1491
f 329/251/557 1342/897/1492 1338/896/1491
f 347/238/556 1344/905/1500 1342/897/1492
f 1384/922/1519 1382/936/1539 1378/942/1545
f 1374/945/1549 1373/943/1546 1367/944/1547
f 1374/945/1549 1367/944/1547 1360/917/1514
f 1362/935/1538 410/169/486 369/170/483
f 1349/930/1527 1357/886/1481 1355/947/1551
f 1355/947/1551 1357/886/1481 1363/937/1540
f 1357/886/1481 1364/873/1467 1363/937/1540
f 1361/932/1529 1362/935/1538 1351/941/1544
f 369/170/483 1351/941/1544 1362/935/1538
f 1343/940/1543 1353/948/1552 1351/941/1544
f 1351/941/1544 1353/948/1552 1361/932/1529
f 1331/296/608 1339/938/1541 1343/940/1543
f 1347/939/1542 1355/947/1551 1353/948/1552
f 1353/948/1552 1355/947/1551 1361/932/1529
f 453/262/584 1384/922/1519 1380/946/1550
f 1343/940/1543 1347/939/1542 1353/948/1552
f 1339/938/1541 1347/939/1542 1343/940/1543
f 1347/939/1542 1349/930/1527 1355/947/1551
f 1355/947/1551 1363/937/1540 1361/932/1529
f 1461/949/1553 1460/950/1554 1475/951/1555
f 1476/952/1556 1461/949/1553 1475/951/1555
f 1473/953/1557 1459/954/1558 896/432/959
f 1475/951/1555 1460/950/1554 1473/953/1557
f 1428/384/745 1427/955/1559 1436/956/1560
f 1492/957/1561 1490/958/1562 1502/959/1563
f 1502/959/1563 1504/960/1564 1492/957/1561
f 1459/954/1558 781/527/889 845/431/958
f 1455/961/1565 781/527/889 1459/954/1558
f 1460/950/1554 1455/961/1565 1459/954/1558
f 1454/962/1566 1455/961/1565 1460/950/1554
f 1490/958/1562 1492/957/1561 1478/963/1567
f 1460/950/1554 1459/954/1558 1473/953/1557
f 1461/949/1553 1454/962/1566 1460/950/1554
f 1478/963/1567 1476/952/1556 1490/958/1562
f 1418/964/1568 1437/965/1569 1429/966/1570
f 1446/967/1571 1445/968/1572 1453/969/1573
f 1444/970/1574 1445/968/1572 1434/971/1575
f 1437/965/1569 1451/972/1576 1444/970/1574
f 1436/956/1560 1446/967/1571 734/450/812
f 1451/972/1576 1453/969/1573 1444/970/1574
f 1429/966/1570 1437/965/1569 1444/970/1574
f 1445/968/1572 1444/970/1574 1453/969/1573
f 1434/971/1575 1436/956/1560 1427/955/1559
f 1436/956/1560 1434/971/1575 1446/967/1571
f 1445/968/1572 1446/967/1571 1434/971/1575
f 1393/959/1577 1391/960/1578 1402/973/1579
f 1391/960/1578 1395/974/1580 1402/973/1579
f 1418/964/1568 1417/975/1581 1437/965/1569
f 1393/959/1577 1402/973/1579 1401/976/1582
f 1459/954/1558 845/431/958 896/432/959
f 1490/958/1562 1489/977/1583 1499/978/1584
f 1502/959/1563 1490/958/1562 1499/978/1584
f 1475/951/1555 1473/953/1557 1488/979/1585
f 1490/958/1562 1476/952/1556 1489/977/1583
f 1473/953/1557 896/432/959 925/425/953
f 1489/977/1583 1475/951/1555 1488/979/1585
f 1476/952/1556 1475/951/1555 1489/977/1583
f 1499/978/1584 1498/980/1586 1496/981/1587
f 1472/955/1588 1466/971/1589 1474/982/1590
f 1466/971/1589 1458/970/1591 1471/966/1592
f 1479/964/1593 1485/983/1594 1471/966/1592
f 1485/983/1594 1491/984/1595 1482/985/1596
f 1496/981/1587 1494/976/1597 1499/978/1584
f 1494/976/1597 1496/981/1587 1485/983/1594
f 1482/985/1596 924/466/989 910/386/922
f 1491/984/1595 1485/983/1594 1496/981/1587
f 1491/984/1595 938/481/1005 924/466/989
f 924/466/989 1482/985/1596 1491/984/1595
f 1497/986/1598 943/430/957 946/482/1006
f 946/482/1006 1501/987/1599 1497/986/1598
f 1501/987/1599 946/482/1006 938/481/1005
f 938/481/1005 1491/984/1595 1501/987/1599
f 1498/980/1586 1497/986/1598 1501/987/1599
f 1499/978/1584 1489/977/1583 1498/980/1586
f 1488/979/1585 925/425/953 1497/986/1598
f 1498/980/1586 1488/979/1585 1497/986/1598
f 1489/977/1583 1488/979/1585 1498/980/1586
f 1501/987/1599 1496/981/1587 1498/980/1586
f 1496/981/1587 1501/987/1599 1491/984/1595
f 1488/979/1585 1473/953/1557 925/425/953
f 1412/983/1600 1405/984/1601 1399/981/1602
f 1403/481/843 1405/984/1601 1410/466/828
f 1415/985/1603 1410/466/828 1405/984/1601
f 632/430/792 1398/986/1604 629/482/844
f 1394/987/1605 629/482/844 1398/986/1604
f 629/482/844 1394/987/1605 1403/481/843
f 1405/984/1601 1403/481/843 1394/987/1605
f 1398/986/1604 1397/980/1606 1394/987/1605
f 1407/977/1607 1396/978/1608 1397/980/1606
f 1409/425/787 1408/979/1609 1398/986/1604
f 1408/979/1609 1397/980/1606 1398/986/1604
f 1408/979/1609 1407/977/1607 1397/980/1606
f 1399/981/1602 1394/987/1605 1397/980/1606
f 1394/987/1605 1399/981/1602 1405/984/1601
f 1425/953/1610 1408/979/1609 1409/425/787
f 1440/949/1611 1422/952/1612 1423/951/1613
f 1442/954/1614 1425/953/1610 1426/432/794
f 781/527/889 1442/954/1614 1443/431/793
f 1441/950/1615 1440/949/1611 1423/951/1613
f 1406/958/1616 1404/957/1617 1393/959/1577
f 1391/960/1578 1393/959/1577 1404/957/1617
f 1441/950/1615 1423/951/1613 1425/953/1610
f 1442/954/1614 1441/950/1615 1425/953/1610
f 1455/961/1565 1441/950/1615 1442/954/1614
f 1455/961/1565 1454/962/1566 1441/950/1615
f 1443/431/793 1442/954/1614 1426/432/794
f 781/527/889 1455/961/1565 1442/954/1614
f 1454/962/1566 1440/949/1611 1441/950/1615
f 1422/952/1612 1419/963/1618 1406/958/1616
f 1404/957/1617 1406/958/1616 1419/963/1618
f 1426/432/794 1425/953/1610 1409/425/787
f 1402/973/1579 1395/974/1580 1418/964/1568
f 1417/975/1581 1418/964/1568 1395/974/1580
f 771/453/815 734/450/812 1446/967/1571
f 1402/973/1579 1412/983/1600 1401/976/1582
f 1396/978/1608 1393/959/1577 1401/976/1582
f 1429/966/1570 1424/982/1619 1412/983/1600
f 1424/982/1619 1429/966/1570 1434/971/1575
f 1446/967/1571 1453/969/1573 771/453/815
f 1415/985/1603 1427/955/1559 1420/386/747
f 1428/384/745 1436/956/1560 1438/385/746
f 1436/956/1560 734/450/812 1438/385/746
f 1418/964/1568 1412/983/1600 1402/973/1579
f 1427/955/1559 1428/384/745 1420/386/747
f 1415/985/1603 1412/983/1600 1424/982/1619
f 1424/982/1619 1427/955/1559 1415/985/1603
f 1406/958/1616 1393/959/1577 1396/978/1608
f 1425/953/1610 1423/951/1613 1408/979/1609
f 1397/980/1606 1396/978/1608 1399/981/1602
f 1407/977/1607 1406/958/1616 1396/978/1608
f 1423/951/1613 1407/977/1607 1408/979/1609
f 1423/951/1613 1422/952/1612 1407/977/1607
f 1422/952/1612 1406/958/1616 1407/977/1607
f 1401/976/1582 1399/981/1602 1396/978/1608
f 1444/970/1574 1434/971/1575 1429/966/1570
f 1412/983/1600 1418/964/1568 1429/966/1570
f 1409/425/787 1398/986/1604 632/430/792
f 1434/971/1575 1427/955/1559 1424/982/1619
f 1399/981/1602 1401/976/1582 1412/983/1600
f 1410/466/828 1415/985/1603 1420/386/747
f 1405/984/1601 1412/983/1600 1415/985/1603
f 1468/988/1620 1469/989/1621 1450/990/1622
f 1503/991/1623 1505/992/1624 1483/993/1625
f 1507/994/1626 1505/992/1624 1503/991/1623
f 1481/995/1627 1483/993/1625 1468/988/1620
f 1483/993/1625 1486/996/1628 1469/989/1621
f 1503/991/1623 1483/993/1625 1481/995/1627
f 1468/988/1620 1465/997/1629 1481/995/1627
f 1504/960/1564 1507/994/1626 1503/991/1623
f 1462/998/1630 1461/949/1553 1476/952/1556
f 1476/952/1556 1478/963/1567 1462/998/1630
f 1452/999/1631 1454/962/1566 1461/949/1553
f 1461/949/1553 1462/998/1630 1452/999/1631
f 1492/957/1561 1503/991/1623 1481/995/1627
f 1503/991/1623 1492/957/1561 1504/960/1564
f 1505/992/1624 1486/996/1628 1483/993/1625
f 1400/340/652 1421/351/663 1413/1000/1632
f 1421/351/663 1433/1001/1633 1413/1000/1632
f 1431/989/1634 1430/347/659 1411/996/1635
f 575/345/657 1448/1002/1636 1433/1001/1633
f 1413/1000/1632 1433/1001/1633 1437/965/1569
f 1395/974/1580 1413/1000/1632 1417/975/1581
f 1421/351/663 575/345/657 1433/1001/1633
f 1430/347/659 565/348/660 1411/996/1635
f 1390/992/1637 1411/996/1635 1389/315/627
f 565/348/660 1389/315/627 1411/996/1635
f 1469/989/1621 1468/988/1620 1483/993/1625
f 1389/315/627 1387/349/661 1390/992/1637
f 1450/990/1622 1449/346/658 1431/989/1634
f 1430/347/659 1431/989/1634 1449/346/658
f 1388/994/1638 1390/992/1637 1387/349/661
f 1481/995/1627 1478/963/1567 1492/957/1561
f 1467/1001/1639 1477/351/710 1484/1000/1640
f 587/345/707 1477/351/710 1467/1001/1639
f 1448/1002/1636 587/345/707 1467/1001/1639
f 1484/1000/1640 1495/340/699 1500/974/1641
f 1477/351/710 1495/340/699 1484/1000/1640
f 1484/1000/1640 1500/974/1641 1480/975/1642
f 1508/335/696 1509/349/712 1507/994/1626
f 1487/348/681 1470/347/708 1486/996/1628
f 1505/992/1624 1507/994/1626 1509/349/712
f 1509/349/712 1506/315/682 1505/992/1624
f 1506/315/682 1487/348/681 1486/996/1628
f 1486/996/1628 1505/992/1624 1506/315/682
f 1470/347/708 1469/989/1621 1486/996/1628
f 1469/989/1621 1470/347/708 1449/346/658
f 1449/346/658 1450/990/1622 1469/989/1621
f 1478/963/1567 1481/995/1627 1465/997/1629
f 587/345/707 1448/1002/1636 1447/320/632
f 1390/992/1637 1388/994/1638 1392/991/1643
f 1465/997/1629 1462/998/1630 1478/963/1567
f 1450/990/1622 1452/999/1631 1465/997/1629
f 1465/997/1629 1468/988/1620 1450/990/1622
f 1462/998/1630 1465/997/1629 1452/999/1631
f 1388/994/1638 1391/960/1578 1392/991/1643
f 1484/1000/1640 1480/975/1642 1463/965/1644
f 1467/1001/1639 1484/1000/1640 1463/965/1644
f 1467/1001/1639 1463/965/1644 1451/972/1576
f 1448/1002/1636 1467/1001/1639 1451/972/1576
f 1500/974/1641 1507/994/1626 1504/960/1564
f 1500/974/1641 1508/335/696 1507/994/1626
f 1508/335/696 1500/974/1641 1495/340/699
f 1451/972/1576 1463/965/1644 1458/970/1591
f 1463/965/1644 1479/964/1593 1471/966/1592
f 1457/968/1645 1456/967/1646 1453/969/1573
f 1463/965/1644 1471/966/1592 1458/970/1591
f 833/450/978 1464/956/1647 863/385/921
f 1456/967/1646 1464/956/1647 833/450/978
f 1453/969/1573 1451/972/1576 1458/970/1591
f 1457/968/1645 1458/970/1591 1466/971/1589
f 1504/960/1564 1502/959/1563 1493/973/1648
f 1464/956/1647 1466/971/1589 1472/955/1588
f 1466/971/1589 1464/956/1647 1456/967/1646
f 1493/973/1648 1502/959/1563 1494/976/1597
f 1458/970/1591 1457/968/1645 1453/969/1573
f 1500/974/1641 1504/960/1564 1493/973/1648
f 1480/975/1642 1479/964/1593 1463/965/1644
f 1485/983/1594 1493/973/1648 1494/976/1597
f 1500/974/1641 1493/973/1648 1479/964/1593
f 1479/964/1593 1480/975/1642 1500/974/1641
f 1471/966/1592 1474/982/1590 1466/971/1589
f 1497/986/1598 925/425/953 943/430/957
f 1502/959/1563 1499/978/1584 1494/976/1597
f 1474/982/1590 1471/966/1592 1485/983/1594
f 833/450/978 771/453/815 1456/967/1646
f 1485/983/1594 1479/964/1593 1493/973/1648
f 1472/955/1588 1482/985/1596 910/386/922
f 1464/956/1647 887/384/920 863/385/921
f 1472/955/1588 1474/982/1590 1482/985/1596
f 1453/969/1573 1456/967/1646 771/453/815
f 887/384/920 1472/955/1588 910/386/922
f 1485/983/1594 1482/985/1596 1474/982/1590
f 1456/967/1646 1457/968/1645 1466/971/1589
f 1419/963/1618 1422/952/1612 1439/998/1649
f 1435/997/1650 1439/998/1649 1452/999/1631
f 1448/1002/1636 575/345/657 1447/320/632
f 1440/949/1611 1439/998/1649 1422/952/1612
f 1439/998/1649 1435/997/1650 1419/963/1618
f 1416/995/1651 1419/963/1618 1435/997/1650
f 1419/963/1618 1416/995/1651 1404/957/1617
f 556/335/647 1395/974/1580 1388/994/1638
f 1387/349/661 556/335/647 1388/994/1638
f 1400/340/652 1413/1000/1632 1395/974/1580
f 1417/975/1581 1413/1000/1632 1437/965/1569
f 1433/1001/1633 1448/1002/1636 1451/972/1576
f 1395/974/1580 556/335/647 1400/340/652
f 1388/994/1638 1395/974/1580 1391/960/1578
f 1437/965/1569 1433/1001/1633 1451/972/1576
f 1452/999/1631 1450/990/1622 1435/997/1650
f 1432/988/1652 1435/997/1650 1450/990/1622
f 1435/997/1650 1432/988/1652 1416/995/1651
f 1432/988/1652 1431/989/1634 1414/993/1653
f 1472/955/1588 887/384/920 1464/956/1647
f 1414/993/1653 1416/995/1651 1432/988/1652
f 1431/989/1634 1432/988/1652 1450/990/1622
f 1404/957/1617 1392/991/1643 1391/960/1578
f 1392/991/1643 1404/957/1617 1416/995/1651
f 1454/962/1566 1452/999/1631 1440/949/1611
f 1439/998/1649 1440/949/1611 1452/999/1631
f 1414/993/1653 1392/991/1643 1416/995/1651
f 1411/996/1635 1390/992/1637 1414/993/1653
f 1390/992/1637 1392/991/1643 1414/993/1653
f 1411/996/1635 1414/993/1653 1431/989/1634
f 1594/538/1654 1588/530/1655 1566/528/1656
f 1570/529/1657 1566/528/1656 1588/530/1655
f 1577/534/1658 1580/532/1659 1562/541/1660
f 1562/541/1660 1566/528/1656 1552/549/1661
f 1542/537/1662 1534/559/1663 1521/576/1664
f 1534/559/1663 1516/578/1665 1521/576/1664
f 1567/539/1666 1559/536/1667 1564/540/1668
f 1566/528/1656 1580/532/1659 1594/538/1654
f 1514/544/1669 1519/547/1670 1532/577/1671
f 1524/603/1672 1519/547/1670 1522/545/1673
f 1515/546/1674 1522/545/1673 1519/547/1670
f 1519/547/1670 1514/544/1669 1515/546/1674
f 1566/528/1656 1562/541/1660 1580/532/1659
f 1522/545/1673 1515/546/1674 1517/548/1675
f 1511/542/1676 1517/548/1675 1515/546/1674
f 1576/550/1677 1563/552/1678 1574/607/1679
f 1562/541/1660 1576/550/1677 1577/534/1658
f 1552/549/1661 1548/555/1680 1562/541/1660
f 1540/556/1681 1537/601/1682 1550/636/1683
f 1576/550/1677 1557/551/1684 1563/552/1678
f 1557/551/1684 1551/553/1685 1563/552/1678
f 1557/551/1684 1548/555/1680 1551/553/1685
f 1552/549/1661 1538/558/1686 1548/555/1680
f 1559/536/1667 1542/537/1662 1564/540/1668
f 1559/536/1667 1554/535/1687 1542/537/1662
f 1554/535/1687 1534/559/1663 1542/537/1662
f 1557/551/1684 1562/541/1660 1548/555/1680
f 1531/557/1688 1548/555/1680 1538/558/1686
f 1548/555/1680 1540/556/1681 1551/553/1685
f 1576/550/1677 1562/541/1660 1557/551/1684
f 1605/561/1689 3/266/285 1602/563/1690
f 1586/562/1691 1605/561/1689 1602/563/1690
f 1/119/119 1601/572/1692 1609/263/281
f 1609/263/281 1602/563/1690 3/266/285
f 1578/574/1693 1560/571/1694 1579/570/1695
f 1558/565/1696 1571/566/1697 1579/570/1695
f 1544/569/1698 1579/570/1695 1560/571/1694
f 1602/563/1690 1609/263/281 1601/572/1692
f 1605/561/1689 1596/564/1699 1614/258/286
f 1601/572/1692 1578/574/1693 1602/563/1690
f 1573/581/1700 1568/632/1701 1561/631/1702
f 1605/561/1689 1614/258/286 3/266/285
f 1579/570/1695 1602/563/1690 1578/574/1693
f 1579/570/1695 1582/575/1703 1602/563/1690
f 1582/575/1703 1586/562/1691 1602/563/1690
f 1510/543/1704 1511/542/1676 1514/544/1669
f 1521/576/1664 1514/544/1705 1532/577/1706
f 1582/575/1703 1571/566/1697 1586/562/1691
f 1515/546/1674 1514/544/1669 1511/542/1676
f 1564/540/1668 1542/537/1662 1521/576/1664
f 1521/576/1664 1516/578/1665 1514/544/1705
f 1516/578/1665 1510/543/1707 1514/544/1705
f 1586/562/1691 1571/566/1697 1587/573/1708
f 1579/570/1695 1544/569/1698 1558/565/1696
f 1571/566/1697 1558/565/1696 1572/567/1709
f 1549/579/1710 1572/567/1709 1558/565/1696
f 1587/573/1708 1596/564/1699 1605/561/1689
f 1572/567/1709 1587/573/1708 1571/566/1697
f 1571/566/1697 1582/575/1703 1579/570/1695
f 1586/562/1691 1587/573/1708 1605/561/1689
f 1607/598/1711 1600/584/1712 1619/585/1713
f 1619/585/1713 1592/583/1714 28/143/1715
f 1575/582/1716 1567/539/1666 1583/586/1717
f 1607/598/1711 1619/585/1713 1624/597/1718
f 1592/583/1714 1583/586/1717 28/143/1715
f 1600/584/1712 1592/583/1714 1619/585/1713
f 1614/258/274 1607/598/1711 1621/596/1719
f 1559/536/1667 1567/539/1666 1575/582/1716
f 1584/588/1720 1599/605/1721 1590/587/1722
f 1599/605/1721 1612/591/1723 1590/587/1722
f 1623/592/1724 1590/587/1722 1612/591/1723
f 1610/594/1725 1618/593/1726 1611/590/1727
f 1575/582/1716 1573/581/1700 1559/536/1667
f 1590/587/1722 1623/592/1724 1583/586/1717
f 28/143/1715 1583/586/1717 1623/592/1724
f 1600/584/1712 1575/582/1716 1592/583/1714
f 1575/582/1716 1583/586/1717 1592/583/1714
f 1621/596/1719 1626/259/275 1614/258/274
f 1595/595/1728 1600/584/1712 1607/598/1711
f 1595/595/1728 1573/581/1700 1600/584/1712
f 1573/581/1700 1575/582/1716 1600/584/1712
f 1627/267/287 1624/597/1718 28/143/143
f 1624/597/1718 1627/267/287 1621/596/1719
f 1629/149/1729 1622/599/1730 35/153/1731
f 1612/591/1723 1622/599/1730 1623/592/1724
f 1622/599/1730 1629/149/1729 1623/592/1724
f 1621/596/1719 1607/598/1711 1624/597/1718
f 1626/259/275 1621/596/1719 1627/267/287
f 28/143/1715 1623/592/1724 1629/149/1729
f 1624/597/1718 1619/585/1713 28/143/1715
f 1527/600/1732 1537/601/1682 1531/557/1688
f 1537/601/1682 1527/600/1732 1535/602/1733
f 1548/555/1680 1531/557/1688 1540/556/1681
f 1540/556/1681 1531/557/1688 1537/601/1682
f 1567/539/1666 1564/540/1668 1570/529/1734
f 1599/605/1721 1584/588/1720 1598/604/1735
f 1588/530/1736 1610/594/1725 1598/604/1735
f 1538/558/1686 1528/560/1737 1531/557/1688
f 1526/554/1738 1535/602/1733 1527/600/1732
f 1531/557/1688 1524/603/1672 1527/600/1732
f 1522/545/1673 1527/600/1732 1524/603/1672
f 1528/560/1737 1519/547/1670 1524/603/1672
f 1524/603/1672 1531/557/1688 1528/560/1737
f 1527/600/1732 1522/545/1673 1526/554/1738
f 1517/548/1675 1526/554/1738 1522/545/1673
f 1611/590/1727 1620/589/1739 1612/591/1723
f 1622/599/1730 1612/591/1723 1620/589/1739
f 1598/604/1735 1584/588/1720 1588/530/1736
f 1620/589/1739 1611/590/1727 1618/593/1726
f 1618/593/1726 34/110/1740 1620/589/1739
f 35/153/1731 1620/589/1739 34/110/1740
f 1620/589/1739 35/153/1731 1622/599/1730
f 1584/588/1720 1567/539/1666 1588/530/1736
f 1611/590/1727 1598/604/1735 1610/594/1725
f 1598/604/1735 1611/590/1727 1599/605/1721
f 1612/591/1723 1599/605/1721 1611/590/1727
f 1583/586/1717 1567/539/1666 1584/588/1720
f 1570/529/1734 1588/530/1736 1567/539/1666
f 1554/535/1687 1559/536/1667 1573/581/1700
f 1584/588/1720 1590/587/1722 1583/586/1717
f 1550/636/1683 1560/571/1694 1578/574/1693
f 1574/607/1679 1585/606/1741 1589/608/1742
f 1578/574/1693 1601/572/1692 1581/611/1743
f 1585/606/1741 1574/607/1679 1581/611/1743
f 1576/550/1677 1574/607/1679 1589/608/1742
f 1581/611/1743 1591/610/1744 1585/606/1741
f 1591/610/1744 1581/611/1743 1601/572/1692
f 1576/550/1677 1589/608/1742 1577/534/1658
f 1578/574/1693 1581/611/1743 1574/607/1679
f 1606/614/1745 1603/613/1746 6/137/137
f 1603/613/1746 2/138/138 6/137/137
f 1589/608/1742 1597/630/1747 1604/533/1748
f 1593/609/1749 1606/614/1745 1597/630/1747
f 1603/613/1746 1601/572/1692 2/138/138
f 1601/572/1692 1/119/119 2/138/138
f 1606/614/1745 1593/609/1749 1603/613/1746
f 1539/623/1750 1545/615/1751 1556/616/1752
f 1545/615/1751 1539/623/1750 1528/560/1737
f 1519/547/1670 1528/560/1737 1539/623/1750
f 1538/558/1686 1552/549/1661 1553/618/1753
f 1570/529/1657 1565/617/1754 1569/531/1755
f 1545/615/1751 1553/618/1753 1569/531/1755
f 1566/528/1656 1553/618/1753 1552/549/1661
f 1569/531/1755 1565/617/1754 1545/615/1751
f 1516/578/1665 1534/559/1663 1520/622/1756
f 1520/622/1756 1512/612/1757 1516/578/1665
f 1593/609/1749 1585/606/1741 1591/610/1744
f 1541/619/1758 1520/622/1756 1534/559/1663
f 1556/616/1752 1545/615/1751 1565/617/1754
f 1555/624/1759 1556/616/1752 1565/617/1754
f 1510/543/1707 1516/578/1665 1512/612/1757
f 1604/533/1748 1616/625/1760 1580/532/1659
f 1625/139/139 1628/163/164 1613/629/1761
f 1628/163/164 1615/626/1762 1613/629/1761
f 1604/533/1748 1580/532/1659 1577/534/1658
f 1608/627/1763 1588/530/1655 1594/538/1654
f 1616/625/1760 1608/627/1763 1594/538/1654
f 1566/528/1656 1570/529/1657 1569/531/1755
f 1628/163/164 29/157/158 1615/626/1762
f 10/136/136 1606/614/1745 6/137/137
f 1604/533/1748 1597/630/1747 1613/629/1761
f 1625/139/139 1613/629/1761 10/136/136
f 1606/614/1745 10/136/136 1613/629/1761
f 1610/594/1764 1588/530/1655 1608/627/1763
f 1613/629/1761 1615/626/1762 1604/533/1748
f 1615/626/1762 1616/625/1760 1604/533/1748
f 1577/534/1658 1589/608/1742 1604/533/1748
f 1597/630/1747 1606/614/1745 1613/629/1761
f 1618/593/1765 1610/594/1764 1608/627/1763
f 1591/610/1744 1601/572/1692 1603/613/1746
f 1597/630/1747 1589/608/1742 1593/609/1749
f 1585/606/1741 1593/609/1749 1589/608/1742
f 1591/610/1744 1603/613/1746 1593/609/1749
f 29/157/158 30/108/108 1616/625/1760
f 30/108/108 34/110/110 1617/628/1766
f 34/110/110 1618/593/1767 1617/628/1766
f 1616/625/1760 1594/538/1654 1580/532/1659
f 1617/628/1766 1618/593/1767 1608/627/1768
f 30/108/108 1617/628/1769 1616/625/1760
f 29/157/158 1616/625/1760 1615/626/1762
f 1617/628/1769 1608/627/1763 1616/625/1760
f 1530/633/1770 1546/568/1771 1533/634/1772
f 1546/568/1771 1530/633/1770 1549/579/1710
f 1536/621/1773 1549/579/1710 1530/633/1770
f 1549/579/1774 1568/632/1701 1572/567/1775
f 1547/580/1776 1535/602/1733 1544/569/1698
f 1536/621/1777 1541/619/1758 1549/579/1774
f 1568/632/1701 1549/579/1774 1541/619/1758
f 1521/576/1664 1543/635/1778 1564/540/1668
f 1555/624/1779 1565/617/1780 1543/635/1778
f 1525/638/1781 1518/639/1782 1523/637/1783
f 1513/640/1784 1523/637/1783 1518/639/1782
f 1543/635/1778 1565/617/1780 1564/540/1668
f 1532/577/1706 1555/624/1779 1543/635/1778
f 1543/635/1778 1521/576/1664 1532/577/1706
f 1565/617/1780 1570/529/1734 1564/540/1668
f 1537/601/1682 1535/602/1733 1547/580/1776
f 1563/552/1678 1551/553/1685 1550/636/1683
f 1551/553/1685 1540/556/1681 1550/636/1683
f 1573/581/1700 1561/631/1702 1554/535/1687
f 1574/607/1679 1563/552/1678 1578/574/1693
f 1541/619/1758 1561/631/1702 1568/632/1701
f 1541/619/1758 1554/535/1687 1561/631/1702
f 1563/552/1678 1550/636/1683 1578/574/1693
f 1558/565/1696 1546/568/1771 1549/579/1710
f 1560/571/1694 1547/580/1776 1544/569/1698
f 1546/568/1771 1558/565/1696 1544/569/1698
f 1544/569/1698 1533/634/1772 1546/568/1771
f 1550/636/1683 1547/580/1776 1560/571/1694
f 1550/636/1683 1537/601/1682 1547/580/1776
f 1533/634/1772 1544/569/1698 1535/602/1733
f 1556/616/1752 1555/624/1759 1539/623/1750
f 1532/577/1671 1539/623/1750 1555/624/1759
f 1539/623/1750 1532/577/1671 1519/547/1670
f 1607/598/1711 1572/567/1775 1595/595/1728
f 1523/637/1783 1530/633/1770 1525/638/1781
f 1595/595/1728 1568/632/1701 1573/581/1700
f 1568/632/1701 1595/595/1728 1572/567/1775
f 1529/620/1785 1541/619/1758 1536/621/1777
f 1614/258/1786 1596/564/1787 1607/598/1711
f 1553/618/1753 1545/615/1751 1538/558/1686
f 1528/560/1737 1538/558/1686 1545/615/1751
f 1596/564/1787 1587/573/1788 1607/598/1711
f 1520/622/1756 1541/619/1758 1529/620/1785
f 1534/559/1663 1554/535/1687 1541/619/1758
f 1572/567/1775 1607/598/1711 1587/573/1788
f 1513/640/1784 1511/542/1676 1512/612/1789
f 1510/543/1704 1512/612/1789 1511/542/1676
f 1553/618/1753 1566/528/1656 1569/531/1755
f 1517/548/1675 1518/639/1782 1526/554/1738
f 1523/637/1783 1513/640/1784 1520/622/1790
f 1533/634/1772 1526/554/1738 1525/638/1781
f 1518/639/1782 1525/638/1781 1526/554/1738
f 1512/612/1789 1520/622/1790 1513/640/1784
f 1535/602/1733 1526/554/1738 1533/634/1772
f 1525/638/1781 1530/633/1770 1533/634/1772
f 1529/620/1791 1536/621/1773 1530/633/1770
f 1520/622/1790 1529/620/1791 1523/637/1783
f 1518/639/1782 1517/548/1675 1513/640/1784
f 1511/542/1676 1513/640/1784 1517/548/1675
f 1530/633/1770 1523/637/1783 1529/620/1791
f 1730/641/1792 1714/690/1793 1711/646/1794
f 1750/657/1795 1747/643/1796 1730/641/1792
f 1733/642/1797 1730/641/1792 1747/643/1796
f 1773/652/1798 1763/668/1799 1756/669/1800
f 1711/646/1794 1707/645/1801 1730/641/1792
f 1714/690/1793 1730/641/1792 1733/642/1797
f 1818/666/1802 1806/647/1803 1814/648/1804
f 1702/691/1805 1711/646/1794 1714/690/1793
f 1807/654/1806 1776/651/1807 1797/655/1808
f 1742/644/1809 1730/641/1792 1707/645/1801
f 1807/654/1806 1797/655/1808 1806/647/1803
f 1818/666/1802 1807/654/1806 1806/647/1803
f 1773/652/1798 1774/650/1810 1763/668/1799
f 1814/648/1804 1806/647/1803 1791/649/1811
f 1776/651/1807 1774/650/1810 1773/652/1798
f 1824/667/1812 1818/666/1802 1814/648/1804
f 1803/663/1813 1779/727/1814 1785/728/1815
f 1803/663/1813 1785/728/1815 1808/664/1816
f 1806/647/1803 1788/662/1817 1791/649/1811
f 1788/662/1817 1783/653/1818 1771/658/1819
f 1788/662/1817 1771/658/1819 1769/734/1820
f 1783/653/1818 1776/651/1807 1773/652/1798
f 1797/655/1808 1783/653/1818 1788/662/1817
f 1806/647/1803 1797/655/1808 1788/662/1817
f 1783/653/1818 1773/652/1798 1771/658/1819
f 1787/672/1821 1765/670/1822 1801/659/1823
f 1789/676/1824 1781/673/1825 1805/685/1826
f 1770/675/1827 1789/676/1824 1772/776/1828
f 1832/686/1829 1829/723/1830 1831/679/1831
f 1768/671/1832 1765/670/1822 1787/672/1821
f 1765/670/1822 1777/665/1833 1801/659/1823
f 1789/676/1824 1770/675/1827 1781/673/1825
f 1825/689/1834 1789/676/1824 1827/684/1835
f 1789/676/1824 1825/689/1834 1811/683/1836
f 1786/681/1837 1772/776/1828 1789/676/1824
f 1774/650/1838 1781/673/1825 1767/674/1839
f 1767/674/1839 1781/673/1825 1770/675/1827
f 1809/722/1840 1787/672/1821 1816/660/1841
f 1774/650/1838 1805/685/1826 1781/673/1825
f 1830/688/1842 1833/687/1843 1827/684/1835
f 1811/683/1836 1823/677/1844 1802/682/1845
f 1797/655/1808 1776/651/1807 1783/653/1818
f 1830/688/1842 1827/684/1835 1805/685/1826
f 1833/687/1843 1832/686/1829 1827/684/1835
f 1831/679/1831 1825/689/1834 1832/686/1829
f 1825/689/1834 1831/679/1831 1823/677/1844
f 1787/672/1821 1801/659/1823 1816/660/1841
f 1826/678/1846 1823/677/1844 1831/679/1831
f 1820/680/1847 1823/677/1844 1826/678/1846
f 1827/684/1835 1832/686/1829 1825/689/1834
f 1706/730/1848 1712/708/1849 1696/706/1850
f 1699/697/1851 1690/729/1852 1692/696/1853
f 1849/703/1854 1699/697/1851 1703/695/1855
f 1719/718/1856 1708/693/1857 1721/694/1858
f 1675/699/1859 1689/709/1860 1848/701/1861
f 1696/706/1850 1703/695/1855 1685/698/1862
f 1688/704/1863 1689/709/1860 1682/705/1864
f 1675/699/1859 1682/705/1864 1689/709/1860
f 1688/704/1863 1692/696/1853 1690/729/1852
f 1692/696/1853 1703/695/1855 1699/697/1851
f 1703/695/1855 1692/696/1853 1685/698/1862
f 1689/709/1860 1688/704/1863 1690/729/1852
f 1708/693/1857 1710/692/1865 1721/694/1858
f 1691/702/1866 1680/719/1867 1686/700/1868
f 1691/702/1866 1686/700/1868 1710/692/1865
f 1708/693/1857 1691/702/1866 1710/692/1865
f 1754/714/1869 1762/713/1870 1751/711/1871
f 1762/713/1870 1754/714/1869 1772/776/1828
f 1751/711/1871 1739/712/1872 1740/716/1873
f 1686/700/1868 1675/699/1859 1848/701/1861
f 1686/700/1868 1848/701/1861 1853/841/1874
f 1689/709/1860 1690/729/1852 1694/842/1875
f 1671/715/1876 1685/698/1862 1682/705/1864
f 1682/705/1864 1675/699/1859 1671/715/1876
f 1680/719/1867 1675/699/1859 1686/700/1868
f 1801/659/1823 1777/665/1833 1803/663/1813
f 1801/659/1823 1803/663/1813 1812/661/1877
f 1809/722/1840 1816/660/1841 1828/724/1878
f 1760/720/1879 1750/657/1795 1742/644/1809
f 1757/721/1880 1760/720/1879 1742/644/1809
f 1777/665/1833 1779/727/1814 1803/663/1813
f 1816/660/1841 1812/661/1877 1822/726/1881
f 1828/724/1878 1816/660/1841 1822/726/1881
f 1816/660/1841 1801/659/1823 1812/661/1877
f 1829/723/1830 1809/722/1840 1828/724/1878
f 1829/723/1830 1828/724/1878 1831/679/1831
f 1812/661/1877 1803/663/1813 1808/664/1816
f 1768/671/1832 1760/720/1879 1757/721/1880
f 1822/726/1881 1812/661/1877 1815/725/1882
f 1822/726/1881 1815/725/1882 1820/680/1847
f 1826/678/1846 1822/726/1881 1820/680/1847
f 1692/696/1853 1688/704/1863 1685/698/1862
f 1682/705/1864 1685/698/1862 1688/704/1863
f 1678/732/1883 1696/706/1850 1666/831/1884
f 1757/721/1880 1742/644/1809 1736/656/1885
f 1736/656/1885 1742/644/1809 1707/645/1801
f 1730/641/1792 1742/644/1809 1750/657/1795
f 1828/724/1878 1822/726/1881 1826/678/1846
f 1831/679/1831 1828/724/1878 1826/678/1846
f 1812/661/1877 1808/664/1816 1815/725/1882
f 1747/643/1886 1753/733/1887 1737/738/1888
f 1791/649/1811 1788/662/1817 1769/734/1820
f 1773/652/1798 1756/669/1800 1753/733/1889
f 1743/735/1890 1755/746/1891 1729/747/1892
f 1771/658/1819 1753/733/1893 1769/734/1820
f 1747/643/1894 1769/734/1820 1753/733/1893
f 1718/739/1895 1737/738/1888 1720/736/1896
f 1733/642/1897 1747/643/1886 1737/738/1888
f 1733/642/1897 1737/738/1888 1718/739/1895
f 1771/658/1819 1773/652/1798 1753/733/1889
f 1737/738/1888 1753/733/1887 1743/735/1890
f 1737/738/1888 1743/735/1890 1720/736/1896
f 1743/735/1890 1763/668/1799 1755/746/1891
f 1701/740/1898 1718/739/1899 1705/741/1900
f 1756/669/1800 1763/668/1799 1743/735/1890
f 1714/690/1901 1733/642/1897 1718/739/1895
f 1684/743/1902 1695/744/1903 1711/646/1794
f 1702/691/1805 1684/743/1902 1711/646/1794
f 1718/739/1899 1720/736/1896 1705/741/1900
f 1720/736/1896 1724/737/1904 1705/741/1900
f 1724/737/1904 1729/747/1892 1705/741/1900
f 1720/736/1896 1743/735/1890 1724/737/1904
f 1714/690/1901 1718/739/1895 1701/740/1905
f 1702/691/1906 1714/690/1901 1701/740/1905
f 1724/737/1904 1743/735/1890 1729/747/1892
f 1767/674/1839 1745/748/1907 1763/668/1799
f 1755/746/1891 1763/668/1799 1745/748/1907
f 1731/749/1908 1755/746/1891 1745/748/1907
f 1729/747/1892 1755/746/1891 1731/749/1908
f 1715/750/1909 1745/748/1907 1722/751/1910
f 1745/748/1907 1715/750/1909 1731/749/1908
f 1731/749/1908 1715/750/1909 1729/747/1892
f 1705/741/1900 1729/747/1892 1715/750/1909
f 1709/752/1911 1693/731/1912 1676/753/1913
f 1676/753/1913 1668/754/1914 1709/752/1911
f 1704/759/1915 1709/752/1911 1668/754/1914
f 1715/750/1909 1722/751/1910 1709/752/1911
f 1632/757/1916 1644/764/1917 1639/763/1918
f 1639/763/1918 1631/761/1919 1632/757/1920
f 1709/752/1911 1704/759/1915 1715/750/1909
f 1677/760/1921 1704/759/1915 1668/754/1914
f 1753/733/1887 1756/669/1800 1743/735/1890
f 1704/759/1915 1698/758/1922 1715/750/1909
f 1705/741/1900 1715/750/1909 1698/758/1922
f 1644/764/1917 1643/755/1923 1650/766/1924
f 1633/756/1925 1643/755/1923 1632/757/1916
f 1644/764/1917 1632/757/1916 1643/755/1923
f 1698/758/1922 1704/759/1915 1677/760/1921
f 1649/762/1926 1631/761/1919 1639/763/1918
f 1643/755/1923 1652/768/1927 1650/766/1924
f 1650/766/1924 1652/768/1927 1660/769/1928
f 1650/766/1924 1660/769/1929 1654/765/1930
f 1661/775/1931 1654/765/1930 1660/769/1929
f 1683/773/1932 1687/772/1933 1673/771/1934
f 1660/769/1929 1663/767/1935 1673/771/1934
f 1674/742/1936 1673/771/1934 1663/767/1935
f 1654/765/1930 1668/754/1914 1658/774/1937
f 1687/772/1933 1698/758/1922 1677/760/1921
f 1668/754/1914 1661/775/1931 1677/760/1921
f 1644/764/1917 1650/766/1924 1639/763/1918
f 1654/765/1930 1639/763/1918 1650/766/1924
f 1652/768/1927 1663/767/1938 1660/769/1928
f 1687/772/1933 1683/773/1932 1705/741/1900
f 1805/685/1826 1827/684/1835 1789/676/1824
f 1661/775/1931 1660/769/1929 1672/770/1939
f 1673/771/1934 1672/770/1939 1660/769/1929
f 1823/677/1844 1811/683/1836 1825/689/1834
f 1789/676/1824 1811/683/1836 1786/681/1837
f 1802/682/1845 1786/681/1837 1811/683/1836
f 1698/758/1922 1687/772/1933 1705/741/1900
f 1673/771/1934 1674/742/1936 1683/773/1932
f 1684/743/1940 1683/773/1932 1674/742/1936
f 1672/770/1939 1673/771/1934 1687/772/1933
f 1672/770/1939 1677/760/1921 1661/775/1931
f 1677/760/1921 1672/770/1939 1687/772/1933
f 1674/742/1941 1665/745/1942 1695/744/1903
f 1684/743/1902 1674/742/1941 1695/744/1903
f 1701/740/1943 1705/741/1900 1683/773/1932
f 1636/783/1944 1647/780/1945 1645/779/1946
f 1646/784/1947 1641/778/1948 1645/779/1946
f 1674/742/1941 1663/767/1949 1665/745/1942
f 1726/782/1950 1665/745/1942 1667/785/1951
f 1665/745/1942 1726/782/1950 1707/645/1801
f 1695/744/1903 1665/745/1942 1707/645/1801
f 1683/773/1932 1684/743/1940 1701/740/1952
f 1702/691/1953 1701/740/1952 1684/743/1940
f 1711/646/1794 1695/744/1903 1707/645/1801
f 1647/780/1945 1676/753/1913 1645/779/1946
f 1645/779/1946 1635/781/1954 1636/783/1944
f 1635/781/1954 1645/779/1946 1637/777/1955
f 1641/778/1948 1637/777/1955 1645/779/1946
f 1639/763/1918 1654/765/1930 1649/762/1926
f 1658/774/1937 1649/762/1926 1654/765/1930
f 1668/754/1914 1654/765/1930 1661/775/1931
f 1706/730/1848 1696/706/1850 1678/732/1883
f 1693/731/1912 1706/730/1848 1678/732/1883
f 1696/706/1850 1685/698/1862 1666/831/1884
f 1667/785/1951 1697/786/1956 1726/782/1950
f 1736/656/1885 1707/645/1801 1726/782/1950
f 1631/761/1919 1647/780/1945 1636/783/1944
f 1637/777/1955 1634/787/1957 1635/781/1954
f 1635/781/1954 1634/787/1957 1636/783/1944
f 1656/822/1958 1657/821/1959 1648/820/1960
f 1634/787/1957 1630/796/1961 1631/761/1962
f 1634/787/1963 1633/756/1964 1630/796/1965
f 1633/756/1964 1638/789/1966 1643/755/1923
f 1832/686/1829 1833/687/1843 1829/723/1830
f 1768/671/1832 1819/791/1967 1793/793/1968
f 1824/667/1969 1819/791/1967 1833/687/1843
f 1809/722/1840 1829/723/1830 1819/791/1967
f 1829/723/1830 1833/687/1843 1819/791/1967
f 1787/672/1821 1809/722/1840 1819/791/1967
f 1631/761/1962 1636/783/1944 1634/787/1957
f 1813/794/1970 1790/795/1971 1817/792/1972
f 1817/792/1972 1824/667/1973 1813/794/1970
f 1813/794/1970 1750/657/1795 1790/795/1971
f 1769/734/1974 1747/643/1796 1750/657/1795
f 1750/657/1795 1813/794/1970 1769/734/1974
f 1791/649/1975 1769/734/1974 1813/794/1970
f 1655/788/1976 1651/790/1977 1665/745/1942
f 1638/789/1978 1651/790/1977 1655/788/1976
f 1665/745/1942 1663/767/1949 1655/788/1976
f 1652/768/1979 1655/788/1976 1663/767/1949
f 1655/788/1976 1652/768/1979 1638/789/1978
f 1643/755/1923 1638/789/1966 1652/768/1927
f 1778/804/1980 1764/802/1981 1873/803/1982
f 1748/801/1983 1764/802/1981 1752/798/1984
f 1766/810/1985 1752/798/1984 1764/802/1981
f 1880/808/1986 1800/807/1987 1799/809/1988
f 1794/814/1989 1880/808/1986 1799/809/1988
f 1800/807/1987 1798/815/1990 1796/813/1991
f 1778/804/1980 1873/803/1982 1784/812/1992
f 1780/811/1993 1880/808/1986 1794/814/1989
f 1784/812/1992 1780/811/1993 1794/814/1989
f 1752/798/1984 1735/799/1994 1748/801/1983
f 1735/799/1994 1752/798/1984 1734/800/1995
f 1764/802/1981 1748/801/1983 1873/803/1982
f 1804/805/1996 1794/814/1989 1810/844/1997
f 1817/792/1998 1793/793/1968 1819/791/1967
f 1795/806/1999 1784/812/1992 1804/805/1996
f 1795/806/1999 1804/805/1996 1808/664/1816
f 1637/777/2000 1641/778/2001 1648/820/1960
f 1787/672/1821 1819/791/1967 1768/671/1832
f 1819/791/1967 1824/667/1969 1817/792/1998
f 1784/812/1992 1794/814/1989 1804/805/1996
f 1799/809/1988 1800/807/1987 1796/813/1991
f 1794/814/1989 1799/809/1988 1810/844/1997
f 1785/728/1815 1795/806/1999 1808/664/1816
f 1778/804/1980 1784/812/1992 1795/806/1999
f 1778/804/1980 1795/806/1999 1785/728/1815
f 1767/674/1839 1770/675/1827 1745/748/1907
f 1821/816/2002 1807/654/1806 1818/666/2003
f 1805/685/1826 1821/816/2002 1830/688/1842
f 1767/674/2004 1763/668/1799 1774/650/1810
f 1833/687/1843 1830/688/1842 1824/667/2005
f 1821/816/2002 1818/666/2003 1824/667/2005
f 1649/762/1926 1658/774/1937 1676/753/1913
f 1765/670/1822 1757/721/1880 1785/728/2006
f 1779/727/2007 1765/670/2007 1785/728/2007
f 1830/688/1842 1821/816/2002 1824/667/2005
f 1757/721/1880 1761/817/2008 1785/728/2006
f 1658/774/1937 1668/754/1914 1676/753/1913
f 1813/794/1970 1814/648/2009 1791/649/1975
f 1770/675/1827 1772/776/1828 1745/748/1907
f 1745/748/1907 1772/776/1828 1722/751/1910
f 1706/730/1848 1722/751/1910 1723/818/2010
f 1723/818/2010 1722/751/1910 1740/716/1873
f 1772/776/1828 1754/714/1869 1722/751/1910
f 1740/716/1873 1722/751/1910 1754/714/1869
f 1774/650/1838 1807/654/1806 1821/816/2002
f 1805/685/1826 1774/650/1838 1821/816/2002
f 1813/794/1970 1824/667/1973 1814/648/2009
f 1693/731/1912 1709/752/1911 1706/730/1848
f 1706/730/1848 1709/752/1911 1722/751/1910
f 1776/651/1807 1807/654/1806 1774/650/1838
f 1697/786/1956 1667/785/1951 1657/821/1959
f 1634/787/1963 1637/777/2000 1642/819/2011
f 1648/820/1960 1642/819/2011 1637/777/2000
f 1642/819/2011 1648/820/1960 1657/821/1959
f 1768/671/1832 1757/721/1880 1765/670/1822
f 1777/665/1833 1765/670/1822 1779/727/1814
f 1630/796/2012 1633/756/2013 1631/761/2013
f 1631/761/2013 1633/756/2013 1632/757/2014
f 1768/671/1832 1793/793/2015 1760/720/1879
f 1790/795/1971 1760/720/1879 1793/793/2015
f 1760/720/1879 1790/795/1971 1750/657/1795
f 1793/793/2015 1817/792/1972 1790/795/1971
f 1633/756/1964 1634/787/1963 1640/797/2016
f 1667/785/1951 1665/745/1942 1651/790/1977
f 1649/762/1926 1676/753/1913 1647/780/1945
f 1631/761/1919 1649/762/1926 1647/780/1945
f 1757/721/1880 1736/656/1885 1761/817/2008
f 1638/789/1966 1640/797/2016 1651/790/2017
f 1633/756/1964 1640/797/2016 1638/789/1966
f 1640/797/2016 1657/821/1959 1667/785/1951
f 1697/786/1956 1657/821/1959 1656/822/1958
f 1641/778/2001 1646/784/1947 1648/820/1960
f 1651/790/1977 1640/797/2016 1667/785/1951
f 1642/819/2011 1640/797/2016 1634/787/1963
f 1657/821/1959 1640/797/2016 1642/819/2011
f 1681/825/2018 1691/702/2019 1700/824/2020
f 1681/825/2018 1700/824/2021 1716/826/2022
f 1669/827/2023 1681/825/2018 1716/826/2022
f 1708/693/2024 1719/718/2025 1716/826/2022
f 1700/824/2020 1708/693/2024 1716/826/2022
f 1669/827/2023 1716/826/2022 1679/828/2026
f 1669/827/2023 1679/828/2026 1656/822/1958
f 1656/822/1958 1679/828/2026 1697/786/1956
f 1732/829/2027 1697/786/1956 1679/828/2026
f 1697/786/1956 1732/829/2027 1726/782/1950
f 1679/828/2026 1716/826/2022 1732/829/2027
f 1726/782/1950 1732/829/2027 1736/656/1885
f 1744/830/2028 1766/810/2029 1785/728/2006
f 1736/656/1885 1744/830/2028 1785/728/2006
f 1736/656/1885 1732/829/2027 1744/830/2028
f 1716/826/2022 1719/718/2025 1732/829/2027
f 1671/715/1876 1664/852/2030 1646/784/1947
f 1732/829/2027 1734/800/2031 1744/830/2028
f 1752/798/2032 1744/830/2028 1734/800/2031
f 1734/800/1995 1719/718/1856 1735/799/1994
f 1761/817/2008 1736/656/1885 1785/728/2006
f 1744/830/2028 1752/798/2032 1766/810/2029
f 1734/800/2031 1732/829/2027 1719/718/2025
f 1725/834/2033 1735/799/1994 1721/694/1858
f 1721/694/1858 1735/799/1994 1719/718/1856
f 1738/717/2034 1746/710/2035 1741/839/2036
f 1746/710/2035 1738/717/2034 1739/712/1872
f 1751/711/1871 1746/710/2035 1739/712/1872
f 1739/712/1872 1706/730/1848 1723/818/2010
f 1740/716/1873 1739/712/1872 1723/818/2010
f 1717/836/2037 1849/703/1854 1703/695/1855
f 1754/714/1869 1751/711/1871 1740/716/1873
f 1741/839/2036 1728/843/2038 1738/717/2034
f 1727/835/2039 1738/717/2034 1728/843/2038
f 1758/838/2040 1746/710/2035 1762/713/1870
f 1751/711/1871 1762/713/1870 1746/710/2035
f 1749/840/2041 1741/839/2036 1746/710/2035
f 1712/708/1849 1713/707/2042 1696/706/1850
f 1710/692/1865 1686/700/1868 1725/834/2033
f 1713/707/2042 1727/835/2039 1717/836/2037
f 1727/835/2039 1713/707/2042 1712/708/1849
f 1710/692/1865 1725/834/2033 1721/694/1858
f 1848/701/1861 1689/709/1860 1694/842/1875
f 1686/700/1868 1853/841/1874 1725/834/2033
f 1728/843/2038 1717/836/2037 1727/835/2039
f 1713/707/2042 1717/836/2037 1703/695/1855
f 1713/707/2042 1703/695/1855 1696/706/1850
f 1706/730/1848 1727/835/2039 1712/708/1849
f 1738/717/2034 1727/835/2039 1706/730/1848
f 1739/712/1872 1738/717/2034 1706/730/1848
f 1798/815/1990 1878/848/2043 1792/847/2044
f 1796/813/1991 1798/815/1990 1792/847/2044
f 1804/805/1996 1810/844/1997 1815/725/1882
f 1786/681/1837 1802/682/1845 1775/845/2045
f 1775/845/2045 1762/713/1870 1786/681/1837
f 1815/725/1882 1810/844/1997 1820/680/1847
f 1820/680/1847 1799/809/1988 1823/677/1844
f 1796/813/1991 1782/846/2046 1802/682/1845
f 1878/848/2043 1877/850/2047 1782/846/2046
f 1808/664/1816 1804/805/1996 1815/725/1882
f 1810/844/1997 1799/809/1988 1820/680/1847
f 1799/809/1988 1796/813/1991 1823/677/1844
f 1782/846/2046 1775/845/2045 1802/682/1845
f 1874/849/2048 1759/837/2049 1775/845/2045
f 1758/838/2040 1775/845/2045 1759/837/2049
f 1762/713/1870 1775/845/2045 1758/838/2040
f 1764/802/1981 1778/804/1980 1766/810/1985
f 1785/728/1815 1766/810/1985 1778/804/1980
f 1873/803/1982 1780/811/1993 1784/812/1992
f 1772/776/1828 1786/681/1837 1762/713/1870
f 1759/837/2049 1749/840/2041 1746/710/2035
f 1758/838/2040 1759/837/2049 1746/710/2035
f 1796/813/1991 1802/682/1845 1823/677/1844
f 1877/850/2047 1874/849/2048 1782/846/2046
f 1775/845/2045 1782/846/2046 1874/849/2048
f 1666/831/1884 1671/715/1876 1653/833/2050
f 1678/732/1883 1666/831/1884 1662/832/2051
f 1678/732/1883 1662/832/2051 1645/779/1946
f 1646/784/1947 1659/823/2052 1648/820/1960
f 1676/753/1913 1693/731/1912 1645/779/1946
f 1666/831/1884 1685/698/1862 1671/715/1876
f 1645/779/1946 1653/833/2050 1646/784/1947
f 1662/832/2051 1666/831/1884 1653/833/2050
f 1671/715/1876 1675/699/1859 1664/852/2030
f 1693/731/1912 1678/732/1883 1645/779/1946
f 1653/833/2050 1671/715/1876 1646/784/1947
f 1645/779/1946 1662/832/2051 1653/833/2050
f 1659/823/2052 1670/851/2053 1669/827/2023
f 1680/719/1867 1691/702/2019 1681/825/2018
f 1670/851/2053 1680/719/1867 1681/825/2018
f 1675/699/1859 1680/719/1867 1670/851/2053
f 1792/847/2044 1878/848/2043 1782/846/2046
f 1796/813/2054 1792/847/2054 1782/846/2054
f 1646/784/1947 1664/852/2030 1659/823/2052
f 1648/820/1960 1659/823/2052 1656/822/1958
f 1691/702/2019 1708/693/2024 1700/824/2020
f 1670/851/2053 1681/825/2018 1669/827/2023
f 1664/852/2030 1675/699/1859 1670/851/2053
f 1664/852/2030 1670/851/2053 1659/823/2052
f 1659/823/2052 1669/827/2023 1656/822/1958
f 1846/857/2055 1850/856/2056 1855/854/2057
f 1850/856/2056 1846/857/2055 1837/859/2058
f 1845/853/2059 1850/856/2056 1837/859/2058
f 1690/729/1852 1841/858/2060 1840/871/2061
f 1849/703/1854 1717/836/2037 1850/856/2056
f 1699/697/1851 1845/853/2059 1841/858/2060
f 1690/729/1852 1699/697/1851 1841/858/2060
f 1889/861/2062 1884/860/2063 1876/862/2064
f 1877/850/2047 1882/864/2065 1874/849/2048
f 1884/860/2063 1871/865/2066 1876/862/2064
f 1872/863/2067 1876/862/2064 1871/865/2066
f 1759/837/2049 1874/849/2048 1872/863/2067
f 1882/864/2065 1889/861/2062 1876/862/2064
f 1882/864/2065 1876/862/2064 1874/849/2048
f 1876/862/2064 1872/863/2067 1874/849/2048
f 1845/853/2059 1837/859/2058 1834/868/2068
f 1841/858/2060 1845/853/2059 1834/868/2068
f 1841/858/2060 1834/868/2068 1904/872/2069
f 1842/870/2070 1846/857/2055 1856/873/2071
f 1881/890/2072 1875/891/2073 1928/905/2074
f 1840/871/2061 1841/858/2060 1904/872/2069
f 1855/854/2057 1856/873/2071 1846/857/2055
f 1846/857/2055 1842/870/2070 1837/859/2058
f 1854/855/2075 1855/854/2057 1850/856/2056
f 1717/836/2037 1728/843/2038 1854/855/2075
f 1717/836/2037 1854/855/2075 1850/856/2056
f 1699/697/1851 1849/703/1854 1845/853/2059
f 1835/869/2076 1837/859/2058 1842/870/2070
f 1837/859/2058 1835/869/2076 1834/868/2068
f 1849/703/1854 1850/856/2056 1845/853/2059
f 1798/815/1990 1887/885/2077 1878/848/2043
f 1863/877/2078 1858/874/2079 1741/839/2080
f 1728/843/2038 1741/839/2080 1858/874/2079
f 1867/880/2081 1872/863/2067 1871/865/2066
f 1858/874/2079 1863/877/2078 1859/875/2082
f 1859/875/2082 1855/854/2057 1858/874/2079
f 1854/855/2075 1858/874/2079 1855/854/2057
f 1858/874/2079 1854/855/2075 1728/843/2038
f 1872/863/2067 1867/880/2081 1759/837/2049
f 1871/865/2066 1865/876/2083 1867/880/2081
f 1863/877/2078 1867/880/2081 1865/876/2083
f 1867/880/2081 1863/877/2078 1749/840/2041
f 1861/879/2084 1869/878/2085 1919/886/2086
f 1749/840/2041 1759/837/2049 1867/880/2081
f 1865/876/2083 1871/865/2066 1869/878/2085
f 1741/839/2080 1749/840/2041 1863/877/2078
f 1887/885/2077 1885/884/2087 1878/848/2043
f 1896/867/2088 1930/866/2089 1884/860/2063
f 1889/861/2062 1896/867/2088 1884/860/2063
f 1887/885/2077 1894/883/2090 1885/884/2087
f 1893/882/2091 1889/861/2062 1882/864/2065
f 1885/884/2087 1893/882/2091 1882/864/2065
f 1894/883/2090 1893/882/2091 1885/884/2087
f 1885/884/2087 1882/864/2065 1877/850/2047
f 1869/878/2085 1861/879/2084 1865/876/2083
f 1859/875/2082 1865/876/2083 1861/879/2084
f 1919/886/2086 1856/873/2071 1861/879/2084
f 1865/876/2083 1859/875/2082 1863/877/2078
f 1878/848/2043 1885/884/2087 1877/850/2047
f 1855/854/2057 1861/879/2084 1856/873/2071
f 1861/879/2084 1855/854/2057 1859/875/2082
f 1875/891/2073 1925/914/2092 1928/905/2074
f 1866/888/2093 1868/889/2094 1875/891/2073
f 1748/801/1983 1866/888/2093 1875/891/2073
f 1748/801/1983 1875/891/2073 1881/890/2072
f 1862/903/2095 1864/915/2096 1870/913/2097
f 1725/834/2033 1857/899/2098 1862/903/2095
f 1860/887/2099 1725/834/2033 1862/903/2095
f 1862/903/2095 1857/899/2098 1864/915/2096
f 1844/893/2100 1851/892/2101 1847/894/2102
f 1735/799/1994 1860/887/2099 1866/888/2093
f 1853/841/1874 1848/701/1861 1852/895/2103
f 1851/892/2101 1857/899/2098 1852/895/2103
f 1735/799/1994 1725/834/2033 1860/887/2099
f 1852/895/2103 1847/894/2102 1851/892/2101
f 1847/894/2102 1852/895/2103 1848/701/1861
f 1852/895/2103 1725/834/2033 1853/841/1874
f 1840/871/2061 1843/901/2104 1690/729/1852
f 1694/842/1875 1690/729/1852 1843/901/2104
f 1848/701/1861 1694/842/1875 1847/894/2102
f 1843/901/2104 1840/871/2061 1838/900/2105
f 1838/900/2105 1844/893/2100 1843/901/2104
f 1847/894/2102 1843/901/2104 1844/893/2100
f 1843/901/2104 1847/894/2102 1694/842/1875
f 1836/904/2106 1839/902/2107 1838/900/2105
f 1866/888/2093 1860/887/2099 1868/889/2094
f 1881/890/2072 1873/803/1982 1748/801/1983
f 1748/801/1983 1735/799/1994 1866/888/2093
f 1860/887/2099 1862/903/2095 1868/889/2094
f 1844/893/2100 1838/900/2105 1839/902/2107
f 1904/872/2069 1838/900/2105 1840/871/2061
f 1838/900/2105 1904/872/2069 1836/904/2106
f 1725/834/2033 1852/895/2103 1857/899/2098
f 1890/898/2108 1895/896/2109 1892/908/2110
f 1895/896/2109 1934/907/2111 1892/908/2110
f 1883/910/2112 1890/898/2108 1886/909/2113
f 1894/883/2090 1936/912/2114 1893/882/2091
f 1935/881/2115 1896/867/2088 1889/861/2062
f 1893/882/2091 1935/881/2115 1889/861/2062
f 1936/912/2114 1935/881/2115 1893/882/2091
f 1883/910/2112 1886/909/2113 1800/807/1987
f 1868/889/2094 1870/913/2097 1925/914/2092
f 1868/889/2094 1862/903/2095 1870/913/2097
f 1875/891/2073 1868/889/2094 1925/914/2092
f 1890/898/2108 1892/908/2110 1886/909/2113
f 1880/808/1986 1883/910/2112 1800/807/1987
f 1934/907/2111 1936/912/2114 1894/883/2090
f 1892/908/2110 1934/907/2111 1894/883/2090
f 1879/911/2116 1888/906/2117 1883/910/2112
f 1879/911/2116 1883/910/2112 1880/808/1986
f 1780/811/1993 1879/911/2116 1880/808/1986
f 1881/890/2072 1928/905/2074 1888/906/2117
f 1891/897/2118 1895/896/2109 1890/898/2108
f 1888/906/2117 1891/897/2118 1890/898/2108
f 1881/890/2072 1888/906/2117 1879/911/2116
f 1881/890/2072 1879/911/2116 1780/811/1993
f 1892/908/2110 1894/883/2090 1887/885/2077
f 1886/909/2113 1892/908/2110 1887/885/2077
f 1886/909/2113 1887/885/2077 1798/815/1990
f 1800/807/1987 1886/909/2113 1798/815/1990
f 1873/803/1982 1881/890/2072 1780/811/1993
f 1888/906/2117 1890/898/2108 1883/910/2112
f 1928/905/2074 1891/897/2118 1888/906/2117
f 1942/243/252 1941/927/2119 222/235/239
f 1938/928/2120 222/235/239 1941/927/2119
f 1902/916/2121 1834/868/2068 1835/869/2076
f 1870/913/2097 153/233/2122 170/239/2123
f 1925/914/2092 1870/913/2097 170/239/2123
f 1925/914/2092 170/239/2123 175/238/267
f 1834/868/2068 1902/916/2121 1904/872/2069
f 1900/924/2124 1897/921/2125 1902/916/2121
f 1842/870/2070 1910/920/2126 1835/869/2076
f 1898/919/2127 72/171/172 67/247/258
f 1901/936/2128 1904/872/2069 1902/916/2121
f 1900/924/2124 1898/919/2127 1897/921/2125
f 1897/921/2125 67/247/258 74/262/280
f 1920/915/2129 1917/918/2130 132/221/222
f 1940/926/2131 1939/925/2132 1896/867/2088
f 1938/928/2120 1941/927/2119 1936/912/2114
f 1934/907/2111 1938/928/2120 1936/912/2114
f 1941/927/2119 1940/926/2131 1935/881/2115
f 1936/912/2114 1941/927/2119 1935/881/2115
f 1935/881/2115 1940/926/2131 1896/867/2088
f 208/250/261 1938/928/2120 1934/907/2111
f 1920/915/2129 132/221/222 153/233/2122
f 1870/913/2097 1920/915/2129 153/233/2122
f 1917/918/2130 1916/917/2133 132/221/222
f 1895/896/2109 208/250/261 1934/907/2111
f 1928/905/2074 1925/914/2092 175/238/267
f 1916/917/2133 1918/219/220 132/221/222
f 1898/919/2127 67/247/258 1897/921/2125
f 1913/937/2134 1910/920/2126 1842/870/2070
f 1937/929/2135 1931/931/2136 1930/866/2089
f 1930/866/2089 1931/931/2136 1884/860/2063
f 1910/920/2126 1909/923/2137 1835/869/2076
f 1915/932/2138 1909/923/2137 1910/920/2126
f 1913/937/2134 1915/932/2138 1910/920/2126
f 1871/865/2066 1884/860/2063 1931/931/2136
f 1927/934/2139 1924/930/2140 1871/865/2066
f 1869/878/2085 1871/865/2066 1924/930/2140
f 1924/930/2140 1919/886/2086 1869/878/2085
f 1871/865/2066 1931/931/2136 1927/934/2139
f 1896/867/2088 1939/925/2132 1930/866/2089
f 1939/925/2132 1937/929/2135 1930/866/2089
f 1909/923/2137 1900/924/2124 1835/869/2076
f 1835/869/2076 1900/924/2124 1902/916/2121
f 1897/921/2125 74/262/280 1899/922/2141
f 1902/916/2121 1897/921/2125 1899/922/2141
f 1902/916/2121 1899/922/2141 1901/936/2128
f 1901/936/2128 1899/922/2141 1905/942/2142
f 1903/946/2143 1905/942/2142 1899/922/2141
f 94/172/173 72/171/172 1898/919/2127
f 1914/935/2144 117/169/170 1909/923/2137
f 1915/932/2138 1914/935/2144 1909/923/2137
f 1856/873/2071 1913/937/2134 1842/870/2070
f 1909/923/2137 94/172/173 1898/919/2127
f 1909/923/2137 1898/919/2127 1900/924/2124
f 117/169/170 94/172/173 1909/923/2137
f 1943/280/303 238/291/314 1940/926/2131
f 1942/243/252 1943/280/303 1940/926/2131
f 1941/927/2119 1942/243/252 1940/926/2131
f 1926/939/2145 1933/938/2146 1929/940/2147
f 1927/934/2139 1933/938/2146 1926/939/2145
f 1924/930/2140 1927/934/2139 1926/939/2145
f 238/291/314 223/290/313 1939/925/2132
f 1922/948/2148 1929/940/2147 1923/941/2149
f 1922/948/2148 1923/941/2149 1915/932/2138
f 1923/941/2149 155/170/171 1914/935/2144
f 1937/929/2135 1939/925/2132 223/290/313
f 1939/925/2132 1940/926/2131 238/291/314
f 1929/940/2147 182/293/316 1923/941/2149
f 1933/938/2146 215/296/319 1929/940/2147
f 1901/936/2128 1905/942/2142 1836/904/2106
f 1904/872/2069 1901/936/2128 1836/904/2106
f 1905/942/2142 1907/943/2150 1908/902/2151
f 1911/944/2152 1916/917/2133 1912/933/2153
f 1907/943/2150 1911/944/2152 1912/933/2153
f 1908/902/2151 1907/943/2150 1912/933/2153
f 1836/904/2106 1905/942/2142 1908/902/2151
f 1927/934/2139 1931/931/2136 1933/938/2146
f 223/290/313 219/295/318 1937/929/2135
f 1933/938/2146 219/295/318 215/296/319
f 1917/918/2130 1912/933/2153 1916/917/2133
f 1931/931/2136 1937/929/2135 219/295/318
f 1931/931/2136 219/295/318 1933/938/2146
f 117/169/170 1914/935/2144 155/170/171
f 88/261/279 1903/946/2143 74/262/280
f 1911/944/2152 1906/945/2154 1916/917/2133
f 1918/219/220 1916/917/2133 1906/945/2154
f 1907/943/2150 1906/945/2154 1911/944/2152
f 1906/945/2154 1907/943/2150 1903/946/2143
f 1899/922/2141 74/262/280 1903/946/2143
f 1906/945/2154 105/283/306 1918/219/220
f 222/235/239 1938/928/2120 208/250/261
f 175/238/267 192/251/262 1891/897/2118
f 1928/905/2074 175/238/267 1891/897/2118
f 1905/942/2142 1903/946/2143 1907/943/2150
f 192/251/262 208/250/261 1895/896/2109
f 1891/897/2118 192/251/262 1895/896/2109
f 105/283/306 1906/945/2154 88/261/279
f 1856/873/2071 1919/886/2086 1913/937/2134
f 1926/939/2145 1929/940/2147 1922/948/2148
f 1921/947/2155 1926/939/2145 1922/948/2148
f 1914/935/2144 1915/932/2138 1923/941/2149
f 182/293/316 1932/176/177 1923/941/2149
f 155/170/171 1923/941/2149 1932/176/177
f 1924/930/2140 1926/939/2145 1921/947/2155
f 1921/947/2155 1922/948/2148 1915/932/2138
f 1913/937/2134 1921/947/2155 1915/932/2138
f 1903/946/2143 88/261/279 1906/945/2154
f 1919/886/2086 1924/930/2140 1921/947/2155
f 1919/886/2086 1921/947/2155 1913/937/2134
f 1929/940/2147 215/296/319 182/293/316
f 1961/1003/2156 1972/1004/2157 1971/1005/2158
f 1972/1004/2157 1976/1006/2159 1971/1005/2158
f 1951/1007/2160 1959/1008/2161 1950/1009/2162
f 1969/1010/2163 1961/1003/2164 1959/1008/2161
f 1956/1011/2165 1951/1007/2160 1957/1012/2166
f 1963/1013/2167 1979/1014/2168 1967/1015/2169
f 1977/1016/2170 1975/1017/2171 1970/1018/2172
f 1959/1008/2173 1961/1003/2156 1971/1005/2158
f 1963/1013/2167 1967/1015/2169 1958/1019/2174
f 1951/1007/2160 1948/1020/2175 1953/1021/2176
f 1953/1021/2176 1957/1012/2166 1951/1007/2160
f 1974/1022/2177 1972/1004/2157 1973/1023/2178
f 1972/1004/2157 1969/1010/2179 1973/1023/2178
f 1948/1020/2175 1947/228/232 1954/1024/2180
f 1959/1008/2161 1951/1007/2160 1958/1019/2174
f 1958/1019/2174 1951/1007/2160 1956/1011/2165
f 1954/1024/2180 1953/1021/2176 1948/1020/2175
f 1972/1004/2157 1961/1003/2156 1969/1010/2179
f 1967/1015/2169 1970/1018/2172 1959/1008/2161
f 1970/1018/2172 1975/1017/2171 1969/1010/2163
f 1952/1025/2181 1950/1009/2182 1959/1008/2173
f 1958/1019/2174 1967/1015/2169 1959/1008/2161
f 1975/1017/2171 1973/1023/2183 1969/1010/2163
f 1978/272/295 1986/1005/2184 1997/1026/2185
f 1978/272/295 1976/1006/2159 1986/1005/2184
f 1998/1008/2186 1997/1026/2185 1986/1005/2184
f 357/218/547 2011/1027/2187 360/242/544
f 1963/1013/2167 1968/1028/2188 1979/1014/2168
f 1979/1014/2168 1977/1016/2170 1967/1015/2169
f 1956/1011/2165 1963/1013/2167 1958/1019/2174
f 1968/1028/2188 1963/1013/2167 1957/1012/2166
f 1956/1011/2165 1957/1012/2166 1963/1013/2167
f 1970/1018/2172 1969/1010/2163 1959/1008/2161
f 1945/1029/2189 1950/1009/2182 1952/1025/2181
f 1967/1015/2169 1977/1016/2170 1970/1018/2172
f 1945/1029/2190 1951/1007/2160 1950/1009/2162
f 1948/1020/2175 146/241/278 1947/228/232
f 1945/1029/2189 1949/1030/2191 1946/216/217
f 1949/1030/2191 190/269/291 1946/216/217
f 1955/1031/2192 190/269/291 1949/1030/2191
f 1955/1031/2192 1978/272/295 190/269/291
f 1960/1026/2193 1955/1031/2192 1952/1025/2181
f 1949/1030/2191 1952/1025/2181 1955/1031/2192
f 1953/1021/2176 1962/1032/2194 1957/1012/2166
f 1959/1008/2173 1960/1026/2193 1952/1025/2181
f 1945/1029/2189 1952/1025/2181 1949/1030/2191
f 1971/1005/2158 1978/272/295 1960/1026/2193
f 1976/1006/2159 1978/272/295 1971/1005/2158
f 1960/1026/2193 1959/1008/2173 1971/1005/2158
f 1944/1027/2195 165/218/253 162/242/251
f 146/241/250 1944/1027/2195 162/242/251
f 1946/216/217 165/218/253 1944/1027/2195
f 1955/1031/2192 1960/1026/2193 1978/272/295
f 1954/1024/2180 1947/228/232 189/227/231
f 1945/1029/2189 1946/216/217 1944/1027/2195
f 1944/1027/2196 1948/1020/2175 1945/1029/2190
f 1965/1033/2197 1953/1021/2176 1954/1024/2180
f 1966/1034/2198 1964/1035/2199 189/227/231
f 146/241/278 1948/1020/2175 1944/1027/2196
f 1983/1036/2200 1964/1035/2199 1966/1034/2198
f 1980/1037/2201 1979/1014/2168 1968/1028/2188
f 1972/1004/2157 1974/1022/2177 1976/1006/2159
f 1964/1035/2199 1954/1024/2180 189/227/231
f 1964/1035/2199 1965/1033/2197 1954/1024/2180
f 1965/1033/2197 1962/1032/2194 1953/1021/2176
f 1981/1038/2202 1980/1037/2201 1962/1032/2194
f 1968/1028/2188 1957/1012/2166 1962/1032/2194
f 1983/1036/2200 1982/1039/2203 1964/1035/2199
f 1980/1037/2201 1968/1028/2188 1962/1032/2194
f 1965/1033/2197 1964/1035/2199 1982/1039/2203
f 1951/1007/2160 1945/1029/2190 1948/1020/2175
f 1982/1039/2203 1981/1038/2202 1965/1033/2197
f 1981/1038/2202 1962/1032/2194 1965/1033/2197
f 1990/1015/2204 1994/1013/2205 1999/1019/2206
f 1979/1014/2168 1994/1013/2205 1990/1015/2204
f 2006/1007/2207 2001/1011/2208 2000/1012/2209
f 1996/1003/2210 1998/1008/2186 1986/1005/2184
f 1975/1017/2171 1977/1016/2170 1987/1018/2211
f 1989/1028/2212 1994/1013/2205 1979/1014/2168
f 1977/1016/2170 1979/1014/2168 1990/1015/2204
f 1994/1013/2205 2001/1011/2208 1999/1019/2206
f 1994/1013/2205 1989/1028/2212 2000/1012/2209
f 1996/1003/2210 1985/1004/2213 1988/1010/2214
f 2006/1007/2207 1998/1008/2215 1999/1019/2206
f 361/228/561 2009/1020/2216 2003/1024/2217
f 2004/1021/2218 2003/1024/2217 2009/1020/2216
f 2006/1007/2207 1999/1019/2206 2001/1011/2208
f 1985/1004/2213 1996/1003/2210 1986/1005/2184
f 1976/1006/2159 1985/1004/2213 1986/1005/2184
f 1998/1008/2215 2006/1007/2207 2007/1009/2219
f 1996/1003/2220 1988/1010/2221 1998/1008/2215
f 227/278/301 1984/277/300 1966/1034/2198
f 1966/1034/2198 189/227/231 227/278/301
f 1973/1023/2183 1975/1017/2171 1988/1010/2221
f 1983/1036/2200 1966/1034/2198 1984/277/300
f 177/273/296 227/278/301 189/227/231
f 1991/1034/2222 1983/1036/2223 1984/277/300
f 1984/277/300 299/278/590 1991/1034/2222
f 332/227/560 1991/1034/2222 299/278/590
f 299/278/590 345/273/591 332/227/560
f 2006/1007/2207 2010/1029/2224 2007/1009/2219
f 1988/1010/2221 1987/1018/2211 1998/1008/2215
f 2000/1012/2209 2001/1011/2208 1994/1013/2205
f 1977/1016/2170 1990/1015/2204 1987/1018/2211
f 2007/1009/2225 2010/1029/2226 2005/1025/2227
f 1987/1018/2211 1990/1015/2204 1998/1008/2215
f 1975/1017/2171 1987/1018/2211 1988/1010/2221
f 2007/1009/2225 2005/1025/2227 1998/1008/2186
f 1990/1015/2204 1999/1019/2206 1998/1008/2215
f 2000/1012/2209 2004/1021/2218 2006/1007/2207
f 2005/1025/2227 2010/1029/2226 2008/1030/2228
f 2005/1025/2227 2008/1030/2228 2002/1031/2229
f 2002/1031/2229 1997/1026/2185 2005/1025/2227
f 1997/1026/2185 1998/1008/2186 2005/1025/2227
f 1995/1032/2230 2004/1021/2218 2000/1012/2209
f 1995/1032/2230 1992/1033/2231 2004/1021/2218
f 1980/1037/2201 1981/1038/2202 1995/1032/2230
f 2000/1012/2209 1989/1028/2212 1995/1032/2230
f 1982/1039/2203 1983/1036/2223 1993/1035/2232
f 363/216/526 2010/1029/2226 2011/1027/2187
f 357/218/547 363/216/526 2011/1027/2187
f 2011/1027/2187 378/241/545 360/242/544
f 361/228/561 2003/1024/2217 332/227/560
f 1997/1026/2185 2002/1031/2229 1978/272/295
f 2008/1030/2228 2010/1029/2226 363/216/526
f 331/269/573 2008/1030/2228 363/216/526
f 331/269/573 2002/1031/2229 2008/1030/2228
f 1978/272/295 2002/1031/2229 331/269/573
f 1992/1033/2231 1993/1035/2232 2003/1024/2217
f 1979/1014/2168 1980/1037/2201 1989/1028/2212
f 1993/1035/2232 1983/1036/2223 1991/1034/2222
f 2003/1024/2217 1993/1035/2232 332/227/560
f 1974/1022/2177 1985/1004/2213 1976/1006/2159
f 1988/1010/2214 1985/1004/2213 1973/1023/2178
f 2009/1020/2216 2006/1007/2207 2004/1021/2218
f 378/241/575 2009/1020/2216 361/228/561
f 1985/1004/2213 1974/1022/2177 1973/1023/2178
f 1995/1032/2230 1981/1038/2202 1992/1033/2231
f 1993/1035/2232 1992/1033/2231 1982/1039/2203
f 1989/1028/2212 1980/1037/2201 1995/1032/2230
f 1981/1038/2202 1982/1039/2203 1992/1033/2231
f 2010/1029/2224 2006/1007/2207 2009/1020/2216
f 2009/1020/2216 2011/1027/2233 2010/1029/2224
f 2004/1021/2218 1992/1033/2231 2003/1024/2217
f 1993/1035/2232 1991/1034/2222 332/227/560
f 2009/1020/2216 378/241/575 2011/1027/2233
